method,rank,query_artist,query_song,query_genre,match_artist,match_song,match_genre,score,hit
raw dot product,1,Michael Jackson,All The Things You Are,blues,Lauryn Hill,Interlude 5,r&b/soul,3570.0,False
raw dot product,2,Michael Jackson,All The Things You Are,blues,Twista,I'm A Winner (Amended Album Version),hip hop,2865.0,False
raw dot product,1,John Mayer,Vultures,blues,Beastie Boys,B-Boy Bouillabaisse: A.W.O.L. (2009 Digital Remaster),hip hop,3132.0,False
raw dot product,2,John Mayer,Vultures,blues,Lauryn Hill,Interlude 5,r&b/soul,3012.0,False
raw dot product,1,John Mayer,Out Of My Mind,blues,Lauryn Hill,Interlude 5,r&b/soul,4597.0,False
raw dot product,2,John Mayer,Out Of My Mind,blues,Beastie Boys,B-Boy Bouillabaisse: A.W.O.L. (2009 Digital Remaster),hip hop,3722.0,False
raw dot product,1,R. Kelly,Hump Bounce,blues,Lauryn Hill,Interlude 5,r&b/soul,5557.0,False
raw dot product,2,R. Kelly,Hump Bounce,blues,Beastie Boys,B-Boy Bouillabaisse: A.W.O.L. (2009 Digital Remaster),hip hop,4567.0,False
raw dot product,1,R. Kelly,Intro - The Sermon,blues,Lauryn Hill,Interlude 5,r&b/soul,6673.0,False
raw dot product,2,R. Kelly,Intro - The Sermon,blues,Beastie Boys,B-Boy Bouillabaisse: A.W.O.L. (2009 Digital Remaster),hip hop,5569.0,False
raw dot product,1,Michael Jackson,Call On Me,blues,Lauryn Hill,Interlude 5,r&b/soul,8789.0,False
raw dot product,2,Michael Jackson,Call On Me,blues,Twista,I'm A Winner (Amended Album Version),hip hop,7434.0,False
raw dot product,1,The Black Keys,Oceans and Streams,blues,Lauryn Hill,Interlude 5,r&b/soul,2328.0,False
raw dot product,2,The Black Keys,Oceans and Streams,blues,Beastie Boys,B-Boy Bouillabaisse: A.W.O.L. (2009 Digital Remaster),hip hop,2215.0,False
raw dot product,1,The Black Keys,10 A.M. Automatic,blues,Lauryn Hill,Interlude 5,r&b/soul,1913.0,False
raw dot product,2,The Black Keys,10 A.M. Automatic,blues,Twista,I'm A Winner (Amended Album Version),hip hop,1790.0,False
raw dot product,1,The Black Keys,Aeroplane Blues,blues,Lauryn Hill,Interlude 5,r&b/soul,1486.0,False
raw dot product,2,The Black Keys,Aeroplane Blues,blues,Beastie Boys,B-Boy Bouillabaisse: A.W.O.L. (2009 Digital Remaster),hip hop,1480.0,False
raw dot product,1,The Black Keys,All Hands Against His Own,blues,Lauryn Hill,Interlude 5,r&b/soul,2681.0,False
raw dot product,2,The Black Keys,All Hands Against His Own,blues,Twista,I'm A Winner (Amended Album Version),hip hop,1936.0,False
raw dot product,1,The Black Keys,Black Door,blues,Kandi,I Wanna Know,r&b/soul,1868.0,False
raw dot product,2,The Black Keys,Black Door,blues,Lauryn Hill,Interlude 5,r&b/soul,1536.0,False
raw dot product,1,The Black Keys,Busted,blues,Lauryn Hill,Interlude 5,r&b/soul,8737.0,False
raw dot product,2,The Black Keys,Busted,blues,Twista,I'm A Winner (Amended Album Version),hip hop,8094.0,False
raw dot product,1,The Black Keys,Give Your Heart Away,blues,Lauryn Hill,Interlude 5,r&b/soul,1215.0,False
raw dot product,2,The Black Keys,Give Your Heart Away,blues,Michael Jackson,Man In The Mirror,pop,1196.0,False
raw dot product,1,The Black Keys,Grown So Ugly,blues,Lauryn Hill,Interlude 5,r&b/soul,1853.0,False
raw dot product,2,The Black Keys,Grown So Ugly,blues,Beastie Boys,B-Boy Bouillabaisse: A.W.O.L. (2009 Digital Remaster),hip hop,1496.0,False
raw dot product,1,The Black Keys,Hard Row,blues,Lauryn Hill,Interlude 5,r&b/soul,2371.0,False
raw dot product,2,The Black Keys,Hard Row,blues,Twista,I'm A Winner (Amended Album Version),hip hop,2137.0,False
raw dot product,1,The Black Keys,I Got Mine,blues,Mario Vazquez,Everytime I...,r&b/soul,2429.0,False
raw dot product,2,The Black Keys,I Got Mine,blues,Eminem,8 Mile,hip hop,2295.0,False
raw dot product,1,The Black Keys,If You See Me,blues,Twista,I'm A Winner (Amended Album Version),hip hop,2415.0,False
raw dot product,2,The Black Keys,If You See Me,blues,Lauryn Hill,Interlude 5,r&b/soul,2268.0,False
raw dot product,1,The Black Keys,Lies,blues,Lauryn Hill,Interlude 5,r&b/soul,1825.0,False
raw dot product,2,The Black Keys,Lies,blues,Beastie Boys,B-Boy Bouillabaisse: A.W.O.L. (2009 Digital Remaster),hip hop,1532.0,False
raw dot product,1,The Black Keys,Next Girl,blues,Beastie Boys,B-Boy Bouillabaisse: A.W.O.L. (2009 Digital Remaster),hip hop,2459.0,False
raw dot product,2,The Black Keys,Next Girl,blues,Calvin Harris,The Girls,electronic,2248.0,False
raw dot product,1,The Black Keys,No Fun,blues,Enrique Iglesias,Miss You,latin,1584.0,False
raw dot product,2,The Black Keys,No Fun,blues,Tracey Ullman,Breakaway,pop,1418.0,False
raw dot product,1,The Black Keys,Stack Shot Billy,blues,Lauryn Hill,Interlude 5,r&b/soul,655.0,False
raw dot product,2,The Black Keys,Stack Shot Billy,blues,Beastie Boys,B-Boy Bouillabaisse: A.W.O.L. (2009 Digital Remaster),hip hop,542.0,False
raw dot product,1,The Black Keys,Ten Cent Pistol,blues,The Corrs,Queen Of Hollywood ( LP Version ),pop,902.0,False
raw dot product,2,The Black Keys,Ten Cent Pistol,blues,Twiztid,She Ain't Afraid,hip hop,889.0,False
raw dot product,1,The Black Keys,The Flame,blues,Lauryn Hill,Interlude 5,r&b/soul,2219.0,False
raw dot product,2,The Black Keys,The Flame,blues,Twista,I'm A Winner (Amended Album Version),hip hop,1494.0,False
raw dot product,1,The Black Keys,These Days,blues,Lauryn Hill,Interlude 5,r&b/soul,2558.0,False
raw dot product,2,The Black Keys,These Days,blues,Beastie Boys,B-Boy Bouillabaisse: A.W.O.L. (2009 Digital Remaster),hip hop,2148.0,False
raw dot product,1,The Black Keys,When The Lights Go Out,blues,Lauryn Hill,Interlude 5,r&b/soul,2209.0,False
raw dot product,2,The Black Keys,When The Lights Go Out,blues,Twista,I'm A Winner (Amended Album Version),hip hop,1781.0,False
raw dot product,1,The Black Keys,Have Love Will Travel,blues,Erykah Badu,I Want You,r&b/soul,2215.0,False
raw dot product,2,The Black Keys,Have Love Will Travel,blues,Lauryn Hill,Interlude 5,r&b/soul,2205.0,False
raw dot product,1,Ray Charles,C.C. Rider,blues,Lauryn Hill,Interlude 5,r&b/soul,7547.0,False
raw dot product,2,Ray Charles,C.C. Rider,blues,Twista,I'm A Winner (Amended Album Version),hip hop,6158.0,False
raw dot product,1,Ray Charles,I Got a Woman,blues,Beastie Boys,B-Boy Bouillabaisse: A.W.O.L. (2009 Digital Remaster),hip hop,2251.0,False
raw dot product,2,Ray Charles,I Got a Woman,blues,Lauryn Hill,Interlude 5,r&b/soul,2160.0,False
raw dot product,1,Ray Charles,The Sun's Gonna Shine Again,blues,Lauryn Hill,Interlude 5,r&b/soul,2103.0,False
raw dot product,2,Ray Charles,The Sun's Gonna Shine Again,blues,Beastie Boys,B-Boy Bouillabaisse: A.W.O.L. (2009 Digital Remaster),hip hop,1440.0,False
raw dot product,1,Ray Charles,Losing Hand,blues,Lauryn Hill,Interlude 5,r&b/soul,3227.0,False
raw dot product,2,Ray Charles,Losing Hand,blues,Twista,I'm A Winner (Amended Album Version),hip hop,2963.0,False
raw dot product,1,Blake Shelton,Nobody But Me (Album Version),blues,Lauryn Hill,Interlude 5,r&b/soul,4601.0,False
raw dot product,2,Blake Shelton,Nobody But Me (Album Version),blues,Twista,I'm A Winner (Amended Album Version),hip hop,3701.0,False
raw dot product,1,Etta James,A Sunday Kind of Love,blues,Lauryn Hill,Interlude 5,r&b/soul,2268.0,False
raw dot product,2,Etta James,A Sunday Kind of Love,blues,Beastie Boys,B-Boy Bouillabaisse: A.W.O.L. (2009 Digital Remaster),hip hop,2092.0,False
raw dot product,1,Etta James,I Just Want To Make Love To You,blues,Lauryn Hill,Interlude 5,r&b/soul,7889.0,False
raw dot product,2,Etta James,I Just Want To Make Love To You,blues,Twista,I'm A Winner (Amended Album Version),hip hop,7104.0,False
raw dot product,1,Etta James,My Dearest Darling,blues,Lauryn Hill,Interlude 5,r&b/soul,1609.0,False
raw dot product,2,Etta James,My Dearest Darling,blues,Twista,I'm A Winner (Amended Album Version),hip hop,1603.0,False
raw dot product,1,Etta James,W.O.M.A.N.,blues,Lauryn Hill,Interlude 5,r&b/soul,2237.0,False
raw dot product,2,Etta James,W.O.M.A.N.,blues,Electrelane,Cut And Run,punk,1879.0,False
raw dot product,1,Eric Clapton,Alberta,blues,Lauryn Hill,Interlude 5,r&b/soul,1647.0,False
raw dot product,2,Eric Clapton,Alberta,blues,Twista,I'm A Winner (Amended Album Version),hip hop,1532.0,False
raw dot product,1,Eric Clapton,Before You Accuse Me (Take A Look At Yourself),blues,Lauryn Hill,Interlude 5,r&b/soul,1431.0,False
raw dot product,2,Eric Clapton,Before You Accuse Me (Take A Look At Yourself),blues,Eminem,My Darling,hip hop,1312.0,False
raw dot product,1,Eric Clapton,Early In The Morning,blues,Lauryn Hill,Interlude 5,r&b/soul,2719.0,False
raw dot product,2,Eric Clapton,Early In The Morning,blues,Beastie Boys,B-Boy Bouillabaisse: A.W.O.L. (2009 Digital Remaster),hip hop,2110.0,False
raw dot product,1,Eric Clapton,Floating Bridge,blues,Lauryn Hill,Interlude 5,r&b/soul,2423.0,False
raw dot product,2,Eric Clapton,Floating Bridge,blues,Beastie Boys,B-Boy Bouillabaisse: A.W.O.L. (2009 Digital Remaster),hip hop,2285.0,False
raw dot product,1,Eric Clapton,Kind Hearted Woman Blues (Album Version),blues,Lauryn Hill,Interlude 5,r&b/soul,1804.0,False
raw dot product,2,Eric Clapton,Kind Hearted Woman Blues (Album Version),blues,Beastie Boys,B-Boy Bouillabaisse: A.W.O.L. (2009 Digital Remaster),hip hop,1711.0,False
raw dot product,1,Michael Bublé,That's All (Album Version),classical,Lauryn Hill,Interlude 5,r&b/soul,4289.0,False
raw dot product,2,Michael Bublé,That's All (Album Version),classical,Twista,I'm A Winner (Amended Album Version),hip hop,2974.0,False
raw dot product,1,Josh Groban,America (Revised Live Version),classical,Lauryn Hill,Interlude 5,r&b/soul,2325.0,False
raw dot product,2,Josh Groban,America (Revised Live Version),classical,Beastie Boys,B-Boy Bouillabaisse: A.W.O.L. (2009 Digital Remaster),hip hop,2240.0,False
raw dot product,1,Josh Groban,Broken Vow (Album Version),classical,Lauryn Hill,Interlude 5,r&b/soul,4866.0,False
raw dot product,2,Josh Groban,Broken Vow (Album Version),classical,Twista,I'm A Winner (Amended Album Version),hip hop,4115.0,False
raw dot product,1,Josh Groban,Gira Con Me Questa Notte (Album Version),classical,Abba,Move On,pop,1407.0,False
raw dot product,2,Josh Groban,Gira Con Me Questa Notte (Album Version),classical,Horace Andy,Horse With No Name,reggae,1321.0,False
raw dot product,1,Josh Groban,Hymne A L'Amour (Album Version),classical,Tryo,Yakamonéyé,reggae,923.0,False
raw dot product,2,Josh Groban,Hymne A L'Amour (Album Version),classical,Fonky Family,L'Amour Du Risque,hip hop,917.0,False
raw dot product,1,Josh Groban,It Came Upon A Midnight Clear (Album Version),classical,The Streets,Weak Become Heroes,hip hop,1169.0,False
raw dot product,2,Josh Groban,It Came Upon A Midnight Clear (Album Version),classical,Travis,Sing,pop,949.0,False
raw dot product,1,Josh Groban,Let Me Fall (From Cirque du Soleil) (Album Version),classical,Lauryn Hill,Interlude 5,r&b/soul,2200.0,False
raw dot product,2,Josh Groban,Let Me Fall (From Cirque du Soleil) (Album Version),classical,Eminem,8 Mile,hip hop,2187.0,False
raw dot product,1,Josh Groban,Mi Mancherai (Il Postino) (Revised Live Version),classical,Shaggy,Luv Me Up,reggae,663.0,False
raw dot product,2,Josh Groban,Mi Mancherai (Il Postino) (Revised Live Version),classical,Fabrizio De Andrè,Sinan Capudan Pascià,folk,500.0,False
raw dot product,1,Josh Groban,My Confession (Album Version),classical,Beastie Boys,B-Boy Bouillabaisse: A.W.O.L. (2009 Digital Remaster),hip hop,3830.0,False
raw dot product,2,Josh Groban,My Confession (Album Version),classical,Eminem,8 Mile,hip hop,3532.0,False
raw dot product,1,Josh Groban,Oceano (Revised Live Version),classical,Flaminio Maphia,Quelli Che,hip hop,765.0,False
raw dot product,2,Josh Groban,Oceano (Revised Live Version),classical,Fabrizio De Andrè,Sinan Capudan Pascià,folk,631.0,False
raw dot product,1,Josh Groban,Remember When It Rained (Album Version),classical,Lauryn Hill,Interlude 5,r&b/soul,1644.0,False
raw dot product,2,Josh Groban,Remember When It Rained (Album Version),classical,Michael Jackson,Man In The Mirror,pop,1486.0,False
raw dot product,1,Josh Groban,Remember When It Rained (Revised Live Version),classical,Lauryn Hill,Interlude 5,r&b/soul,1644.0,False
raw dot product,2,Josh Groban,Remember When It Rained (Revised Live Version),classical,Michael Jackson,Man In The Mirror,pop,1486.0,False
raw dot product,1,Josh Groban,Smile,classical,Lauryn Hill,Interlude 5,r&b/soul,2716.0,False
raw dot product,2,Josh Groban,Smile,classical,Twista,I'm A Winner (Amended Album Version),hip hop,2258.0,False
raw dot product,1,Josh Groban,Solo Por Ti (Album Version),classical,Abba,Move On,pop,1405.0,False
raw dot product,2,Josh Groban,Solo Por Ti (Album Version),classical,Horace Andy,Horse With No Name,reggae,1331.0,False
raw dot product,1,Josh Groban,Un Giorno Per Noi (Album Version),classical,The Pharcyde,Otha Fish,hip hop,378.0,False
raw dot product,2,Josh Groban,Un Giorno Per Noi (Album Version),classical,Abba,Move On,pop,373.0,False
raw dot product,1,Josh Groban,Vincent (Starry_ Starry Night) (Album Version),classical,Lauryn Hill,Interlude 5,r&b/soul,4657.0,False
raw dot product,2,Josh Groban,Vincent (Starry_ Starry Night) (Album Version),classical,Beastie Boys,B-Boy Bouillabaisse: A.W.O.L. (2009 Digital Remaster),hip hop,2949.0,False
raw dot product,1,Josh Groban,When You Say You Love Me (Album Version),classical,Lauryn Hill,Interlude 5,r&b/soul,7162.0,False
raw dot product,2,Josh Groban,When You Say You Love Me (Album Version),classical,Twista,I'm A Winner (Amended Album Version),hip hop,6206.0,False
raw dot product,1,Josh Groban,You Raise Me Up (Album Version),classical,Lauryn Hill,Interlude 5,r&b/soul,4545.0,False
raw dot product,2,Josh Groban,You Raise Me Up (Album Version),classical,Twista,I'm A Winner (Amended Album Version),hip hop,4530.0,False
raw dot product,1,Josh Groban,Believe (Album Version),classical,Lauryn Hill,Interlude 5,r&b/soul,2718.0,False
raw dot product,2,Josh Groban,Believe (Album Version),classical,Twista,I'm A Winner (Amended Album Version),hip hop,2074.0,False
raw dot product,1,Johnny Cash,Away In A Manger,classical,Lauryn Hill,Interlude 5,r&b/soul,824.0,False
raw dot product,2,Johnny Cash,Away In A Manger,classical,Beastie Boys,B-Boy Bouillabaisse: A.W.O.L. (2009 Digital Remaster),hip hop,787.0,False
raw dot product,1,Josh Groban,Cinema Paradiso (Se) (Album Version),classical,Gemelli Diversi,Istruzioni Per L'(Ill)uso,hip hop,311.0,False
raw dot product,2,Josh Groban,Cinema Paradiso (Se) (Album Version),classical,Flaminio Maphia,Quelli Che,hip hop,305.0,False
raw dot product,1,David Crowder*Band,All Around Me,classical,Lauryn Hill,Interlude 5,r&b/soul,5833.0,False
raw dot product,2,David Crowder*Band,All Around Me,classical,Twista,I'm A Winner (Amended Album Version),hip hop,5385.0,False
raw dot product,1,The Game,Black Opera,classical,Lauryn Hill,Interlude 5,r&b/soul,15262.0,False
raw dot product,2,The Game,Black Opera,classical,Twista,I'm A Winner (Amended Album Version),hip hop,14936.0,False
raw dot product,1,David Bowie,Baal's Hymn,classical,Lauryn Hill,Interlude 5,r&b/soul,2626.0,False
raw dot product,2,David Bowie,Baal's Hymn,classical,Beastie Boys,B-Boy Bouillabaisse: A.W.O.L. (2009 Digital Remaster),hip hop,2184.0,False
raw dot product,1,Il Divo,Adagio,classical,Gemelli Diversi,Istruzioni Per L'(Ill)uso,hip hop,545.0,False
raw dot product,2,Il Divo,Adagio,classical,Flaminio Maphia,Quelli Che,hip hop,487.0,False
raw dot product,1,Il Divo,Adeste Fideles,classical,Vanilla Ice,It's A Party,hip hop,666.0,False
raw dot product,2,Il Divo,Adeste Fideles,classical,Black Eyed Peas,Tell Your Momma Come,hip hop,391.0,False
raw dot product,1,Il Divo,All By Myself (Solo Otra Vez),classical,Los Van Van,El Negro Está Cocinando,latin,666.0,False
raw dot product,2,Il Divo,All By Myself (Solo Otra Vez),classical,Willie Colon,Gitana,latin,657.0,False
raw dot product,1,Il Divo,Amazing Grace,classical,Lauryn Hill,Interlude 5,r&b/soul,2069.0,False
raw dot product,2,Il Divo,Amazing Grace,classical,Beastie Boys,B-Boy Bouillabaisse: A.W.O.L. (2009 Digital Remaster),hip hop,1701.0,False
raw dot product,1,Il Divo,Angelina,classical,Violadores del Verso,Dale tiempo al rumor,hip hop,1313.0,False
raw dot product,2,Il Divo,Angelina,classical,Violadores del Verso,Cantando,hip hop,1097.0,False
raw dot product,1,Il Divo,Ave Maria,classical,Abba,Move On,pop,468.0,False
raw dot product,2,Il Divo,Ave Maria,classical,Horace Andy,Horse With No Name,reggae,434.0,False
raw dot product,1,Il Divo,Caruso,classical,Gemelli Diversi,Istruzioni Per L'(Ill)uso,hip hop,690.0,False
raw dot product,2,Il Divo,Caruso,classical,Fabrizio De Andrè,Sinan Capudan Pascià,folk,518.0,False
raw dot product,1,Il Divo,Come Primavera,classical,Abba,Move On,pop,1560.0,False
raw dot product,2,Il Divo,Come Primavera,classical,Horace Andy,Horse With No Name,reggae,1442.0,False
raw dot product,1,Il Divo,Dentro Un Altro Si,classical,Flaminio Maphia,Quelli Che,hip hop,353.0,False
raw dot product,2,Il Divo,Dentro Un Altro Si,classical,Gemelli Diversi,Istruzioni Per L'(Ill)uso,hip hop,344.0,False
raw dot product,1,Il Divo,En Aranjuez Con Tu Amor,classical,Violadores del Verso,Dale tiempo al rumor,hip hop,1672.0,False
raw dot product,2,Il Divo,En Aranjuez Con Tu Amor,classical,Violadores del Verso,Cantando,hip hop,1408.0,False
raw dot product,1,Il Divo,Enamorado,classical,Violadores del Verso,Dale tiempo al rumor,hip hop,563.0,False
raw dot product,2,Il Divo,Enamorado,classical,Johnny Prez,Te Vuelvo Loca,reggae,560.0,False
raw dot product,1,Il Divo,Esisti Dentro Me,classical,Elvis Crespo,Tu Sonrisa,latin,541.0,False
raw dot product,2,Il Divo,Esisti Dentro Me,classical,Daddy Yankee,Como Y Vete,reggae,456.0,False
raw dot product,1,Il Divo,Everytime I Look At You,classical,Lauryn Hill,Interlude 5,r&b/soul,4220.0,False
raw dot product,2,Il Divo,Everytime I Look At You,classical,Beastie Boys,B-Boy Bouillabaisse: A.W.O.L. (2009 Digital Remaster),hip hop,3609.0,False
raw dot product,1,Il Divo,Feelings,classical,Dean Martin,I've Grown Accustomed To Her Face,jazz,806.0,False
raw dot product,2,Il Divo,Feelings,classical,Us3,Can U Feel It?,jazz,617.0,False
raw dot product,1,Il Divo,Hallelujah (Aleluya),classical,Violadores del Verso,Dale tiempo al rumor,hip hop,1339.0,False
raw dot product,2,Il Divo,Hallelujah (Aleluya),classical,Violadores del Verso,Cantando,hip hop,1195.0,False
raw dot product,1,Il Divo,Hasta Mi Final,classical,Violadores del Verso,Dale tiempo al rumor,hip hop,637.0,False
raw dot product,2,Il Divo,Hasta Mi Final,classical,Johnny Prez,Te Vuelvo Loca,reggae,496.0,False
raw dot product,1,Taylor Swift,Crazier,country,Lauryn Hill,Interlude 5,r&b/soul,5210.0,False
raw dot product,2,Taylor Swift,Crazier,country,Twista,I'm A Winner (Amended Album Version),hip hop,4547.0,False
raw dot product,1,Taylor Swift,Fifteen,country,Lauryn Hill,Interlude 5,r&b/soul,9661.0,False
raw dot product,2,Taylor Swift,Fifteen,country,Twista,I'm A Winner (Amended Album Version),hip hop,7351.0,False
raw dot product,1,Taylor Swift,Change,country,Lauryn Hill,Interlude 5,r&b/soul,4066.0,False
raw dot product,2,Taylor Swift,Change,country,Vanilla Ice,Ice Is Workin' It,hip hop,2498.0,False
raw dot product,1,Toby Keith,You Can't Read My Mind,country,Lauryn Hill,Interlude 5,r&b/soul,5014.0,False
raw dot product,2,Toby Keith,You Can't Read My Mind,country,Beastie Boys,B-Boy Bouillabaisse: A.W.O.L. (2009 Digital Remaster),hip hop,3924.0,False
raw dot product,1,Johnny Cash,Man In White,country,Lauryn Hill,Interlude 5,r&b/soul,6988.0,False
raw dot product,2,Johnny Cash,Man In White,country,Beastie Boys,B-Boy Bouillabaisse: A.W.O.L. (2009 Digital Remaster),hip hop,6505.0,False
raw dot product,1,Rascal Flatts,Holes,country,Lauryn Hill,Interlude 5,r&b/soul,4084.0,False
raw dot product,2,Rascal Flatts,Holes,country,Beastie Boys,B-Boy Bouillabaisse: A.W.O.L. (2009 Digital Remaster),hip hop,3243.0,False
raw dot product,1,Sugarland,Baby Girl,country,Lauryn Hill,Interlude 5,r&b/soul,5955.0,False
raw dot product,2,Sugarland,Baby Girl,country,Beastie Boys,B-Boy Bouillabaisse: A.W.O.L. (2009 Digital Remaster),hip hop,5550.0,False
raw dot product,1,Billy Currington,Growin' Up Down There,country,Lauryn Hill,Interlude 5,r&b/soul,2515.0,False
raw dot product,2,Billy Currington,Growin' Up Down There,country,Beastie Boys,B-Boy Bouillabaisse: A.W.O.L. (2009 Digital Remaster),hip hop,2423.0,False
raw dot product,1,Billy Currington,Hangin' Around,country,Lauryn Hill,Interlude 5,r&b/soul,5022.0,False
raw dot product,2,Billy Currington,Hangin' Around,country,Twista,I'm A Winner (Amended Album Version),hip hop,4542.0,False
raw dot product,1,Billy Currington,Here I Am,country,Lauryn Hill,Interlude 5,r&b/soul,3109.0,False
raw dot product,2,Billy Currington,Here I Am,country,Beastie Boys,B-Boy Bouillabaisse: A.W.O.L. (2009 Digital Remaster),hip hop,2835.0,False
raw dot product,1,Billy Currington,She's Got A Way With Me,country,Lauryn Hill,Interlude 5,r&b/soul,2809.0,False
raw dot product,2,Billy Currington,She's Got A Way With Me,country,Beastie Boys,B-Boy Bouillabaisse: A.W.O.L. (2009 Digital Remaster),hip hop,2606.0,False
raw dot product,1,Billy Currington,That's How Country Boys Roll,country,Lauryn Hill,Interlude 5,r&b/soul,3190.0,False
raw dot product,2,Billy Currington,That's How Country Boys Roll,country,Michael Jackson,Man In The Mirror,pop,2087.0,False
raw dot product,1,Billy Currington,Where The Girls Are,country,Lauryn Hill,Interlude 5,r&b/soul,3566.0,False
raw dot product,2,Billy Currington,Where The Girls Are,country,Beastie Boys,B-Boy Bouillabaisse: A.W.O.L. (2009 Digital Remaster),hip hop,2353.0,False
raw dot product,1,Johnny Cash,Daddy Sang Bass,country,Lauryn Hill,Interlude 5,r&b/soul,2915.0,False
raw dot product,2,Johnny Cash,Daddy Sang Bass,country,Beastie Boys,B-Boy Bouillabaisse: A.W.O.L. (2009 Digital Remaster),hip hop,2559.0,False
raw dot product,1,Johnny Cash,I Don't Know Where I'm Bound,country,Beastie Boys,B-Boy Bouillabaisse: A.W.O.L. (2009 Digital Remaster),hip hop,4199.0,False
raw dot product,2,Johnny Cash,I Don't Know Where I'm Bound,country,Eminem,8 Mile,hip hop,4173.0,False
raw dot product,1,Johnny Cash,I Was There When It Happened,country,Lauryn Hill,Interlude 5,r&b/soul,4157.0,False
raw dot product,2,Johnny Cash,I Was There When It Happened,country,Beastie Boys,B-Boy Bouillabaisse: A.W.O.L. (2009 Digital Remaster),hip hop,3696.0,False
raw dot product,1,Johnny Cash,The Big Battle,country,Lauryn Hill,Interlude 5,r&b/soul,3952.0,False
raw dot product,2,Johnny Cash,The Big Battle,country,Beastie Boys,B-Boy Bouillabaisse: A.W.O.L. (2009 Digital Remaster),hip hop,3028.0,False
raw dot product,1,Johnny Cash,A Thing Called Love,country,Lauryn Hill,Interlude 5,r&b/soul,2983.0,False
raw dot product,2,Johnny Cash,A Thing Called Love,country,Michael Jackson,Man In The Mirror,pop,2310.0,False
raw dot product,1,Johnny Cash,You Dreamer You,country,Lauryn Hill,Interlude 5,r&b/soul,4434.0,False
raw dot product,2,Johnny Cash,You Dreamer You,country,Twista,I'm A Winner (Amended Album Version),hip hop,3783.0,False
raw dot product,1,Johnny Cash,I Walk The Line,country,Lauryn Hill,Interlude 5,r&b/soul,3771.0,False
raw dot product,2,Johnny Cash,I Walk The Line,country,Twista,I'm A Winner (Amended Album Version),hip hop,3353.0,False
raw dot product,1,Johnny Cash,Life's Railway To Heaven,country,Lauryn Hill,Interlude 5,r&b/soul,629.0,False
raw dot product,2,Johnny Cash,Life's Railway To Heaven,country,Michael Jackson,Man In The Mirror,pop,486.0,False
raw dot product,1,Darius Rucker,If I Had Wings,country,Beastie Boys,B-Boy Bouillabaisse: A.W.O.L. (2009 Digital Remaster),hip hop,3022.0,False
raw dot product,2,Darius Rucker,If I Had Wings,country,Lauryn Hill,Interlude 5,r&b/soul,3006.0,False
raw dot product,1,Luke Bryan,Pray About Everything,country,Mindless Self Indulgence,Never Wanted to Dance,punk,2125.0,False
raw dot product,2,Luke Bryan,Pray About Everything,country,Lauryn Hill,Interlude 5,r&b/soul,2120.0,False
raw dot product,1,Keith Urban,Your Everything,country,Lauryn Hill,Interlude 5,r&b/soul,6064.0,False
raw dot product,2,Keith Urban,Your Everything,country,Beastie Boys,B-Boy Bouillabaisse: A.W.O.L. (2009 Digital Remaster),hip hop,4590.0,False
raw dot product,1,Toby Keith,A Little Too Late,country,Lauryn Hill,Interlude 5,r&b/soul,2668.0,False
raw dot product,2,Toby Keith,A Little Too Late,country,Michael Jackson,Man In The Mirror,pop,1994.0,False
raw dot product,1,Toby Keith,Who's Your Daddy?,country,Lauryn Hill,Interlude 5,r&b/soul,3735.0,False
raw dot product,2,Toby Keith,Who's Your Daddy?,country,Twista,I'm A Winner (Amended Album Version),hip hop,3243.0,False
raw dot product,1,Toby Keith,A Woman's Touch,country,Lauryn Hill,Interlude 5,r&b/soul,1783.0,False
raw dot product,2,Toby Keith,A Woman's Touch,country,Beastie Boys,B-Boy Bouillabaisse: A.W.O.L. (2009 Digital Remaster),hip hop,1706.0,False
raw dot product,1,Toby Keith,Big Ol' Truck,country,Beastie Boys,B-Boy Bouillabaisse: A.W.O.L. (2009 Digital Remaster),hip hop,3201.0,False
raw dot product,2,Toby Keith,Big Ol' Truck,country,Lauryn Hill,Interlude 5,r&b/soul,3016.0,False
raw dot product,1,Toby Keith,Blue Bedroom,country,Lauryn Hill,Interlude 5,r&b/soul,4244.0,False
raw dot product,2,Toby Keith,Blue Bedroom,country,Twista,I'm A Winner (Amended Album Version),hip hop,3642.0,False
raw dot product,1,Toby Keith,It's All Good,country,Lauryn Hill,Interlude 5,r&b/soul,3697.0,False
raw dot product,2,Toby Keith,It's All Good,country,Beastie Boys,B-Boy Bouillabaisse: A.W.O.L. (2009 Digital Remaster),hip hop,3044.0,False
raw dot product,1,Toby Keith,Sweet,country,Lauryn Hill,Interlude 5,r&b/soul,6004.0,False
raw dot product,2,Toby Keith,Sweet,country,Beastie Boys,B-Boy Bouillabaisse: A.W.O.L. (2009 Digital Remaster),hip hop,5723.0,False
raw dot product,1,Toby Keith,You Shouldn't Kiss Me Like This,country,Lauryn Hill,Interlude 5,r&b/soul,5745.0,False
raw dot product,2,Toby Keith,You Shouldn't Kiss Me Like This,country,Twista,I'm A Winner (Amended Album Version),hip hop,4144.0,False
raw dot product,1,Sara Evans,A Real Fine Place To Start,country,Lauryn Hill,Interlude 5,r&b/soul,3085.0,False
raw dot product,2,Sara Evans,A Real Fine Place To Start,country,Twista,I'm A Winner (Amended Album Version),hip hop,2497.0,False
raw dot product,1,Kenny Rogers,Endless love,country,Lauryn Hill,Interlude 5,r&b/soul,4698.0,False
raw dot product,2,Kenny Rogers,Endless love,country,Twista,I'm A Winner (Amended Album Version),hip hop,3862.0,False
raw dot product,1,Blake Shelton,Love Gets In The Way (Album Version),country,Lauryn Hill,Interlude 5,r&b/soul,3847.0,False
raw dot product,2,Blake Shelton,Love Gets In The Way (Album Version),country,Beastie Boys,B-Boy Bouillabaisse: A.W.O.L. (2009 Digital Remaster),hip hop,3846.0,False
raw dot product,1,George Strait,I'd Like To Have That One Back,country,Lauryn Hill,Interlude 5,r&b/soul,3479.0,False
raw dot product,2,George Strait,I'd Like To Have That One Back,country,Beastie Boys,B-Boy Bouillabaisse: A.W.O.L. (2009 Digital Remaster),hip hop,3393.0,False
raw dot product,1,George Strait,Marina Del Rey,country,Lauryn Hill,Interlude 5,r&b/soul,2010.0,False
raw dot product,2,George Strait,Marina Del Rey,country,Beastie Boys,B-Boy Bouillabaisse: A.W.O.L. (2009 Digital Remaster),hip hop,1690.0,False
raw dot product,1,George Strait,Milk Cow Blues,country,Lauryn Hill,Interlude 5,r&b/soul,4422.0,False
raw dot product,2,George Strait,Milk Cow Blues,country,Twista,I'm A Winner (Amended Album Version),hip hop,3751.0,False
raw dot product,1,Josh Turner,Another Try,country,Beastie Boys,B-Boy Bouillabaisse: A.W.O.L. (2009 Digital Remaster),hip hop,2793.0,False
raw dot product,2,Josh Turner,Another Try,country,Eminem,8 Mile,hip hop,2726.0,False
raw dot product,1,Josh Turner,As Fast As I Could,country,Lauryn Hill,Interlude 5,r&b/soul,4904.0,False
raw dot product,2,Josh Turner,As Fast As I Could,country,Beastie Boys,B-Boy Bouillabaisse: A.W.O.L. (2009 Digital Remaster),hip hop,4482.0,False
raw dot product,1,Daft Punk,One More Time / Aerodynamic,electronic,Lauryn Hill,Interlude 5,r&b/soul,886.0,False
raw dot product,2,Daft Punk,One More Time / Aerodynamic,electronic,Danity Kane,Hold Me Down (Album Version),r&b/soul,685.0,False
raw dot product,1,Daft Punk,One More Time (Romanthony's Unplugged),electronic,Lauryn Hill,Interlude 5,r&b/soul,3417.0,False
raw dot product,2,Daft Punk,One More Time (Romanthony's Unplugged),electronic,Twista,I'm A Winner (Amended Album Version),hip hop,2264.0,False
raw dot product,1,Daft Punk,Touch It / Technologic,electronic,Vanilla Ice,Ice Is Workin' It,hip hop,17762.0,False
raw dot product,2,Daft Punk,Touch It / Technologic,electronic,Charley Patton,Shake It And Break It,blues,12393.0,False
raw dot product,1,Ke$ha,Boots &  Boys,electronic,Lauryn Hill,Interlude 5,r&b/soul,7159.0,False
raw dot product,2,Ke$ha,Boots &  Boys,electronic,Beastie Boys,B-Boy Bouillabaisse: A.W.O.L. (2009 Digital Remaster),hip hop,5610.0,False
raw dot product,1,Ke$ha,Animal,electronic,Lauryn Hill,Interlude 5,r&b/soul,2855.0,False
raw dot product,2,Ke$ha,Animal,electronic,Beastie Boys,B-Boy Bouillabaisse: A.W.O.L. (2009 Digital Remaster),hip hop,2445.0,False
raw dot product,1,Katy Perry,Hot N Cold (Innerpartysystem Main),electronic,Lauryn Hill,Interlude 5,r&b/soul,12488.0,False
raw dot product,2,Katy Perry,Hot N Cold (Innerpartysystem Main),electronic,Twista,I'm A Winner (Amended Album Version),hip hop,10641.0,False
raw dot product,1,Owl City,Captains and Cruise Ships,electronic,Lauryn Hill,Interlude 5,r&b/soul,4515.0,False
raw dot product,2,Owl City,Captains and Cruise Ships,electronic,Twista,I'm A Winner (Amended Album Version),hip hop,3927.0,False
raw dot product,1,Owl City,Designer Skyline,electronic,Lauryn Hill,Interlude 5,r&b/soul,1541.0,False
raw dot product,2,Owl City,Designer Skyline,electronic,Beastie Boys,B-Boy Bouillabaisse: A.W.O.L. (2009 Digital Remaster),hip hop,1175.0,False
raw dot product,1,Owl City,Early Birdie,electronic,Lauryn Hill,Interlude 5,r&b/soul,1648.0,False
raw dot product,2,Owl City,Early Birdie,electronic,Beastie Boys,B-Boy Bouillabaisse: A.W.O.L. (2009 Digital Remaster),hip hop,1532.0,False
raw dot product,1,Owl City,Meteor Shower,electronic,Lauryn Hill,Interlude 5,r&b/soul,1163.0,False
raw dot product,2,Owl City,Meteor Shower,electronic,Beastie Boys,B-Boy Bouillabaisse: A.W.O.L. (2009 Digital Remaster),hip hop,1160.0,False
raw dot product,1,Owl City,This Is The Future,electronic,Lauryn Hill,Interlude 5,r&b/soul,1856.0,False
raw dot product,2,Owl City,This Is The Future,electronic,Eminem,My Darling,hip hop,1367.0,False
raw dot product,1,30 Seconds To Mars,Kings and Queens (Innerpartysystem Remix Main),electronic,Lauryn Hill,Interlude 5,r&b/soul,2013.0,False
raw dot product,2,30 Seconds To Mars,Kings and Queens (Innerpartysystem Remix Main),electronic,Ja Rule,One of Us,hip hop,1452.0,False
raw dot product,1,LMFAO,Bounce,electronic,Lauryn Hill,Interlude 5,r&b/soul,5836.0,False
raw dot product,2,LMFAO,Bounce,electronic,Beastie Boys,B-Boy Bouillabaisse: A.W.O.L. (2009 Digital Remaster),hip hop,5283.0,False
raw dot product,1,Crystal Castles,Vanished,electronic,Lauryn Hill,Interlude 5,r&b/soul,3888.0,False
raw dot product,2,Crystal Castles,Vanished,electronic,Beastie Boys,B-Boy Bouillabaisse: A.W.O.L. (2009 Digital Remaster),hip hop,3138.0,False
raw dot product,1,Crystal Castles,Xxzxcuzx,electronic,Lauryn Hill,Interlude 5,r&b/soul,1470.0,False
raw dot product,2,Crystal Castles,Xxzxcuzx,electronic,Beastie Boys,B-Boy Bouillabaisse: A.W.O.L. (2009 Digital Remaster),hip hop,850.0,False
raw dot product,1,Madonna,Die Another Day [Live],electronic,Mario Vazquez,Everytime I...,r&b/soul,6749.0,False
raw dot product,2,Madonna,Die Another Day [Live],electronic,Eminem,8 Mile,hip hop,6677.0,False
raw dot product,1,The Smashing Pumpkins,Perfect (Nellee Hooper Instrumental),electronic,Lauryn Hill,Interlude 5,r&b/soul,2808.0,False
raw dot product,2,The Smashing Pumpkins,Perfect (Nellee Hooper Instrumental),electronic,Twista,I'm A Winner (Amended Album Version),hip hop,1708.0,False
raw dot product,1,Kylie Minogue,Love At First Sight (The Scumfrog's Beauty And The Beast Vocal Edit),electronic,Lauryn Hill,Interlude 5,r&b/soul,4574.0,False
raw dot product,2,Kylie Minogue,Love At First Sight (The Scumfrog's Beauty And The Beast Vocal Edit),electronic,Twista,I'm A Winner (Amended Album Version),hip hop,3212.0,False
raw dot product,1,LMFAO,I Am Not A Whore,electronic,Eminem,8 Mile,hip hop,5184.0,False
raw dot product,2,LMFAO,I Am Not A Whore,electronic,Rufio,Over It (Acoustic),punk,4802.0,False
raw dot product,1,Cascada,Fever,electronic,Daft Punk,Touch It / Technologic,electronic,5679.0,True
raw dot product,2,Cascada,Fever,electronic,Twista,I'm A Winner (Amended Album Version),hip hop,5491.0,False
raw dot product,1,Depeche Mode,Freestate,electronic,Marques Houston,Cancel (Album Version),r&b/soul,1426.0,False
raw dot product,2,Depeche Mode,Freestate,electronic,Fatboy Slim,Acid 8000,electronic,1375.0,True
raw dot product,1,Depeche Mode,Personal Jesus,electronic,Lauryn Hill,Interlude 5,r&b/soul,2846.0,False
raw dot product,2,Depeche Mode,Personal Jesus,electronic,Eminem,My Darling,hip hop,2012.0,False
raw dot product,1,Gorillaz,Broken,electronic,Lauryn Hill,Interlude 5,r&b/soul,1744.0,False
raw dot product,2,Gorillaz,Broken,electronic,Beastie Boys,B-Boy Bouillabaisse: A.W.O.L. (2009 Digital Remaster),hip hop,1294.0,False
raw dot product,1,Gorillaz,Kids With Guns (Quiet Village Remix),electronic,Daft Punk,Touch It / Technologic,electronic,6595.0,True
raw dot product,2,Gorillaz,Kids With Guns (Quiet Village Remix),electronic,Vanilla Ice,Ice Is Workin' It,hip hop,5509.0,False
raw dot product,1,Gorillaz,Rhinestone Eyes,electronic,Lauryn Hill,Interlude 5,r&b/soul,2670.0,False
raw dot product,2,Gorillaz,Rhinestone Eyes,electronic,Beastie Boys,B-Boy Bouillabaisse: A.W.O.L. (2009 Digital Remaster),hip hop,2212.0,False
raw dot product,1,The Prodigy,Invaders Must Die,electronic,Fler,NDW 2005,hip hop,420.0,False
raw dot product,2,The Prodigy,Invaders Must Die,electronic,ARRESTED DEVELOPMENT,Stand,r&b/soul,390.0,False
raw dot product,1,The Prodigy,Wake Up Call (Album Version),electronic,Lauryn Hill,Interlude 5,r&b/soul,777.0,False
raw dot product,2,The Prodigy,Wake Up Call (Album Version),electronic,Twista,I'm A Winner (Amended Album Version),hip hop,641.0,False
raw dot product,1,The Prodigy,We Gonna Rock,electronic,Apollo 440,Stop The Rock,electronic,5616.0,True
raw dot product,2,The Prodigy,We Gonna Rock,electronic,Bowling For Soup,Here We Go,punk,5217.0,False
raw dot product,1,Nine Inch Nails,The Great Collapse,electronic,Lauryn Hill,Interlude 5,r&b/soul,1597.0,False
raw dot product,2,Nine Inch Nails,The Great Collapse,electronic,Vanilla Ice,Ice Is Workin' It,hip hop,1109.0,False
raw dot product,1,Duran Duran,Electric Barbarella (Radio Edit),electronic,Lauryn Hill,Interlude 5,r&b/soul,4025.0,False
raw dot product,2,Duran Duran,Electric Barbarella (Radio Edit),electronic,Twista,I'm A Winner (Amended Album Version),hip hop,3075.0,False
raw dot product,1,Björk,Pluto,electronic,Eminem,8 Mile,hip hop,494.0,False
raw dot product,2,Björk,Pluto,electronic,Lauryn Hill,Interlude 5,r&b/soul,465.0,False
raw dot product,1,Empire Of The Sun,Delta Bay,electronic,The Pharcyde,Otha Fish,hip hop,1518.0,False
raw dot product,2,Empire Of The Sun,Delta Bay,electronic,Beastie Boys,B-Boy Bouillabaisse: A.W.O.L. (2009 Digital Remaster),hip hop,1437.0,False
raw dot product,1,Empire Of The Sun,We Are The People (Shazam Remix),electronic,Lauryn Hill,Interlude 5,r&b/soul,8737.0,False
raw dot product,2,Empire Of The Sun,We Are The People (Shazam Remix),electronic,Twista,I'm A Winner (Amended Album Version),hip hop,7195.0,False
raw dot product,1,The Maine,You Left Me,electronic,Lauryn Hill,Interlude 5,r&b/soul,9266.0,False
raw dot product,2,The Maine,You Left Me,electronic,Danity Kane,Hold Me Down (Album Version),r&b/soul,8377.0,False
raw dot product,1,Hot Chip,The Warning,electronic,Twista,I'm A Winner (Amended Album Version),hip hop,3859.0,False
raw dot product,2,Hot Chip,The Warning,electronic,Lauryn Hill,Interlude 5,r&b/soul,3739.0,False
raw dot product,1,Enter Shikari,Keep It On Ice,electronic,Beastie Boys,B-Boy Bouillabaisse: A.W.O.L. (2009 Digital Remaster),hip hop,1426.0,False
raw dot product,2,Enter Shikari,Keep It On Ice,electronic,Eminem,My Darling,hip hop,1253.0,False
raw dot product,1,Enter Shikari,The Jester,electronic,Lauryn Hill,Interlude 5,r&b/soul,3529.0,False
raw dot product,2,Enter Shikari,The Jester,electronic,Beastie Boys,B-Boy Bouillabaisse: A.W.O.L. (2009 Digital Remaster),hip hop,2594.0,False
raw dot product,1,Enya,Lazy Days,electronic,Lauryn Hill,Interlude 5,r&b/soul,1240.0,False
raw dot product,2,Enya,Lazy Days,electronic,Vanilla Ice,Ice Is Workin' It,hip hop,1176.0,False
raw dot product,1,Enya,Someone Said Goodbye,electronic,Lauryn Hill,Interlude 5,r&b/soul,4463.0,False
raw dot product,2,Enya,Someone Said Goodbye,electronic,Erykah Badu,I Want You,r&b/soul,3086.0,False
raw dot product,1,Enya,The Magic Of The Night,electronic,Lauryn Hill,Interlude 5,r&b/soul,1640.0,False
raw dot product,2,Enya,The Magic Of The Night,electronic,Twista,I'm A Winner (Amended Album Version),hip hop,1374.0,False
raw dot product,1,Bruce Springsteen,Gave It A Name,folk,Lauryn Hill,Interlude 5,r&b/soul,1133.0,False
raw dot product,2,Bruce Springsteen,Gave It A Name,folk,Vanilla Ice,Ice Is Workin' It,hip hop,985.0,False
raw dot product,1,Johnny Cash,The Vanishing Race,folk,Beastie Boys,B-Boy Bouillabaisse: A.W.O.L. (2009 Digital Remaster),hip hop,1696.0,False
raw dot product,2,Johnny Cash,The Vanishing Race,folk,Lauryn Hill,Interlude 5,r&b/soul,1648.0,False
raw dot product,1,John Mayer,All We Ever Do Is Say Goodbye,folk,Lauryn Hill,Interlude 5,r&b/soul,4058.0,False
raw dot product,2,John Mayer,All We Ever Do Is Say Goodbye,folk,Erykah Badu,I Want You,r&b/soul,3182.0,False
raw dot product,1,John Mayer,Clarity,folk,R. Kelly,I Mean (I Don't Mean It),r&b/soul,3416.0,False
raw dot product,2,John Mayer,Clarity,folk,Beastie Boys,B-Boy Bouillabaisse: A.W.O.L. (2009 Digital Remaster),hip hop,3347.0,False
raw dot product,1,John Mayer,Why Georgia,folk,Eminem,8 Mile,hip hop,3749.0,False
raw dot product,2,John Mayer,Why Georgia,folk,Beastie Boys,B-Boy Bouillabaisse: A.W.O.L. (2009 Digital Remaster),hip hop,3657.0,False
raw dot product,1,Jack Johnson,Mudfootball (For Moe Lerner),folk,Lauryn Hill,Interlude 5,r&b/soul,2367.0,False
raw dot product,2,Jack Johnson,Mudfootball (For Moe Lerner),folk,Beastie Boys,B-Boy Bouillabaisse: A.W.O.L. (2009 Digital Remaster),hip hop,1514.0,False
raw dot product,1,Sufjan Stevens,Sister Winter,folk,Lauryn Hill,Interlude 5,r&b/soul,3703.0,False
raw dot product,2,Sufjan Stevens,Sister Winter,folk,Beastie Boys,B-Boy Bouillabaisse: A.W.O.L. (2009 Digital Remaster),hip hop,3494.0,False
raw dot product,1,Rufus Wainwright,In A Graveyard,folk,Lauryn Hill,Interlude 5,r&b/soul,613.0,False
raw dot product,2,Rufus Wainwright,In A Graveyard,folk,Ja Rule,One of Us,hip hop,541.0,False
raw dot product,1,Rufus Wainwright,Baby,folk,Lauryn Hill,Interlude 5,r&b/soul,5681.0,False
raw dot product,2,Rufus Wainwright,Baby,folk,Twista,I'm A Winner (Amended Album Version),hip hop,5126.0,False
raw dot product,1,Edward Sharpe & The Magnetic Zeros,Janglin,folk,Lauryn Hill,Interlude 5,r&b/soul,1710.0,False
raw dot product,2,Edward Sharpe & The Magnetic Zeros,Janglin,folk,Beastie Boys,B-Boy Bouillabaisse: A.W.O.L. (2009 Digital Remaster),hip hop,1085.0,False
raw dot product,1,Bob Dylan,Ballad In Plain D,folk,Lauryn Hill,Interlude 5,r&b/soul,4363.0,False
raw dot product,2,Bob Dylan,Ballad In Plain D,folk,Beastie Boys,B-Boy Bouillabaisse: A.W.O.L. (2009 Digital Remaster),hip hop,4319.0,False
raw dot product,1,Bob Dylan,One Of Us Must Know (Sooner Or Later),folk,Lauryn Hill,Interlude 5,r&b/soul,8617.0,False
raw dot product,2,Bob Dylan,One Of Us Must Know (Sooner Or Later),folk,Twista,I'm A Winner (Amended Album Version),hip hop,6823.0,False
raw dot product,1,James Taylor,It's Growing,folk,Lauryn Hill,Interlude 5,r&b/soul,5582.0,False
raw dot product,2,James Taylor,It's Growing,folk,Daft Punk,Touch It / Technologic,electronic,4204.0,False
raw dot product,1,James Taylor,Oh_ Susannah (LP Version),folk,Beastie Boys,B-Boy Bouillabaisse: A.W.O.L. (2009 Digital Remaster),hip hop,2513.0,False
raw dot product,2,James Taylor,Oh_ Susannah (LP Version),folk,Lauryn Hill,Interlude 5,r&b/soul,2392.0,False
raw dot product,1,James Taylor,Something In The Way She Moves,folk,Lauryn Hill,Interlude 5,r&b/soul,4724.0,False
raw dot product,2,James Taylor,Something In The Way She Moves,folk,Beastie Boys,B-Boy Bouillabaisse: A.W.O.L. (2009 Digital Remaster),hip hop,3817.0,False
raw dot product,1,David Gray,Draw The Line,folk,Lauryn Hill,Interlude 5,r&b/soul,1466.0,False
raw dot product,2,David Gray,Draw The Line,folk,Beastie Boys,B-Boy Bouillabaisse: A.W.O.L. (2009 Digital Remaster),hip hop,1176.0,False
raw dot product,1,David Gray,Sail Away,folk,Fatboy Slim,The Rockafeller Skank,electronic,4327.0,False
raw dot product,2,David Gray,Sail Away,folk,Lauryn Hill,Interlude 5,r&b/soul,3842.0,False
raw dot product,1,David Gray,Stella The Artist,folk,Lauryn Hill,Interlude 5,r&b/soul,1637.0,False
raw dot product,2,David Gray,Stella The Artist,folk,Beastie Boys,B-Boy Bouillabaisse: A.W.O.L. (2009 Digital Remaster),hip hop,1278.0,False
raw dot product,1,Rise Against,Swing Life Away (Acoustic),folk,Lauryn Hill,Interlude 5,r&b/soul,4554.0,False
raw dot product,2,Rise Against,Swing Life Away (Acoustic),folk,Beastie Boys,B-Boy Bouillabaisse: A.W.O.L. (2009 Digital Remaster),hip hop,3753.0,False
raw dot product,1,Bob Dylan,Billy 4,folk,Lauryn Hill,Interlude 5,r&b/soul,3007.0,False
raw dot product,2,Bob Dylan,Billy 4,folk,Twista,I'm A Winner (Amended Album Version),hip hop,2423.0,False
raw dot product,1,Bob Dylan,Stuck Inside Of Mobile With The Memphis Blues Again,folk,Lauryn Hill,Interlude 5,r&b/soul,7190.0,False
raw dot product,2,Bob Dylan,Stuck Inside Of Mobile With The Memphis Blues Again,folk,Beastie Boys,B-Boy Bouillabaisse: A.W.O.L. (2009 Digital Remaster),hip hop,5605.0,False
raw dot product,1,Bob Dylan,Pretty Peggy-O,folk,Lauryn Hill,Interlude 5,r&b/soul,1454.0,False
raw dot product,2,Bob Dylan,Pretty Peggy-O,folk,Beastie Boys,B-Boy Bouillabaisse: A.W.O.L. (2009 Digital Remaster),hip hop,1186.0,False
raw dot product,1,Bob Dylan,She Belongs To Me,folk,Twiztid,She Ain't Afraid,hip hop,1718.0,False
raw dot product,2,Bob Dylan,She Belongs To Me,folk,UGK (Underground Kingz),She Luv It,hip hop,1594.0,False
raw dot product,1,Bob Dylan,When The Deal Goes Down,folk,Lauryn Hill,Interlude 5,r&b/soul,4500.0,False
raw dot product,2,Bob Dylan,When The Deal Goes Down,folk,Beastie Boys,B-Boy Bouillabaisse: A.W.O.L. (2009 Digital Remaster),hip hop,3401.0,False
raw dot product,1,Bob Dylan,With God On Our Side,folk,Lauryn Hill,Interlude 5,r&b/soul,3985.0,False
raw dot product,2,Bob Dylan,With God On Our Side,folk,Beastie Boys,B-Boy Bouillabaisse: A.W.O.L. (2009 Digital Remaster),hip hop,3634.0,False
raw dot product,1,The Smashing Pumpkins,Terrapin,folk,Lauryn Hill,Interlude 5,r&b/soul,2977.0,False
raw dot product,2,The Smashing Pumpkins,Terrapin,folk,Twista,I'm A Winner (Amended Album Version),hip hop,2510.0,False
raw dot product,1,James Taylor,On The 4th of July,folk,Lauryn Hill,Interlude 5,r&b/soul,3136.0,False
raw dot product,2,James Taylor,On The 4th of July,folk,Beastie Boys,B-Boy Bouillabaisse: A.W.O.L. (2009 Digital Remaster),hip hop,2180.0,False
raw dot product,1,James Taylor,Company Man,folk,Lauryn Hill,Interlude 5,r&b/soul,4436.0,False
raw dot product,2,James Taylor,Company Man,folk,Twista,I'm A Winner (Amended Album Version),hip hop,3564.0,False
raw dot product,1,Jimmy Buffett,Ace,folk,Lauryn Hill,Interlude 5,r&b/soul,2508.0,False
raw dot product,2,Jimmy Buffett,Ace,folk,Beastie Boys,B-Boy Bouillabaisse: A.W.O.L. (2009 Digital Remaster),hip hop,2241.0,False
raw dot product,1,Ryan Adams,How Do You Keep Love Alive,folk,Lauryn Hill,Interlude 5,r&b/soul,3347.0,False
raw dot product,2,Ryan Adams,How Do You Keep Love Alive,folk,Twista,I'm A Winner (Amended Album Version),hip hop,3295.0,False
raw dot product,1,Ryan Adams,When The Stars Go Blue,folk,Twista,I'm A Winner (Amended Album Version),hip hop,2749.0,False
raw dot product,2,Ryan Adams,When The Stars Go Blue,folk,Lauryn Hill,Interlude 5,r&b/soul,2386.0,False
raw dot product,1,Ray LaMontagne,Forever My Friend,folk,Lauryn Hill,Interlude 5,r&b/soul,4171.0,False
raw dot product,2,Ray LaMontagne,Forever My Friend,folk,Beastie Boys,B-Boy Bouillabaisse: A.W.O.L. (2009 Digital Remaster),hip hop,3187.0,False
raw dot product,1,Ray LaMontagne,How Come [Acoustic Mix],folk,Lauryn Hill,Interlude 5,r&b/soul,3048.0,False
raw dot product,2,Ray LaMontagne,How Come [Acoustic Mix],folk,Beastie Boys,B-Boy Bouillabaisse: A.W.O.L. (2009 Digital Remaster),hip hop,2639.0,False
raw dot product,1,Leonard Cohen,Chelsea Hotel #2,folk,Lauryn Hill,Interlude 5,r&b/soul,6689.0,False
raw dot product,2,Leonard Cohen,Chelsea Hotel #2,folk,Twista,I'm A Winner (Amended Album Version),hip hop,5830.0,False
raw dot product,1,We Are Scientists,Lethal Enforcer (Live From Union Chapel_ London),folk,Lauryn Hill,Interlude 5,r&b/soul,4731.0,False
raw dot product,2,We Are Scientists,Lethal Enforcer (Live From Union Chapel_ London),folk,Twista,I'm A Winner (Amended Album Version),hip hop,3964.0,False
raw dot product,1,KT Tunstall,Change,folk,Lauryn Hill,Interlude 5,r&b/soul,3840.0,False
raw dot product,2,KT Tunstall,Change,folk,Erykah Badu,I Want You,r&b/soul,3147.0,False
raw dot product,1,KT Tunstall,Under The Weather,folk,Lauryn Hill,Interlude 5,r&b/soul,3820.0,False
raw dot product,2,KT Tunstall,Under The Weather,folk,Twista,I'm A Winner (Amended Album Version),hip hop,3403.0,False
raw dot product,1,The Verve,So Sister,folk,Beastie Boys,B-Boy Bouillabaisse: A.W.O.L. (2009 Digital Remaster),hip hop,5200.0,False
raw dot product,2,The Verve,So Sister,folk,Lauryn Hill,Interlude 5,r&b/soul,4868.0,False
raw dot product,1,Liz Phair,Lost Tonight,folk,Lauryn Hill,Interlude 5,r&b/soul,5305.0,False
raw dot product,2,Liz Phair,Lost Tonight,folk,Twista,I'm A Winner (Amended Album Version),hip hop,4323.0,False
raw dot product,1,The Pogues,Sunnyside Of The Street,folk,Beastie Boys,B-Boy Bouillabaisse: A.W.O.L. (2009 Digital Remaster),hip hop,2505.0,False
raw dot product,2,The Pogues,Sunnyside Of The Street,folk,Eminem,8 Mile,hip hop,2269.0,False
raw dot product,1,Kanye West,Can't Tell Me Nothing,hip hop,Lauryn Hill,Interlude 5,r&b/soul,8750.0,False
raw dot product,2,Kanye West,Can't Tell Me Nothing,hip hop,Twista,I'm A Winner (Amended Album Version),hip hop,7472.0,True
raw dot product,1,Kanye West,Graduation Day,hip hop,Lauryn Hill,Interlude 5,r&b/soul,3980.0,False
raw dot product,2,Kanye West,Graduation Day,hip hop,Twista,I'm A Winner (Amended Album Version),hip hop,3177.0,True
raw dot product,1,Kanye West,Wake Up Mr. West,hip hop,Lauryn Hill,Interlude 5,r&b/soul,2853.0,False
raw dot product,2,Kanye West,Wake Up Mr. West,hip hop,Twista,I'm A Winner (Amended Album Version),hip hop,2582.0,True
raw dot product,1,Black Eyed Peas,A8,hip hop,Lauryn Hill,Interlude 5,r&b/soul,16403.0,False
raw dot product,2,Black Eyed Peas,A8,hip hop,Twista,I'm A Winner (Amended Album Version),hip hop,13125.0,True
raw dot product,1,Black Eyed Peas,Boom Boom Guetta,hip hop,Slick Rick,Let's Get Crazy,hip hop,5646.0,True
raw dot product,2,Black Eyed Peas,Boom Boom Guetta,hip hop,Twista,I'm A Winner (Amended Album Version),hip hop,5165.0,True
raw dot product,1,Black Eyed Peas,Communication,hip hop,Lauryn Hill,Interlude 5,r&b/soul,7908.0,False
raw dot product,2,Black Eyed Peas,Communication,hip hop,Daft Punk,Touch It / Technologic,electronic,6512.0,False
raw dot product,1,Black Eyed Peas,One Tribe,hip hop,Ja Rule,One of Us,hip hop,10279.0,True
raw dot product,2,Black Eyed Peas,One Tribe,hip hop,Lauryn Hill,Interlude 5,r&b/soul,9253.0,False
raw dot product,1,Black Eyed Peas,Sexy,hip hop,Lauryn Hill,Interlude 5,r&b/soul,8731.0,False
raw dot product,2,Black Eyed Peas,Sexy,hip hop,Twista,I'm A Winner (Amended Album Version),hip hop,7236.0,True
raw dot product,1,Black Eyed Peas,Tell Your Momma Come,hip hop,Lauryn Hill,Interlude 5,r&b/soul,6243.0,False
raw dot product,2,Black Eyed Peas,Tell Your Momma Come,hip hop,Vanilla Ice,It's A Party,hip hop,5347.0,True
raw dot product,1,Black Eyed Peas,The Apl Song,hip hop,Lauryn Hill,Interlude 5,r&b/soul,2904.0,False
raw dot product,2,Black Eyed Peas,The Apl Song,hip hop,Beastie Boys,B-Boy Bouillabaisse: A.W.O.L. (2009 Digital Remaster),hip hop,2547.0,True
raw dot product,1,Kanye West,Diamonds From Sierra Leone,hip hop,Lauryn Hill,Interlude 5,r&b/soul,7877.0,False
raw dot product,2,Kanye West,Diamonds From Sierra Leone,hip hop,Beastie Boys,B-Boy Bouillabaisse: A.W.O.L. (2009 Digital Remaster),hip hop,6292.0,True
raw dot product,1,Eminem,If I Had,hip hop,Lauryn Hill,Interlude 5,r&b/soul,9605.0,False
raw dot product,2,Eminem,If I Had,hip hop,Beastie Boys,B-Boy Bouillabaisse: A.W.O.L. (2009 Digital Remaster),hip hop,9469.0,True
raw dot product,1,Eminem,Ken Kaniff,hip hop,Lauryn Hill,Interlude 5,r&b/soul,8216.0,False
raw dot product,2,Eminem,Ken Kaniff,hip hop,Beastie Boys,B-Boy Bouillabaisse: A.W.O.L. (2009 Digital Remaster),hip hop,7588.0,True
raw dot product,1,Eminem,My Darling,hip hop,Lauryn Hill,Interlude 5,r&b/soul,22766.0,False
raw dot product,2,Eminem,My Darling,hip hop,Twista,I'm A Winner (Amended Album Version),hip hop,18521.0,True
raw dot product,1,Eminem,8 Mile,hip hop,Beastie Boys,B-Boy Bouillabaisse: A.W.O.L. (2009 Digital Remaster),hip hop,17013.0,True
raw dot product,2,Eminem,8 Mile,hip hop,Lauryn Hill,Interlude 5,r&b/soul,16626.0,False
raw dot product,1,Usher,Love Was Here,hip hop,Lauryn Hill,Interlude 5,r&b/soul,7931.0,False
raw dot product,2,Usher,Love Was Here,hip hop,Twista,I'm A Winner (Amended Album Version),hip hop,7167.0,True
raw dot product,1,Akon,Be With You,hip hop,Lauryn Hill,Interlude 5,r&b/soul,14362.0,False
raw dot product,2,Akon,Be With You,hip hop,Beastie Boys,B-Boy Bouillabaisse: A.W.O.L. (2009 Digital Remaster),hip hop,11253.0,True
raw dot product,1,Akon,Locked Up,hip hop,Ice Cube,When I Get To Heaven (Remix) (Explicit),hip hop,8786.0,True
raw dot product,2,Akon,Locked Up,hip hop,Danity Kane,Hold Me Down (Album Version),r&b/soul,6272.0,False
raw dot product,1,Jay-Z,So Ghetto,hip hop,Lauryn Hill,Interlude 5,r&b/soul,8107.0,False
raw dot product,2,Jay-Z,So Ghetto,hip hop,Beastie Boys,B-Boy Bouillabaisse: A.W.O.L. (2009 Digital Remaster),hip hop,7905.0,True
raw dot product,1,Jay-Z,Heart Of The City (Ain't No Love),hip hop,Lauryn Hill,Interlude 5,r&b/soul,7878.0,False
raw dot product,2,Jay-Z,Heart Of The City (Ain't No Love),hip hop,Beastie Boys,B-Boy Bouillabaisse: A.W.O.L. (2009 Digital Remaster),hip hop,7351.0,True
raw dot product,1,Eminem,Rabbit Run,hip hop,Lauryn Hill,Interlude 5,r&b/soul,10439.0,False
raw dot product,2,Eminem,Rabbit Run,hip hop,Beastie Boys,B-Boy Bouillabaisse: A.W.O.L. (2009 Digital Remaster),hip hop,9936.0,True
raw dot product,1,Nelly,Splurge,hip hop,Lauryn Hill,Interlude 5,r&b/soul,20757.0,False
raw dot product,2,Nelly,Splurge,hip hop,Beastie Boys,B-Boy Bouillabaisse: A.W.O.L. (2009 Digital Remaster),hip hop,16731.0,True
raw dot product,1,Nelly,St. Louie,hip hop,Lauryn Hill,Interlude 5,r&b/soul,9575.0,False
raw dot product,2,Nelly,St. Louie,hip hop,Beastie Boys,B-Boy Bouillabaisse: A.W.O.L. (2009 Digital Remaster),hip hop,7227.0,True
raw dot product,1,Nelly,Wrap Sumden,hip hop,Lauryn Hill,Interlude 5,r&b/soul,7411.0,False
raw dot product,2,Nelly,Wrap Sumden,hip hop,Beastie Boys,B-Boy Bouillabaisse: A.W.O.L. (2009 Digital Remaster),hip hop,6648.0,True
raw dot product,1,Jay-Z,Soon You'll Understand,hip hop,Lauryn Hill,Interlude 5,r&b/soul,16833.0,False
raw dot product,2,Jay-Z,Soon You'll Understand,hip hop,Twista,I'm A Winner (Amended Album Version),hip hop,14552.0,True
raw dot product,1,Jay-Z,Encore,hip hop,Lauryn Hill,Interlude 5,r&b/soul,9611.0,False
raw dot product,2,Jay-Z,Encore,hip hop,Twista,I'm A Winner (Amended Album Version),hip hop,8460.0,True
raw dot product,1,Nelly,Say Now,hip hop,Lauryn Hill,Interlude 5,r&b/soul,7559.0,False
raw dot product,2,Nelly,Say Now,hip hop,Michael Jackson,Man In The Mirror,pop,6921.0,False
raw dot product,1,Dr. Dre,Been There Done That,hip hop,Lauryn Hill,Interlude 5,r&b/soul,6947.0,False
raw dot product,2,Dr. Dre,Been There Done That,hip hop,Beastie Boys,B-Boy Bouillabaisse: A.W.O.L. (2009 Digital Remaster),hip hop,5817.0,True
raw dot product,1,Sean Kingston,Magical,hip hop,Lauryn Hill,Interlude 5,r&b/soul,5677.0,False
raw dot product,2,Sean Kingston,Magical,hip hop,Stevie Wonder,All Day Sucker,r&b/soul,5057.0,False
raw dot product,1,Sean Kingston,Over,hip hop,Lauryn Hill,Interlude 5,r&b/soul,6535.0,False
raw dot product,2,Sean Kingston,Over,hip hop,Beastie Boys,B-Boy Bouillabaisse: A.W.O.L. (2009 Digital Remaster),hip hop,5407.0,True
raw dot product,1,Sean Kingston,Wrap U Around Me,hip hop,Danity Kane,Hold Me Down (Album Version),r&b/soul,6024.0,False
raw dot product,2,Sean Kingston,Wrap U Around Me,hip hop,Five,That's What You Told Me,pop,5223.0,False
raw dot product,1,M.I.A.,Paper Planes,hip hop,Lauryn Hill,Interlude 5,r&b/soul,8072.0,False
raw dot product,2,M.I.A.,Paper Planes,hip hop,Beastie Boys,B-Boy Bouillabaisse: A.W.O.L. (2009 Digital Remaster),hip hop,7106.0,True
raw dot product,1,Thousand Foot Krutch,Set It Off,hip hop,Lauryn Hill,Interlude 5,r&b/soul,5985.0,False
raw dot product,2,Thousand Foot Krutch,Set It Off,hip hop,Beastie Boys,B-Boy Bouillabaisse: A.W.O.L. (2009 Digital Remaster),hip hop,4891.0,True
raw dot product,1,Ludacris,Ho,hip hop,Lauryn Hill,Interlude 5,r&b/soul,4262.0,False
raw dot product,2,Ludacris,Ho,hip hop,Big Bad Voodoo Daddy,Mambo Swing,jazz,3395.0,False
raw dot product,1,Wu-Tang Clan,The What,hip hop,Lauryn Hill,Interlude 5,r&b/soul,5138.0,False
raw dot product,2,Wu-Tang Clan,The What,hip hop,Twista,I'm A Winner (Amended Album Version),hip hop,4480.0,True
raw dot product,1,50 Cent,Rowdy Rowdy,hip hop,Lauryn Hill,Interlude 5,r&b/soul,6437.0,False
raw dot product,2,50 Cent,Rowdy Rowdy,hip hop,Beastie Boys,B-Boy Bouillabaisse: A.W.O.L. (2009 Digital Remaster),hip hop,5453.0,True
raw dot product,1,Snoop Dogg,Bang Out,hip hop,Lauryn Hill,Interlude 5,r&b/soul,5629.0,False
raw dot product,2,Snoop Dogg,Bang Out,hip hop,Beastie Boys,B-Boy Bouillabaisse: A.W.O.L. (2009 Digital Remaster),hip hop,5095.0,True
raw dot product,1,Snoop Dogg,Snoopafella (Edited),hip hop,Lauryn Hill,Interlude 5,r&b/soul,15031.0,False
raw dot product,2,Snoop Dogg,Snoopafella (Edited),hip hop,Beastie Boys,B-Boy Bouillabaisse: A.W.O.L. (2009 Digital Remaster),hip hop,13137.0,True
raw dot product,1,Atmosphere,Hair,hip hop,Lauryn Hill,Interlude 5,r&b/soul,10509.0,False
raw dot product,2,Atmosphere,Hair,hip hop,Beastie Boys,B-Boy Bouillabaisse: A.W.O.L. (2009 Digital Remaster),hip hop,9207.0,True
raw dot product,1,Atmosphere,Happymess,hip hop,Lauryn Hill,Interlude 5,r&b/soul,10649.0,False
raw dot product,2,Atmosphere,Happymess,hip hop,Beastie Boys,B-Boy Bouillabaisse: A.W.O.L. (2009 Digital Remaster),hip hop,8009.0,True
raw dot product,1,Michael Bublé,Put Your Head On My Shoulder (Album Version),jazz,Lauryn Hill,Interlude 5,r&b/soul,2939.0,False
raw dot product,2,Michael Bublé,Put Your Head On My Shoulder (Album Version),jazz,Danity Kane,Hold Me Down (Album Version),r&b/soul,2498.0,False
raw dot product,1,Michael Bublé,Stuck In The Middle With You (Non-Album Track),jazz,Lauryn Hill,Interlude 5,r&b/soul,6146.0,False
raw dot product,2,Michael Bublé,Stuck In The Middle With You (Non-Album Track),jazz,Twista,I'm A Winner (Amended Album Version),hip hop,5387.0,False
raw dot product,1,Michael Bublé,You'll Never Find Another Love Like Mine (Album Version),jazz,Lauryn Hill,Interlude 5,r&b/soul,8846.0,False
raw dot product,2,Michael Bublé,You'll Never Find Another Love Like Mine (Album Version),jazz,Twista,I'm A Winner (Amended Album Version),hip hop,8012.0,False
raw dot product,1,Ray Charles,Kiss me baby,jazz,Danity Kane,Hold Me Down (Album Version),r&b/soul,2766.0,False
raw dot product,2,Ray Charles,Kiss me baby,jazz,Lauryn Hill,Interlude 5,r&b/soul,2715.0,False
raw dot product,1,Ray Charles,Let's Go,jazz,Lauryn Hill,Interlude 5,r&b/soul,4629.0,False
raw dot product,2,Ray Charles,Let's Go,jazz,Twista,I'm A Winner (Amended Album Version),hip hop,4033.0,False
raw dot product,1,Ray Charles,Moon Over Miami,jazz,Lauryn Hill,Interlude 5,r&b/soul,628.0,False
raw dot product,2,Ray Charles,Moon Over Miami,jazz,Vanilla Ice,It's A Party,hip hop,436.0,False
raw dot product,1,Nat King Cole,Hit That Jive Jack,jazz,Lauryn Hill,Interlude 5,r&b/soul,5170.0,False
raw dot product,2,Nat King Cole,Hit That Jive Jack,jazz,Beastie Boys,B-Boy Bouillabaisse: A.W.O.L. (2009 Digital Remaster),hip hop,4761.0,False
raw dot product,1,Nat King Cole,The Christmas Song,jazz,Lauryn Hill,Interlude 5,r&b/soul,1674.0,False
raw dot product,2,Nat King Cole,The Christmas Song,jazz,Beastie Boys,B-Boy Bouillabaisse: A.W.O.L. (2009 Digital Remaster),hip hop,1136.0,False
raw dot product,1,Nat King Cole,Too Young,jazz,Lauryn Hill,Interlude 5,r&b/soul,1400.0,False
raw dot product,2,Nat King Cole,Too Young,jazz,Beastie Boys,B-Boy Bouillabaisse: A.W.O.L. (2009 Digital Remaster),hip hop,806.0,False
raw dot product,1,Nat King Cole,Unforgettable,jazz,Lauryn Hill,Interlude 5,r&b/soul,1899.0,False
raw dot product,2,Nat King Cole,Unforgettable,jazz,Michael Jackson,Man In The Mirror,pop,1525.0,False
raw dot product,1,Nat King Cole,Autumn Leaves,jazz,Lauryn Hill,Interlude 5,r&b/soul,1572.0,False
raw dot product,2,Nat King Cole,Autumn Leaves,jazz,Beastie Boys,B-Boy Bouillabaisse: A.W.O.L. (2009 Digital Remaster),hip hop,1120.0,False
raw dot product,1,Nat King Cole,Love Is A Many Splendored Thing,jazz,Lauryn Hill,Interlude 5,r&b/soul,1247.0,False
raw dot product,2,Nat King Cole,Love Is A Many Splendored Thing,jazz,Michael Jackson,Man In The Mirror,pop,1090.0,False
raw dot product,1,Nat King Cole,Smoke Gets in Your Eyes,jazz,Beastie Boys,B-Boy Bouillabaisse: A.W.O.L. (2009 Digital Remaster),hip hop,1997.0,False
raw dot product,2,Nat King Cole,Smoke Gets in Your Eyes,jazz,Lauryn Hill,Interlude 5,r&b/soul,1906.0,False
raw dot product,1,Nat King Cole,If You Can't Smile And Say Yes,jazz,Lauryn Hill,Interlude 5,r&b/soul,3250.0,False
raw dot product,2,Nat King Cole,If You Can't Smile And Say Yes,jazz,R. Kelly,Don't You Say No,r&b/soul,2375.0,False
raw dot product,1,Nat King Cole,She's Funny That Way,jazz,Lauryn Hill,Interlude 5,r&b/soul,3712.0,False
raw dot product,2,Nat King Cole,She's Funny That Way,jazz,Beastie Boys,B-Boy Bouillabaisse: A.W.O.L. (2009 Digital Remaster),hip hop,3221.0,False
raw dot product,1,Nat King Cole,The Ruby And The Pearl (2003 Digital Remaster),jazz,Lauryn Hill,Interlude 5,r&b/soul,2218.0,False
raw dot product,2,Nat King Cole,The Ruby And The Pearl (2003 Digital Remaster),jazz,Beastie Boys,B-Boy Bouillabaisse: A.W.O.L. (2009 Digital Remaster),hip hop,1625.0,False
raw dot product,1,Nat King Cole,The Very Thought Of You,jazz,Lauryn Hill,Interlude 5,r&b/soul,3398.0,False
raw dot product,2,Nat King Cole,The Very Thought Of You,jazz,Twista,I'm A Winner (Amended Album Version),hip hop,2878.0,False
raw dot product,1,Bing Crosby,Rudolph The Red-Nosed Reindeer,jazz,Lauryn Hill,Interlude 5,r&b/soul,3806.0,False
raw dot product,2,Bing Crosby,Rudolph The Red-Nosed Reindeer,jazz,Twista,I'm A Winner (Amended Album Version),hip hop,2567.0,False
raw dot product,1,Norah Jones,December,jazz,Twista,I'm A Winner (Amended Album Version),hip hop,2451.0,False
raw dot product,2,Norah Jones,December,jazz,Beastie Boys,B-Boy Bouillabaisse: A.W.O.L. (2009 Digital Remaster),hip hop,2307.0,False
raw dot product,1,Norah Jones,Don't Know Why (Live),jazz,Beastie Boys,B-Boy Bouillabaisse: A.W.O.L. (2009 Digital Remaster),hip hop,3481.0,False
raw dot product,2,Norah Jones,Don't Know Why (Live),jazz,Lauryn Hill,Interlude 5,r&b/soul,3363.0,False
raw dot product,1,Norah Jones,Humble Me,jazz,Lauryn Hill,Interlude 5,r&b/soul,5323.0,False
raw dot product,2,Norah Jones,Humble Me,jazz,Twista,I'm A Winner (Amended Album Version),hip hop,5013.0,False
raw dot product,1,Norah Jones,I've Got To See You Again,jazz,Lauryn Hill,Interlude 5,r&b/soul,3882.0,False
raw dot product,2,Norah Jones,I've Got To See You Again,jazz,Twista,I'm A Winner (Amended Album Version),hip hop,3674.0,False
raw dot product,1,Norah Jones,Sinkin' Soon (iTunes Live Session),jazz,Lauryn Hill,Interlude 5,r&b/soul,1880.0,False
raw dot product,2,Norah Jones,Sinkin' Soon (iTunes Live Session),jazz,The Prodigy,We Gonna Rock,electronic,1845.0,False
raw dot product,1,Norah Jones,The Long Way Home,jazz,Lauryn Hill,Interlude 5,r&b/soul,3704.0,False
raw dot product,2,Norah Jones,The Long Way Home,jazz,Twista,I'm A Winner (Amended Album Version),hip hop,3049.0,False
raw dot product,1,Norah Jones,Those Sweet Words,jazz,Lauryn Hill,Interlude 5,r&b/soul,2801.0,False
raw dot product,2,Norah Jones,Those Sweet Words,jazz,Twista,I'm A Winner (Amended Album Version),hip hop,2007.0,False
raw dot product,1,Norah Jones,Wish I Could (Live),jazz,Lauryn Hill,Interlude 5,r&b/soul,3054.0,False
raw dot product,2,Norah Jones,Wish I Could (Live),jazz,Beastie Boys,B-Boy Bouillabaisse: A.W.O.L. (2009 Digital Remaster),hip hop,2646.0,False
raw dot product,1,Norah Jones,My Dear Country,jazz,Lauryn Hill,Interlude 5,r&b/soul,4157.0,False
raw dot product,2,Norah Jones,My Dear Country,jazz,Beastie Boys,B-Boy Bouillabaisse: A.W.O.L. (2009 Digital Remaster),hip hop,3183.0,False
raw dot product,1,Dean Martin,I Love The Way You Say Goodnight,jazz,Lauryn Hill,Interlude 5,r&b/soul,5872.0,False
raw dot product,2,Dean Martin,I Love The Way You Say Goodnight,jazz,Twista,I'm A Winner (Amended Album Version),hip hop,5743.0,False
raw dot product,1,Dean Martin,White Christmas,jazz,Beastie Boys,B-Boy Bouillabaisse: A.W.O.L. (2009 Digital Remaster),hip hop,1466.0,False
raw dot product,2,Dean Martin,White Christmas,jazz,Eminem,8 Mile,hip hop,1291.0,False
raw dot product,1,Dean Martin,Memories Are Made Of This,jazz,Ja Rule,One of Us,hip hop,1301.0,False
raw dot product,2,Dean Martin,Memories Are Made Of This,jazz,Lauryn Hill,Interlude 5,r&b/soul,1254.0,False
raw dot product,1,Norah Jones,Little Room,jazz,Lauryn Hill,Interlude 5,r&b/soul,2258.0,False
raw dot product,2,Norah Jones,Little Room,jazz,Beastie Boys,B-Boy Bouillabaisse: A.W.O.L. (2009 Digital Remaster),hip hop,1667.0,False
raw dot product,1,The Puppini Sisters,Bei Mir Bist Du Schön,jazz,Lauryn Hill,Interlude 5,r&b/soul,4951.0,False
raw dot product,2,The Puppini Sisters,Bei Mir Bist Du Schön,jazz,Twista,I'm A Winner (Amended Album Version),hip hop,3945.0,False
raw dot product,1,The Puppini Sisters,Don't Sit Under The Apple Tree,jazz,Danity Kane,Hold Me Down (Album Version),r&b/soul,2902.0,False
raw dot product,2,The Puppini Sisters,Don't Sit Under The Apple Tree,jazz,Lauryn Hill,Interlude 5,r&b/soul,2801.0,False
raw dot product,1,The Puppini Sisters,Falling In Love Again,jazz,Lauryn Hill,Interlude 5,r&b/soul,5940.0,False
raw dot product,2,The Puppini Sisters,Falling In Love Again,jazz,Twista,I'm A Winner (Amended Album Version),hip hop,5442.0,False
raw dot product,1,The Puppini Sisters,Heebie Jeebies,jazz,Lauryn Hill,Interlude 5,r&b/soul,4460.0,False
raw dot product,2,The Puppini Sisters,Heebie Jeebies,jazz,Beastie Boys,B-Boy Bouillabaisse: A.W.O.L. (2009 Digital Remaster),hip hop,4131.0,False
raw dot product,1,The Puppini Sisters,I Will Survive,jazz,Lauryn Hill,Interlude 5,r&b/soul,9817.0,False
raw dot product,2,The Puppini Sisters,I Will Survive,jazz,Beastie Boys,B-Boy Bouillabaisse: A.W.O.L. (2009 Digital Remaster),hip hop,8300.0,False
raw dot product,1,The Puppini Sisters,In The Mood,jazz,Lauryn Hill,Interlude 5,r&b/soul,4859.0,False
raw dot product,2,The Puppini Sisters,In The Mood,jazz,Beastie Boys,B-Boy Bouillabaisse: A.W.O.L. (2009 Digital Remaster),hip hop,4484.0,False
raw dot product,1,Dean Martin,Kiss,jazz,Lauryn Hill,Interlude 5,r&b/soul,7297.0,False
raw dot product,2,Dean Martin,Kiss,jazz,Twista,I'm A Winner (Amended Album Version),hip hop,6537.0,False
raw dot product,1,Dean Martin,Let Me Go Lover,jazz,Danity Kane,Hold Me Down (Album Version),r&b/soul,3082.0,False
raw dot product,2,Dean Martin,Let Me Go Lover,jazz,Five,That's What You Told Me,pop,3028.0,False
raw dot product,1,Dean Martin,On An Evening In Roma (Sott'er Celo De Roma),jazz,Lauryn Hill,Interlude 5,r&b/soul,1799.0,False
raw dot product,2,Dean Martin,On An Evening In Roma (Sott'er Celo De Roma),jazz,Beastie Boys,B-Boy Bouillabaisse: A.W.O.L. (2009 Digital Remaster),hip hop,1739.0,False
raw dot product,1,Enrique Iglesias,No Puedo Mas Sin Ti (I'm Your Man),latin,Violadores del Verso,Dale tiempo al rumor,hip hop,3303.0,False
raw dot product,2,Enrique Iglesias,No Puedo Mas Sin Ti (I'm Your Man),latin,Gilberto Santa Rosa,Desde Que No Estas,latin,2942.0,True
raw dot product,1,Shakira,En Tus Pupilas,latin,Violadores del Verso,Dale tiempo al rumor,hip hop,2333.0,False
raw dot product,2,Shakira,En Tus Pupilas,latin,Violadores del Verso,Cantando,hip hop,1857.0,False
raw dot product,1,Shakira,Que Me Quedes Tu,latin,Violadores del Verso,Dale tiempo al rumor,hip hop,2618.0,False
raw dot product,2,Shakira,Que Me Quedes Tu,latin,Violadores del Verso,Cantando,hip hop,2117.0,False
raw dot product,1,Shakira,Sombra De Ti,latin,Violadores del Verso,Dale tiempo al rumor,hip hop,3176.0,False
raw dot product,2,Shakira,Sombra De Ti,latin,Los Van Van,El Negro Está Cocinando,latin,2689.0,True
raw dot product,1,Shakira,Te Dejo Madrid,latin,Violadores del Verso,Dale tiempo al rumor,hip hop,1910.0,False
raw dot product,2,Shakira,Te Dejo Madrid,latin,Violadores del Verso,Cantando,hip hop,1524.0,False
raw dot product,1,Shakira,Tú,latin,Violadores del Verso,Dale tiempo al rumor,hip hop,1271.0,False
raw dot product,2,Shakira,Tú,latin,Violadores del Verso,Cantando,hip hop,1038.0,False
raw dot product,1,Enrique Iglesias,La Chica De Ayer,latin,Abba,Move On,pop,1407.0,False
raw dot product,2,Enrique Iglesias,La Chica De Ayer,latin,Horace Andy,Horse With No Name,reggae,1343.0,False
raw dot product,1,Enrique Iglesias,Adicto,latin,Violadores del Verso,Dale tiempo al rumor,hip hop,1983.0,False
raw dot product,2,Enrique Iglesias,Adicto,latin,Violadores del Verso,Cantando,hip hop,1710.0,False
raw dot product,1,Enrique Iglesias,Al Despertar,latin,Victor Manuelle,Lloré Lloré,latin,1633.0,True
raw dot product,2,Enrique Iglesias,Al Despertar,latin,Violadores del Verso,Dale tiempo al rumor,hip hop,1622.0,False
raw dot product,1,Enrique Iglesias,Alguien Como Tú,latin,Violadores del Verso,Dale tiempo al rumor,hip hop,1636.0,False
raw dot product,2,Enrique Iglesias,Alguien Como Tú,latin,Violadores del Verso,Cantando,hip hop,1433.0,False
raw dot product,1,Enrique Iglesias,Inalcanzable,latin,Violadores del Verso,Dale tiempo al rumor,hip hop,945.0,False
raw dot product,2,Enrique Iglesias,Inalcanzable,latin,Violadores del Verso,Cantando,hip hop,748.0,False
raw dot product,1,Enrique Iglesias,Lloro Por Ti,latin,Violadores del Verso,Dale tiempo al rumor,hip hop,2870.0,False
raw dot product,2,Enrique Iglesias,Lloro Por Ti,latin,Violadores del Verso,Cantando,hip hop,2305.0,False
raw dot product,1,Enrique Iglesias,Mamacita,latin,Violadores del Verso,Dale tiempo al rumor,hip hop,1694.0,False
raw dot product,2,Enrique Iglesias,Mamacita,latin,Violadores del Verso,Cantando,hip hop,1623.0,False
raw dot product,1,Enrique Iglesias,Miss You,latin,Lauryn Hill,Interlude 5,r&b/soul,13632.0,False
raw dot product,2,Enrique Iglesias,Miss You,latin,Twista,I'm A Winner (Amended Album Version),hip hop,12008.0,False
raw dot product,1,Enrique Iglesias,Para De Jugar,latin,Violadores del Verso,Dale tiempo al rumor,hip hop,2101.0,False
raw dot product,2,Enrique Iglesias,Para De Jugar,latin,Violadores del Verso,Cantando,hip hop,1912.0,False
raw dot product,1,Enrique Iglesias,She Be The One,latin,Lauryn Hill,Interlude 5,r&b/soul,6600.0,False
raw dot product,2,Enrique Iglesias,She Be The One,latin,Twista,I'm A Winner (Amended Album Version),hip hop,6088.0,False
raw dot product,1,Enrique Iglesias,Trapecista,latin,Violadores del Verso,Dale tiempo al rumor,hip hop,1950.0,False
raw dot product,2,Enrique Iglesias,Trapecista,latin,Violadores del Verso,Cantando,hip hop,1664.0,False
raw dot product,1,Enrique Iglesias,Tu Vacio,latin,Violadores del Verso,Dale tiempo al rumor,hip hop,2723.0,False
raw dot product,2,Enrique Iglesias,Tu Vacio,latin,Violadores del Verso,Cantando,hip hop,2313.0,False
raw dot product,1,Enrique Iglesias,Volveré,latin,Violadores del Verso,Dale tiempo al rumor,hip hop,1781.0,False
raw dot product,2,Enrique Iglesias,Volveré,latin,Victor Manuelle,Lloré Lloré,latin,1540.0,True
raw dot product,1,Shakira,Estoy Aquí,latin,Violadores del Verso,Dale tiempo al rumor,hip hop,687.0,False
raw dot product,2,Shakira,Estoy Aquí,latin,Johnny Prez,Te Vuelvo Loca,reggae,576.0,False
raw dot product,1,Santana,Life Is Anew,latin,Lauryn Hill,Interlude 5,r&b/soul,1944.0,False
raw dot product,2,Santana,Life Is Anew,latin,Twista,I'm A Winner (Amended Album Version),hip hop,1399.0,False
raw dot product,1,Shakira,Donde Estas Corazon,latin,Violadores del Verso,Dale tiempo al rumor,hip hop,2540.0,False
raw dot product,2,Shakira,Donde Estas Corazon,latin,Violadores del Verso,La ciudad nunca duerme,hip hop,1973.0,False
raw dot product,1,Shakira,Octavo Día,latin,Violadores del Verso,Dale tiempo al rumor,hip hop,1325.0,False
raw dot product,2,Shakira,Octavo Día,latin,Violadores del Verso,Cantando,hip hop,1247.0,False
raw dot product,1,Shakira,Te Necesito,latin,Violadores del Verso,Dale tiempo al rumor,hip hop,1756.0,False
raw dot product,2,Shakira,Te Necesito,latin,Violadores del Verso,Cantando,hip hop,1436.0,False
raw dot product,1,Santana,Evil Ways,latin,Lauryn Hill,Interlude 5,r&b/soul,3945.0,False
raw dot product,2,Santana,Evil Ways,latin,Beastie Boys,B-Boy Bouillabaisse: A.W.O.L. (2009 Digital Remaster),hip hop,2783.0,False
raw dot product,1,Pink Martini,Anna (el negro zumbon),latin,Lauryn Hill,Interlude 5,r&b/soul,2965.0,False
raw dot product,2,Pink Martini,Anna (el negro zumbon),latin,Danity Kane,Hold Me Down (Album Version),r&b/soul,2314.0,False
raw dot product,1,Chavela Vargas,Piensa en mi,latin,Abba,Move On,pop,627.0,False
raw dot product,2,Chavela Vargas,Piensa en mi,latin,Violadores del Verso,Dale tiempo al rumor,hip hop,614.0,False
raw dot product,1,Santana,Esperando,latin,Beastie Boys,B-Boy Bouillabaisse: A.W.O.L. (2009 Digital Remaster),hip hop,1122.0,False
raw dot product,2,Santana,Esperando,latin,The Roots,Mellow My Man,hip hop,1113.0,False
raw dot product,1,Beyoncé,Beautiful Liar (Bello Embustero),latin,Enrique Iglesias,Miss You,latin,1932.0,True
raw dot product,2,Beyoncé,Beautiful Liar (Bello Embustero),latin,Violadores del Verso,Dale tiempo al rumor,hip hop,1779.0,False
raw dot product,1,Juanes,Rosario Tijeras,latin,Abba,Move On,pop,2808.0,False
raw dot product,2,Juanes,Rosario Tijeras,latin,Horace Andy,Horse With No Name,reggae,2595.0,False
raw dot product,1,Ricardo Arjona,Animal Nocturno,latin,Violadores del Verso,Dale tiempo al rumor,hip hop,2421.0,False
raw dot product,2,Ricardo Arjona,Animal Nocturno,latin,Violadores del Verso,Cantando,hip hop,2178.0,False
raw dot product,1,Camila,Alejate De Mi,latin,Violadores del Verso,Dale tiempo al rumor,hip hop,2804.0,False
raw dot product,2,Camila,Alejate De Mi,latin,Victor Manuelle,Lloré Lloré,latin,2504.0,True
raw dot product,1,Camila,Entre Tus Alas,latin,Violadores del Verso,Dale tiempo al rumor,hip hop,1915.0,False
raw dot product,2,Camila,Entre Tus Alas,latin,Violadores del Verso,Cantando,hip hop,1542.0,False
raw dot product,1,Camila,Me Basto,latin,Violadores del Verso,Dale tiempo al rumor,hip hop,1368.0,False
raw dot product,2,Camila,Me Basto,latin,Violadores del Verso,Cantando,hip hop,1265.0,False
raw dot product,1,Camila,Va Para Ti,latin,Enrique Iglesias,Miss You,latin,3888.0,True
raw dot product,2,Camila,Va Para Ti,latin,Tracey Ullman,Breakaway,pop,3474.0,False
raw dot product,1,Reik,Fui,latin,Violadores del Verso,Dale tiempo al rumor,hip hop,1123.0,False
raw dot product,2,Reik,Fui,latin,Violadores del Verso,Cantando,hip hop,963.0,False
raw dot product,1,Reik,Ilusionado,latin,Violadores del Verso,Dale tiempo al rumor,hip hop,1263.0,False
raw dot product,2,Reik,Ilusionado,latin,Los Van Van,El Negro Está Cocinando,latin,1189.0,True
raw dot product,1,Reik,Piel De Ciudad,latin,Violadores del Verso,Cantando,hip hop,1253.0,False
raw dot product,2,Reik,Piel De Ciudad,latin,Violadores del Verso,Dale tiempo al rumor,hip hop,1226.0,False
raw dot product,1,Reik,Quedate,latin,Violadores del Verso,Dale tiempo al rumor,hip hop,2547.0,False
raw dot product,2,Reik,Quedate,latin,Los Van Van,El Negro Está Cocinando,latin,2002.0,True
raw dot product,1,Animal Collective,Brother Sport,latin,Lauryn Hill,Interlude 5,r&b/soul,2783.0,False
raw dot product,2,Animal Collective,Brother Sport,latin,Michael Jackson,Man In The Mirror,pop,2126.0,False
raw dot product,1,Metallica,The Prince,metal,Beastie Boys,B-Boy Bouillabaisse: A.W.O.L. (2009 Digital Remaster),hip hop,1689.0,False
raw dot product,2,Metallica,The Prince,metal,Lauryn Hill,Interlude 5,r&b/soul,1523.0,False
raw dot product,1,Avenged Sevenfold,Second Heartbeat,metal,Lauryn Hill,Interlude 5,r&b/soul,3310.0,False
raw dot product,2,Avenged Sevenfold,Second Heartbeat,metal,Beastie Boys,B-Boy Bouillabaisse: A.W.O.L. (2009 Digital Remaster),hip hop,2658.0,False
raw dot product,1,Avenged Sevenfold,To End The Rapture,metal,Lauryn Hill,Interlude 5,r&b/soul,626.0,False
raw dot product,2,Avenged Sevenfold,To End The Rapture,metal,Ja Rule,One of Us,hip hop,343.0,False
raw dot product,1,blessthefall,Witness,metal,Lauryn Hill,Interlude 5,r&b/soul,5559.0,False
raw dot product,2,blessthefall,Witness,metal,Twista,I'm A Winner (Amended Album Version),hip hop,4362.0,False
raw dot product,1,HIM,Heartache Every Moment,metal,Lauryn Hill,Interlude 5,r&b/soul,2505.0,False
raw dot product,2,HIM,Heartache Every Moment,metal,Vanilla Ice,Ice Is Workin' It,hip hop,1834.0,False
raw dot product,1,HIM,Sigillum Diaboli,metal,Lauryn Hill,Interlude 5,r&b/soul,7876.0,False
raw dot product,2,HIM,Sigillum Diaboli,metal,Erykah Badu,I Want You,r&b/soul,6915.0,False
raw dot product,1,As I Lay Dying,Refined By Your Embrace,metal,Twista,I'm A Winner (Amended Album Version),hip hop,1451.0,False
raw dot product,2,As I Lay Dying,Refined By Your Embrace,metal,Lauryn Hill,Interlude 5,r&b/soul,1318.0,False
raw dot product,1,As I Lay Dying,The Innocence Spilled,metal,Lauryn Hill,Interlude 5,r&b/soul,1358.0,False
raw dot product,2,As I Lay Dying,The Innocence Spilled,metal,Beastie Boys,B-Boy Bouillabaisse: A.W.O.L. (2009 Digital Remaster),hip hop,1172.0,False
raw dot product,1,August Burns Red,An American Dream,metal,Lauryn Hill,Interlude 5,r&b/soul,623.0,False
raw dot product,2,August Burns Red,An American Dream,metal,Ja Rule,One of Us,hip hop,527.0,False
raw dot product,1,Underoath,The Changing Of Times,metal,Lauryn Hill,Interlude 5,r&b/soul,3021.0,False
raw dot product,2,Underoath,The Changing Of Times,metal,Twista,I'm A Winner (Amended Album Version),hip hop,2329.0,False
raw dot product,1,Haste The Day,Autumn,metal,Beastie Boys,B-Boy Bouillabaisse: A.W.O.L. (2009 Digital Remaster),hip hop,787.0,False
raw dot product,2,Haste The Day,Autumn,metal,Daft Punk,Touch It / Technologic,electronic,776.0,False
raw dot product,1,Haste The Day,Chorus Of Angels,metal,Ja Rule,One of Us,hip hop,2670.0,False
raw dot product,2,Haste The Day,Chorus Of Angels,metal,Lauryn Hill,Interlude 5,r&b/soul,2651.0,False
raw dot product,1,Demon Hunter,Follow The Wolves,metal,Ja Rule,One of Us,hip hop,1494.0,False
raw dot product,2,Demon Hunter,Follow The Wolves,metal,Eminem,If I Had,hip hop,1075.0,False
raw dot product,1,Demon Hunter,I Am You,metal,Lauryn Hill,Interlude 5,r&b/soul,3589.0,False
raw dot product,2,Demon Hunter,I Am You,metal,Beastie Boys,B-Boy Bouillabaisse: A.W.O.L. (2009 Digital Remaster),hip hop,2555.0,False
raw dot product,1,Demon Hunter,The Science Of Lies,metal,Lauryn Hill,Interlude 5,r&b/soul,2909.0,False
raw dot product,2,Demon Hunter,The Science Of Lies,metal,Ja Rule,One of Us,hip hop,2041.0,False
raw dot product,1,Ozzy Osbourne,Slow Down,metal,Lauryn Hill,Interlude 5,r&b/soul,5555.0,False
raw dot product,2,Ozzy Osbourne,Slow Down,metal,Twista,I'm A Winner (Amended Album Version),hip hop,4147.0,False
raw dot product,1,Ozzy Osbourne,Steal Away (The Night),metal,Lauryn Hill,Interlude 5,r&b/soul,2136.0,False
raw dot product,2,Ozzy Osbourne,Steal Away (The Night),metal,Beastie Boys,B-Boy Bouillabaisse: A.W.O.L. (2009 Digital Remaster),hip hop,1480.0,False
raw dot product,1,Megadeth,Black Curtains (2004 Digital Remaster),metal,Beastie Boys,B-Boy Bouillabaisse: A.W.O.L. (2009 Digital Remaster),hip hop,1522.0,False
raw dot product,2,Megadeth,Black Curtains (2004 Digital Remaster),metal,Lauryn Hill,Interlude 5,r&b/soul,1485.0,False
raw dot product,1,Megadeth,Die Dead Enough,metal,Beastie Boys,B-Boy Bouillabaisse: A.W.O.L. (2009 Digital Remaster),hip hop,7906.0,False
raw dot product,2,Megadeth,Die Dead Enough,metal,Eminem,8 Mile,hip hop,7598.0,False
raw dot product,1,Drowning Pool,Bodies,metal,Danity Kane,Hold Me Down (Album Version),r&b/soul,1981.0,False
raw dot product,2,Drowning Pool,Bodies,metal,Akon,Locked Up,hip hop,1906.0,False
raw dot product,1,Cannibal Corpse,Rotting Head,metal,Ja Rule,One of Us,hip hop,815.0,False
raw dot product,2,Cannibal Corpse,Rotting Head,metal,Beastie Boys,B-Boy Bouillabaisse: A.W.O.L. (2009 Digital Remaster),hip hop,724.0,False
raw dot product,1,Slipknot,Gehenna,metal,Lauryn Hill,Interlude 5,r&b/soul,6553.0,False
raw dot product,2,Slipknot,Gehenna,metal,Twista,I'm A Winner (Amended Album Version),hip hop,6296.0,False
raw dot product,1,Slipknot,[sic] [Explicit],metal,Lauryn Hill,Interlude 5,r&b/soul,5014.0,False
raw dot product,2,Slipknot,[sic] [Explicit],metal,Twista,I'm A Winner (Amended Album Version),hip hop,4682.0,False
raw dot product,1,Nine Inch Nails,Gunshots by Computer,metal,Lauryn Hill,Interlude 5,r&b/soul,3135.0,False
raw dot product,2,Nine Inch Nails,Gunshots by Computer,metal,Twista,I'm A Winner (Amended Album Version),hip hop,2542.0,False
raw dot product,1,Killswitch Engage,Hope Is... (Album Version),metal,Lauryn Hill,Interlude 5,r&b/soul,1777.0,False
raw dot product,2,Killswitch Engage,Hope Is... (Album Version),metal,Röyksopp,Remind Me (Live),electronic,1776.0,False
raw dot product,1,Opeth,The Moor,metal,Lauryn Hill,Interlude 5,r&b/soul,3473.0,False
raw dot product,2,Opeth,The Moor,metal,Beastie Boys,B-Boy Bouillabaisse: A.W.O.L. (2009 Digital Remaster),hip hop,2908.0,False
raw dot product,1,Atreyu,This Flesh A Tomb (Instrumental Version),metal,Lauryn Hill,Interlude 5,r&b/soul,4268.0,False
raw dot product,2,Atreyu,This Flesh A Tomb (Instrumental Version),metal,Beastie Boys,B-Boy Bouillabaisse: A.W.O.L. (2009 Digital Remaster),hip hop,3816.0,False
raw dot product,1,For Today,A Higher Standard,metal,Lauryn Hill,Interlude 5,r&b/soul,1972.0,False
raw dot product,2,For Today,A Higher Standard,metal,Vanilla Ice,Ice Is Workin' It,hip hop,1384.0,False
raw dot product,1,For Today,Redemption,metal,Lauryn Hill,Interlude 5,r&b/soul,1761.0,False
raw dot product,2,For Today,Redemption,metal,Beastie Boys,B-Boy Bouillabaisse: A.W.O.L. (2009 Digital Remaster),hip hop,1390.0,False
raw dot product,1,Lamb Of God,We Die Alone (Bonus Track),metal,Lauryn Hill,Interlude 5,r&b/soul,1626.0,False
raw dot product,2,Lamb Of God,We Die Alone (Bonus Track),metal,The Prodigy,We Gonna Rock,electronic,1182.0,False
raw dot product,1,STRATOVARIUS,Elements,metal,Lauryn Hill,Interlude 5,r&b/soul,2289.0,False
raw dot product,2,STRATOVARIUS,Elements,metal,Ja Rule,One of Us,hip hop,2216.0,False
raw dot product,1,STRATOVARIUS,Know The Difference,metal,Lauryn Hill,Interlude 5,r&b/soul,3160.0,False
raw dot product,2,STRATOVARIUS,Know The Difference,metal,Beastie Boys,B-Boy Bouillabaisse: A.W.O.L. (2009 Digital Remaster),hip hop,2246.0,False
raw dot product,1,System of a Down,Peephole,metal,Twista,I'm A Winner (Amended Album Version),hip hop,5819.0,False
raw dot product,2,System of a Down,Peephole,metal,Lauryn Hill,Interlude 5,r&b/soul,5190.0,False
raw dot product,1,Children Of Bodom,Hellhounds on My Trail,metal,Lauryn Hill,Interlude 5,r&b/soul,4753.0,False
raw dot product,2,Children Of Bodom,Hellhounds on My Trail,metal,Twista,I'm A Winner (Amended Album Version),hip hop,3783.0,False
raw dot product,1,Children Of Bodom,No Commands,metal,Lauryn Hill,Interlude 5,r&b/soul,2491.0,False
raw dot product,2,Children Of Bodom,No Commands,metal,Beastie Boys,B-Boy Bouillabaisse: A.W.O.L. (2009 Digital Remaster),hip hop,2308.0,False
raw dot product,1,Tori Amos,Mother (2006 Remastered Alternate Mix),metal,Lauryn Hill,Interlude 5,r&b/soul,3989.0,False
raw dot product,2,Tori Amos,Mother (2006 Remastered Alternate Mix),metal,Beastie Boys,B-Boy Bouillabaisse: A.W.O.L. (2009 Digital Remaster),hip hop,3698.0,False
raw dot product,1,Iron Maiden,Lord Of The Flies (Live In Dortmund),metal,Lauryn Hill,Interlude 5,r&b/soul,2778.0,False
raw dot product,2,Iron Maiden,Lord Of The Flies (Live In Dortmund),metal,Beastie Boys,B-Boy Bouillabaisse: A.W.O.L. (2009 Digital Remaster),hip hop,2016.0,False
raw dot product,1,Iron Maiden,Phantom Of The Opera (Live) (1998 Digital Remaster),metal,Lauryn Hill,Interlude 5,r&b/soul,4990.0,False
raw dot product,2,Iron Maiden,Phantom Of The Opera (Live) (1998 Digital Remaster),metal,Twista,I'm A Winner (Amended Album Version),hip hop,3658.0,False
raw dot product,1,Ill Niño,Re-Birth,metal,Lauryn Hill,Interlude 5,r&b/soul,9791.0,False
raw dot product,2,Ill Niño,Re-Birth,metal,Twista,I'm A Winner (Amended Album Version),hip hop,8922.0,False
raw dot product,1,Kamelot,This Pain,metal,Lauryn Hill,Interlude 5,r&b/soul,2009.0,False
raw dot product,2,Kamelot,This Pain,metal,Beastie Boys,B-Boy Bouillabaisse: A.W.O.L. (2009 Digital Remaster),hip hop,1722.0,False
raw dot product,1,Michael Jackson,You Are Not Alone,pop,Lauryn Hill,Interlude 5,r&b/soul,8798.0,False
raw dot product,2,Michael Jackson,You Are Not Alone,pop,Twista,I'm A Winner (Amended Album Version),hip hop,7672.0,False
raw dot product,1,Michael Jackson,Baby Be Mine,pop,Lauryn Hill,Interlude 5,r&b/soul,7579.0,False
raw dot product,2,Michael Jackson,Baby Be Mine,pop,Twista,I'm A Winner (Amended Album Version),hip hop,6234.0,False
raw dot product,1,Michael Jackson,Man In The Mirror,pop,Lauryn Hill,Interlude 5,r&b/soul,22971.0,False
raw dot product,2,Michael Jackson,Man In The Mirror,pop,Twista,I'm A Winner (Amended Album Version),hip hop,19432.0,False
raw dot product,1,Michael Jackson,Why You Wanna Trip On Me,pop,Lauryn Hill,Interlude 5,r&b/soul,4979.0,False
raw dot product,2,Michael Jackson,Why You Wanna Trip On Me,pop,Danity Kane,Hold Me Down (Album Version),r&b/soul,4785.0,False
raw dot product,1,Ke$ha,TiK ToK,pop,Lauryn Hill,Interlude 5,r&b/soul,4104.0,False
raw dot product,2,Ke$ha,TiK ToK,pop,Beastie Boys,B-Boy Bouillabaisse: A.W.O.L. (2009 Digital Remaster),hip hop,4058.0,False
raw dot product,1,Maroon 5,Nothing Lasts Forever,pop,Lauryn Hill,Interlude 5,r&b/soul,5698.0,False
raw dot product,2,Maroon 5,Nothing Lasts Forever,pop,Twista,I'm A Winner (Amended Album Version),hip hop,4709.0,False
raw dot product,1,Enrique Iglesias,Roamer,pop,Beastie Boys,B-Boy Bouillabaisse: A.W.O.L. (2009 Digital Remaster),hip hop,5514.0,False
raw dot product,2,Enrique Iglesias,Roamer,pop,Eminem,8 Mile,hip hop,4976.0,False
raw dot product,1,Jason Mraz,Live High (Album Version),pop,Lauryn Hill,Interlude 5,r&b/soul,2496.0,False
raw dot product,2,Jason Mraz,Live High (Album Version),pop,Daft Punk,Touch It / Technologic,electronic,2054.0,False
raw dot product,1,Mariah Carey,Did I Do That?,pop,Lauryn Hill,Interlude 5,r&b/soul,12494.0,False
raw dot product,2,Mariah Carey,Did I Do That?,pop,Twista,I'm A Winner (Amended Album Version),hip hop,9967.0,False
raw dot product,1,Mariah Carey,I'll Be There,pop,Lauryn Hill,Interlude 5,r&b/soul,7134.0,False
raw dot product,2,Mariah Carey,I'll Be There,pop,Twista,I'm A Winner (Amended Album Version),hip hop,6537.0,False
raw dot product,1,Natasha Bedingfield,I Think They're Thinking - Interlude,pop,Beastie Boys,B-Boy Bouillabaisse: A.W.O.L. (2009 Digital Remaster),hip hop,1039.0,False
raw dot product,2,Natasha Bedingfield,I Think They're Thinking - Interlude,pop,Lauryn Hill,Interlude 5,r&b/soul,1025.0,False
raw dot product,1,Natasha Bedingfield,Silent Movie,pop,Lauryn Hill,Interlude 5,r&b/soul,4849.0,False
raw dot product,2,Natasha Bedingfield,Silent Movie,pop,Twista,I'm A Winner (Amended Album Version),hip hop,3575.0,False
raw dot product,1,Natasha Bedingfield,Stumble,pop,Lauryn Hill,Interlude 5,r&b/soul,8293.0,False
raw dot product,2,Natasha Bedingfield,Stumble,pop,Twista,I'm A Winner (Amended Album Version),hip hop,7445.0,False
raw dot product,1,Enrique Iglesias,Heroe,pop,Twista,I'm A Winner (Amended Album Version),hip hop,5891.0,False
raw dot product,2,Enrique Iglesias,Heroe,pop,Lauryn Hill,Interlude 5,r&b/soul,5886.0,False
raw dot product,1,Enrique Iglesias,Little Girl,pop,Twista,I'm A Winner (Amended Album Version),hip hop,5753.0,False
raw dot product,2,Enrique Iglesias,Little Girl,pop,Lauryn Hill,Interlude 5,r&b/soul,5725.0,False
raw dot product,1,Enrique Iglesias,Ruleta Rusa,pop,Violadores del Verso,Dale tiempo al rumor,hip hop,2382.0,False
raw dot product,2,Enrique Iglesias,Ruleta Rusa,pop,Johnny Prez,Te Vuelvo Loca,reggae,2139.0,False
raw dot product,1,Enrique Iglesias,Contigo,pop,Violadores del Verso,Dale tiempo al rumor,hip hop,3252.0,False
raw dot product,2,Enrique Iglesias,Contigo,pop,Tego Calderon,Al Natural (Amended Version),latin,2707.0,False
raw dot product,1,Shakira,Años Luz,pop,Violadores del Verso,Dale tiempo al rumor,hip hop,2295.0,False
raw dot product,2,Shakira,Años Luz,pop,Violadores del Verso,Cantando,hip hop,1947.0,False
raw dot product,1,Sara Bareilles,Love Song,pop,Lauryn Hill,Interlude 5,r&b/soul,9640.0,False
raw dot product,2,Sara Bareilles,Love Song,pop,Twista,I'm A Winner (Amended Album Version),hip hop,9321.0,False
raw dot product,1,Christina Aguilera,Candyman,pop,Lauryn Hill,Interlude 5,r&b/soul,2374.0,False
raw dot product,2,Christina Aguilera,Candyman,pop,Beastie Boys,B-Boy Bouillabaisse: A.W.O.L. (2009 Digital Remaster),hip hop,2114.0,False
raw dot product,1,Selena Gomez & The Scene,Tell Me Something I Don't Know,pop,Lauryn Hill,Interlude 5,r&b/soul,11672.0,False
raw dot product,2,Selena Gomez & The Scene,Tell Me Something I Don't Know,pop,R. Kelly,I Mean (I Don't Mean It),r&b/soul,10461.0,False
raw dot product,1,Kelly Clarkson,Cry,pop,Lauryn Hill,Interlude 5,r&b/soul,9255.0,False
raw dot product,2,Kelly Clarkson,Cry,pop,Twista,I'm A Winner (Amended Album Version),hip hop,8700.0,False
raw dot product,1,Céline Dion,Zora sourit,pop,Lauryn Hill,Interlude 5,r&b/soul,983.0,False
raw dot product,2,Céline Dion,Zora sourit,pop,Twiztid,She Ain't Afraid,hip hop,770.0,False
raw dot product,1,Newsboys,Dance,pop,Lauryn Hill,Interlude 5,r&b/soul,2566.0,False
raw dot product,2,Newsboys,Dance,pop,Beastie Boys,B-Boy Bouillabaisse: A.W.O.L. (2009 Digital Remaster),hip hop,2058.0,False
raw dot product,1,Céline Dion,Partout Je Vois,pop,Lauryn Hill,Interlude 5,r&b/soul,5411.0,False
raw dot product,2,Céline Dion,Partout Je Vois,pop,Twista,I'm A Winner (Amended Album Version),hip hop,5291.0,False
raw dot product,1,Kelly Clarkson,Anytime,pop,Lauryn Hill,Interlude 5,r&b/soul,8741.0,False
raw dot product,2,Kelly Clarkson,Anytime,pop,Twista,I'm A Winner (Amended Album Version),hip hop,7814.0,False
raw dot product,1,Edward Sharpe & The Magnetic Zeros,Simplest Love,pop,Stevie Wonder,All Day Sucker,r&b/soul,665.0,False
raw dot product,2,Edward Sharpe & The Magnetic Zeros,Simplest Love,pop,Brick & Lace,Love Is Wicked,r&b/soul,547.0,False
raw dot product,1,Colbie Caillat,Midnight Bottle,pop,Lauryn Hill,Interlude 5,r&b/soul,3451.0,False
raw dot product,2,Colbie Caillat,Midnight Bottle,pop,Twista,I'm A Winner (Amended Album Version),hip hop,3062.0,False
raw dot product,1,Britney Spears,Let Me Be,pop,Lauryn Hill,Interlude 5,r&b/soul,11300.0,False
raw dot product,2,Britney Spears,Let Me Be,pop,Twista,I'm A Winner (Amended Album Version),hip hop,8604.0,False
raw dot product,1,Annie Lennox,Big Sky,pop,Lauryn Hill,Interlude 5,r&b/soul,3223.0,False
raw dot product,2,Annie Lennox,Big Sky,pop,Twista,I'm A Winner (Amended Album Version),hip hop,3098.0,False
raw dot product,1,Whitney Houston,Thinking About You,pop,Lauryn Hill,Interlude 5,r&b/soul,10860.0,False
raw dot product,2,Whitney Houston,Thinking About You,pop,Twista,I'm A Winner (Amended Album Version),hip hop,10022.0,False
raw dot product,1,Phil Collins,A Groovy Kind Of Love (Live),pop,Lauryn Hill,Interlude 5,r&b/soul,3709.0,False
raw dot product,2,Phil Collins,A Groovy Kind Of Love (Live),pop,Twista,I'm A Winner (Amended Album Version),hip hop,3303.0,False
raw dot product,1,Beyoncé,That's Why You're Beautiful,pop,Lauryn Hill,Interlude 5,r&b/soul,3180.0,False
raw dot product,2,Beyoncé,That's Why You're Beautiful,pop,Michael Jackson,Man In The Mirror,pop,2376.0,True
raw dot product,1,Whitney Houston,Step By Step,pop,Young Jeezy,By The Way,hip hop,5075.0,False
raw dot product,2,Whitney Houston,Step By Step,pop,Lauryn Hill,Interlude 5,r&b/soul,4369.0,False
raw dot product,1,Britney Spears,Piece Of Me (Main Version),pop,Lauryn Hill,Interlude 5,r&b/soul,8660.0,False
raw dot product,2,Britney Spears,Piece Of Me (Main Version),pop,Twista,I'm A Winner (Amended Album Version),hip hop,7165.0,False
raw dot product,1,Britney Spears,Can't Make You Love Me,pop,Lauryn Hill,Interlude 5,r&b/soul,12190.0,False
raw dot product,2,Britney Spears,Can't Make You Love Me,pop,Twista,I'm A Winner (Amended Album Version),hip hop,11738.0,False
raw dot product,1,Britney Spears,Girl In The Mirror,pop,Lauryn Hill,Interlude 5,r&b/soul,4724.0,False
raw dot product,2,Britney Spears,Girl In The Mirror,pop,Beastie Boys,B-Boy Bouillabaisse: A.W.O.L. (2009 Digital Remaster),hip hop,4639.0,False
raw dot product,1,Britney Spears,Radar,pop,Lauryn Hill,Interlude 5,r&b/soul,13754.0,False
raw dot product,2,Britney Spears,Radar,pop,Twista,I'm A Winner (Amended Album Version),hip hop,12861.0,False
raw dot product,1,Britney Spears,When Your Eyes Say It,pop,Lauryn Hill,Interlude 5,r&b/soul,9339.0,False
raw dot product,2,Britney Spears,When Your Eyes Say It,pop,Twista,I'm A Winner (Amended Album Version),hip hop,7408.0,False
raw dot product,1,Depeche Mode,Precious (Live In Milan),pop,Lauryn Hill,Interlude 5,r&b/soul,2123.0,False
raw dot product,2,Depeche Mode,Precious (Live In Milan),pop,Beastie Boys,B-Boy Bouillabaisse: A.W.O.L. (2009 Digital Remaster),hip hop,1578.0,False
raw dot product,1,Crystal Castles,Insectica,punk,Twista,I'm A Winner (Amended Album Version),hip hop,1492.0,False
raw dot product,2,Crystal Castles,Insectica,punk,Lauryn Hill,Interlude 5,r&b/soul,1490.0,False
raw dot product,1,Motion City Soundtrack,Cambridge (Album Version),punk,Lauryn Hill,Interlude 5,r&b/soul,1348.0,False
raw dot product,2,Motion City Soundtrack,Cambridge (Album Version),punk,Beastie Boys,B-Boy Bouillabaisse: A.W.O.L. (2009 Digital Remaster),hip hop,1270.0,False
raw dot product,1,Motion City Soundtrack,Disappear,punk,Twista,I'm A Winner (Amended Album Version),hip hop,5905.0,False
raw dot product,2,Motion City Soundtrack,Disappear,punk,Lauryn Hill,Interlude 5,r&b/soul,5816.0,False
raw dot product,1,Motion City Soundtrack,Fell in Love Without You (Cd),punk,Lauryn Hill,Interlude 5,r&b/soul,2793.0,False
raw dot product,2,Motion City Soundtrack,Fell in Love Without You (Cd),punk,Beastie Boys,B-Boy Bouillabaisse: A.W.O.L. (2009 Digital Remaster),hip hop,2047.0,False
raw dot product,1,Motion City Soundtrack,Point Of Extinction (Cd),punk,Lauryn Hill,Interlude 5,r&b/soul,5177.0,False
raw dot product,2,Motion City Soundtrack,Point Of Extinction (Cd),punk,Twista,I'm A Winner (Amended Album Version),hip hop,4914.0,False
raw dot product,1,Motion City Soundtrack,Stand Too Close,punk,Lauryn Hill,Interlude 5,r&b/soul,3802.0,False
raw dot product,2,Motion City Soundtrack,Stand Too Close,punk,Twista,I'm A Winner (Amended Album Version),hip hop,3555.0,False
raw dot product,1,Motion City Soundtrack,Worker Bee,punk,Beastie Boys,B-Boy Bouillabaisse: A.W.O.L. (2009 Digital Remaster),hip hop,1452.0,False
raw dot product,2,Motion City Soundtrack,Worker Bee,punk,Eminem,8 Mile,hip hop,1366.0,False
raw dot product,1,Interpol,Mind Over Time,punk,Lauryn Hill,Interlude 5,r&b/soul,1378.0,False
raw dot product,2,Interpol,Mind Over Time,punk,Beastie Boys,B-Boy Bouillabaisse: A.W.O.L. (2009 Digital Remaster),hip hop,1213.0,False
raw dot product,1,The Clash,I Fought The Law,punk,Lauryn Hill,Interlude 5,r&b/soul,4325.0,False
raw dot product,2,The Clash,I Fought The Law,punk,Beastie Boys,B-Boy Bouillabaisse: A.W.O.L. (2009 Digital Remaster),hip hop,4261.0,False
raw dot product,1,The Clash,The Magnificent Seven,punk,Lauryn Hill,Interlude 5,r&b/soul,7461.0,False
raw dot product,2,The Clash,The Magnificent Seven,punk,Twista,I'm A Winner (Amended Album Version),hip hop,5484.0,False
raw dot product,1,Yellowcard,Believe,punk,Lauryn Hill,Interlude 5,r&b/soul,4526.0,False
raw dot product,2,Yellowcard,Believe,punk,Beastie Boys,B-Boy Bouillabaisse: A.W.O.L. (2009 Digital Remaster),hip hop,3248.0,False
raw dot product,1,Yellowcard,Empty Apartment,punk,Lauryn Hill,Interlude 5,r&b/soul,5963.0,False
raw dot product,2,Yellowcard,Empty Apartment,punk,Twista,I'm A Winner (Amended Album Version),hip hop,4647.0,False
raw dot product,1,Rise Against,But Tonight We Dance,punk,Lauryn Hill,Interlude 5,r&b/soul,4386.0,False
raw dot product,2,Rise Against,But Tonight We Dance,punk,Beastie Boys,B-Boy Bouillabaisse: A.W.O.L. (2009 Digital Remaster),hip hop,3217.0,False
raw dot product,1,Rise Against,Faint Resemblance,punk,Lauryn Hill,Interlude 5,r&b/soul,3517.0,False
raw dot product,2,Rise Against,Faint Resemblance,punk,Beastie Boys,B-Boy Bouillabaisse: A.W.O.L. (2009 Digital Remaster),hip hop,2586.0,False
raw dot product,1,Rise Against,Survive,punk,Lauryn Hill,Interlude 5,r&b/soul,4185.0,False
raw dot product,2,Rise Against,Survive,punk,Hollywood Undead,Undead,hip hop,2796.0,False
raw dot product,1,Rise Against,The Dirt Whispered,punk,Beastie Boys,B-Boy Bouillabaisse: A.W.O.L. (2009 Digital Remaster),hip hop,3252.0,False
raw dot product,2,Rise Against,The Dirt Whispered,punk,Lauryn Hill,Interlude 5,r&b/soul,3062.0,False
raw dot product,1,The Offspring,Get It Right (Album Version),punk,Lauryn Hill,Interlude 5,r&b/soul,3935.0,False
raw dot product,2,The Offspring,Get It Right (Album Version),punk,Beastie Boys,B-Boy Bouillabaisse: A.W.O.L. (2009 Digital Remaster),hip hop,3449.0,False
raw dot product,1,The Offspring,Want You Bad,punk,Lauryn Hill,Interlude 5,r&b/soul,4813.0,False
raw dot product,2,The Offspring,Want You Bad,punk,Twista,I'm A Winner (Amended Album Version),hip hop,4510.0,False
raw dot product,1,The Offspring,Staring At The Sun,punk,Lauryn Hill,Interlude 5,r&b/soul,6817.0,False
raw dot product,2,The Offspring,Staring At The Sun,punk,Twista,I'm A Winner (Amended Album Version),hip hop,6499.0,False
raw dot product,1,Bad Religion,Operation Rescue,punk,Lauryn Hill,Interlude 5,r&b/soul,2094.0,False
raw dot product,2,Bad Religion,Operation Rescue,punk,Beastie Boys,B-Boy Bouillabaisse: A.W.O.L. (2009 Digital Remaster),hip hop,1450.0,False
raw dot product,1,Silverstein,When Broken Is Easily Fixed (Album Version),punk,Lauryn Hill,Interlude 5,r&b/soul,3968.0,False
raw dot product,2,Silverstein,When Broken Is Easily Fixed (Album Version),punk,Danity Kane,Hold Me Down (Album Version),r&b/soul,3347.0,False
raw dot product,1,The Cure,Want,punk,Lauryn Hill,Interlude 5,r&b/soul,5579.0,False
raw dot product,2,The Cure,Want,punk,Twista,I'm A Winner (Amended Album Version),hip hop,4571.0,False
raw dot product,1,Hey Monday,Josey,punk,Lauryn Hill,Interlude 5,r&b/soul,3317.0,False
raw dot product,2,Hey Monday,Josey,punk,Beastie Boys,B-Boy Bouillabaisse: A.W.O.L. (2009 Digital Remaster),hip hop,2241.0,False
raw dot product,1,The Clash,1-2 Crush On You,punk,Twista,I'm A Winner (Amended Album Version),hip hop,7262.0,False
raw dot product,2,The Clash,1-2 Crush On You,punk,Lauryn Hill,Interlude 5,r&b/soul,7112.0,False
raw dot product,1,The Clash,Brand New Cadillac,punk,Lauryn Hill,Interlude 5,r&b/soul,1562.0,False
raw dot product,2,The Clash,Brand New Cadillac,punk,Twiztid,She Ain't Afraid,hip hop,1429.0,False
raw dot product,1,The Clash,Cool Confusion,punk,Lauryn Hill,Interlude 5,r&b/soul,2022.0,False
raw dot product,2,The Clash,Cool Confusion,punk,Beastie Boys,B-Boy Bouillabaisse: A.W.O.L. (2009 Digital Remaster),hip hop,1901.0,False
raw dot product,1,The Clash,First Night Back In London,punk,Lauryn Hill,Interlude 5,r&b/soul,1438.0,False
raw dot product,2,The Clash,First Night Back In London,punk,Beastie Boys,B-Boy Bouillabaisse: A.W.O.L. (2009 Digital Remaster),hip hop,1407.0,False
raw dot product,1,The Clash,Inoculated City,punk,Lauryn Hill,Interlude 5,r&b/soul,1291.0,False
raw dot product,2,The Clash,Inoculated City,punk,Ja Rule,One of Us,hip hop,937.0,False
raw dot product,1,The Clash,Lost In The Supermarket,punk,Beastie Boys,B-Boy Bouillabaisse: A.W.O.L. (2009 Digital Remaster),hip hop,6301.0,False
raw dot product,2,The Clash,Lost In The Supermarket,punk,Eminem,8 Mile,hip hop,6162.0,False
raw dot product,1,The Clash,Overpowered By Funk,punk,Lauryn Hill,Interlude 5,r&b/soul,3126.0,False
raw dot product,2,The Clash,Overpowered By Funk,punk,Beastie Boys,B-Boy Bouillabaisse: A.W.O.L. (2009 Digital Remaster),hip hop,2672.0,False
raw dot product,1,Bad Religion,Automatic Man (Album Version),punk,Lauryn Hill,Interlude 5,r&b/soul,1916.0,False
raw dot product,2,Bad Religion,Automatic Man (Album Version),punk,Beastie Boys,B-Boy Bouillabaisse: A.W.O.L. (2009 Digital Remaster),hip hop,1374.0,False
raw dot product,1,Bad Religion,Chimaera (Album Version),punk,Lauryn Hill,Interlude 5,r&b/soul,5138.0,False
raw dot product,2,Bad Religion,Chimaera (Album Version),punk,Twista,I'm A Winner (Amended Album Version),hip hop,3017.0,False
raw dot product,1,Bad Religion,Damned to Be Free (Album Version),punk,Lauryn Hill,Interlude 5,r&b/soul,1601.0,False
raw dot product,2,Bad Religion,Damned to Be Free (Album Version),punk,Beastie Boys,B-Boy Bouillabaisse: A.W.O.L. (2009 Digital Remaster),hip hop,1506.0,False
raw dot product,1,Bad Religion,Get Off,punk,Lauryn Hill,Interlude 5,r&b/soul,3021.0,False
raw dot product,2,Bad Religion,Get Off,punk,Beastie Boys,B-Boy Bouillabaisse: A.W.O.L. (2009 Digital Remaster),hip hop,2859.0,False
raw dot product,1,Funeral For A Friend,Juneau,punk,Beastie Boys,B-Boy Bouillabaisse: A.W.O.L. (2009 Digital Remaster),hip hop,3078.0,False
raw dot product,2,Funeral For A Friend,Juneau,punk,Lauryn Hill,Interlude 5,r&b/soul,2904.0,False
raw dot product,1,Wire,Another The letter,punk,The Pharcyde,Otha Fish,hip hop,756.0,False
raw dot product,2,Wire,Another The letter,punk,Michael Jackson,Man In The Mirror,pop,664.0,False
raw dot product,1,Wire,Strange,punk,Public Enemy,Go Cat Go,hip hop,982.0,False
raw dot product,2,Wire,Strange,punk,Beastie Boys,B-Boy Bouillabaisse: A.W.O.L. (2009 Digital Remaster),hip hop,882.0,False
raw dot product,1,The Wonder Years,Dude_ What Is a Land Pirate?,punk,Lauryn Hill,Interlude 5,r&b/soul,4562.0,False
raw dot product,2,The Wonder Years,Dude_ What Is a Land Pirate?,punk,Beastie Boys,B-Boy Bouillabaisse: A.W.O.L. (2009 Digital Remaster),hip hop,3111.0,False
raw dot product,1,Dashboard Confessional,Again I Go Unnoticed,punk,Lauryn Hill,Interlude 5,r&b/soul,2719.0,False
raw dot product,2,Dashboard Confessional,Again I Go Unnoticed,punk,Beastie Boys,B-Boy Bouillabaisse: A.W.O.L. (2009 Digital Remaster),hip hop,2153.0,False
raw dot product,1,Dashboard Confessional,Carry This Picture,punk,Lauryn Hill,Interlude 5,r&b/soul,2326.0,False
raw dot product,2,Dashboard Confessional,Carry This Picture,punk,Beastie Boys,B-Boy Bouillabaisse: A.W.O.L. (2009 Digital Remaster),hip hop,2230.0,False
raw dot product,1,Usher,U R The One,r&b/soul,Lauryn Hill,Interlude 5,r&b/soul,6934.0,True
raw dot product,2,Usher,U R The One,r&b/soul,Twista,I'm A Winner (Amended Album Version),hip hop,6320.0,False
raw dot product,1,Chris Brown,Ain't No Way (You Won't Love Me),r&b/soul,Lauryn Hill,Interlude 5,r&b/soul,13073.0,True
raw dot product,2,Chris Brown,Ain't No Way (You Won't Love Me),r&b/soul,Twista,I'm A Winner (Amended Album Version),hip hop,11783.0,False
raw dot product,1,Usher,Nice & Slow,r&b/soul,Lauryn Hill,Interlude 5,r&b/soul,9962.0,True
raw dot product,2,Usher,Nice & Slow,r&b/soul,Twista,I'm A Winner (Amended Album Version),hip hop,7977.0,False
raw dot product,1,Usher,Roni,r&b/soul,Lauryn Hill,Interlude 5,r&b/soul,7646.0,True
raw dot product,2,Usher,Roni,r&b/soul,Twista,I'm A Winner (Amended Album Version),hip hop,6034.0,False
raw dot product,1,Chris Brown,Damage,r&b/soul,Lauryn Hill,Interlude 5,r&b/soul,9634.0,True
raw dot product,2,Chris Brown,Damage,r&b/soul,Twista,I'm A Winner (Amended Album Version),hip hop,7770.0,False
raw dot product,1,Chris Brown,Gotta Be Ur Man,r&b/soul,Lauryn Hill,Interlude 5,r&b/soul,10876.0,True
raw dot product,2,Chris Brown,Gotta Be Ur Man,r&b/soul,Twista,I'm A Winner (Amended Album Version),hip hop,10688.0,False
raw dot product,1,Akon,Birthmark,r&b/soul,Lauryn Hill,Interlude 5,r&b/soul,6947.0,True
raw dot product,2,Akon,Birthmark,r&b/soul,Eminem,My Darling,hip hop,6664.0,False
raw dot product,1,R. Kelly,Don't You Say No,r&b/soul,Lauryn Hill,Interlude 5,r&b/soul,12606.0,True
raw dot product,2,R. Kelly,Don't You Say No,r&b/soul,Twista,I'm A Winner (Amended Album Version),hip hop,10587.0,False
raw dot product,1,R. Kelly,Kickin' It With Your Girlfriend,r&b/soul,Lauryn Hill,Interlude 5,r&b/soul,14094.0,True
raw dot product,2,R. Kelly,Kickin' It With Your Girlfriend,r&b/soul,Beastie Boys,B-Boy Bouillabaisse: A.W.O.L. (2009 Digital Remaster),hip hop,11069.0,False
raw dot product,1,R. Kelly,Rise Up,r&b/soul,Lauryn Hill,Interlude 5,r&b/soul,10890.0,True
raw dot product,2,R. Kelly,Rise Up,r&b/soul,Twista,I'm A Winner (Amended Album Version),hip hop,7320.0,False
raw dot product,1,Mariah Carey,Joy Ride,r&b/soul,Lauryn Hill,Interlude 5,r&b/soul,5978.0,True
raw dot product,2,Mariah Carey,Joy Ride,r&b/soul,Beastie Boys,B-Boy Bouillabaisse: A.W.O.L. (2009 Digital Remaster),hip hop,3913.0,False
raw dot product,1,Mariah Carey,Sprung,r&b/soul,Lauryn Hill,Interlude 5,r&b/soul,7470.0,True
raw dot product,2,Mariah Carey,Sprung,r&b/soul,Twista,I'm A Winner (Amended Album Version),hip hop,6233.0,False
raw dot product,1,Luther Vandross,Never Too Much,r&b/soul,Lauryn Hill,Interlude 5,r&b/soul,5725.0,True
raw dot product,2,Luther Vandross,Never Too Much,r&b/soul,Beastie Boys,B-Boy Bouillabaisse: A.W.O.L. (2009 Digital Remaster),hip hop,4898.0,False
raw dot product,1,R. Kelly,Chocolate Factory,r&b/soul,Lauryn Hill,Interlude 5,r&b/soul,3809.0,True
raw dot product,2,R. Kelly,Chocolate Factory,r&b/soul,Beastie Boys,B-Boy Bouillabaisse: A.W.O.L. (2009 Digital Remaster),hip hop,3532.0,False
raw dot product,1,R. Kelly,I Mean (I Don't Mean It),r&b/soul,Erykah Badu,I Want You,r&b/soul,15433.0,True
raw dot product,2,R. Kelly,I Mean (I Don't Mean It),r&b/soul,Lauryn Hill,Interlude 5,r&b/soul,15352.0,True
raw dot product,1,R. Kelly,In The Kitchen,r&b/soul,Lauryn Hill,Interlude 5,r&b/soul,6246.0,True
raw dot product,2,R. Kelly,In The Kitchen,r&b/soul,Twista,I'm A Winner (Amended Album Version),hip hop,5069.0,False
raw dot product,1,Alicia Keys,Distance And Time,r&b/soul,Lauryn Hill,Interlude 5,r&b/soul,7585.0,True
raw dot product,2,Alicia Keys,Distance And Time,r&b/soul,Twista,I'm A Winner (Amended Album Version),hip hop,6058.0,False
raw dot product,1,Alicia Keys,Lover Man,r&b/soul,Lauryn Hill,Interlude 5,r&b/soul,3217.0,True
raw dot product,2,Alicia Keys,Lover Man,r&b/soul,Beastie Boys,B-Boy Bouillabaisse: A.W.O.L. (2009 Digital Remaster),hip hop,2711.0,False
raw dot product,1,Alicia Keys,Nobody Not Really (Interlude),r&b/soul,Beastie Boys,B-Boy Bouillabaisse: A.W.O.L. (2009 Digital Remaster),hip hop,1334.0,False
raw dot product,2,Alicia Keys,Nobody Not Really (Interlude),r&b/soul,Eminem,8 Mile,hip hop,1294.0,False
raw dot product,1,Alicia Keys,Piano & I,r&b/soul,Lauryn Hill,Interlude 5,r&b/soul,2512.0,True
raw dot product,2,Alicia Keys,Piano & I,r&b/soul,Erykah Badu,I Want You,r&b/soul,1823.0,True
raw dot product,1,Alicia Keys,Tell You Something (Nana's Reprise),r&b/soul,R. Kelly,I Mean (I Don't Mean It),r&b/soul,10886.0,True
raw dot product,2,Alicia Keys,Tell You Something (Nana's Reprise),r&b/soul,Lauryn Hill,Interlude 5,r&b/soul,10599.0,True
raw dot product,1,Alicia Keys,Try Sleeping With A Broken Heart,r&b/soul,Lauryn Hill,Interlude 5,r&b/soul,6576.0,True
raw dot product,2,Alicia Keys,Try Sleeping With A Broken Heart,r&b/soul,Twista,I'm A Winner (Amended Album Version),hip hop,6558.0,False
raw dot product,1,Alicia Keys,Why Do I Feel So Sad,r&b/soul,Lauryn Hill,Interlude 5,r&b/soul,4790.0,True
raw dot product,2,Alicia Keys,Why Do I Feel So Sad,r&b/soul,Beastie Boys,B-Boy Bouillabaisse: A.W.O.L. (2009 Digital Remaster),hip hop,3914.0,False
raw dot product,1,Alicia Keys,Lovin U,r&b/soul,Lauryn Hill,Interlude 5,r&b/soul,5212.0,True
raw dot product,2,Alicia Keys,Lovin U,r&b/soul,Twista,I'm A Winner (Amended Album Version),hip hop,4441.0,False
raw dot product,1,Jeremih,My Ride,r&b/soul,Beastie Boys,B-Boy Bouillabaisse: A.W.O.L. (2009 Digital Remaster),hip hop,9603.0,False
raw dot product,2,Jeremih,My Ride,r&b/soul,Lauryn Hill,Interlude 5,r&b/soul,8911.0,True
raw dot product,1,Jeremih,Starting All Over,r&b/soul,Lauryn Hill,Interlude 5,r&b/soul,4309.0,True
raw dot product,2,Jeremih,Starting All Over,r&b/soul,Eminem,8 Mile,hip hop,3490.0,False
raw dot product,1,Duffy,Oh Boy,r&b/soul,Beastie Boys,B-Boy Bouillabaisse: A.W.O.L. (2009 Digital Remaster),hip hop,2633.0,False
raw dot product,2,Duffy,Oh Boy,r&b/soul,Lauryn Hill,Interlude 5,r&b/soul,2569.0,True
raw dot product,1,Jay Sean,Maybe,r&b/soul,Lauryn Hill,Interlude 5,r&b/soul,6853.0,True
raw dot product,2,Jay Sean,Maybe,r&b/soul,Twista,I'm A Winner (Amended Album Version),hip hop,5753.0,False
raw dot product,1,Jay Sean,Stuck In the Middle,r&b/soul,Lauryn Hill,Interlude 5,r&b/soul,12543.0,True
raw dot product,2,Jay Sean,Stuck In the Middle,r&b/soul,Twista,I'm A Winner (Amended Album Version),hip hop,9064.0,False
raw dot product,1,Fantasia,Bump What Your Friends Say,r&b/soul,Lauryn Hill,Interlude 5,r&b/soul,6506.0,True
raw dot product,2,Fantasia,Bump What Your Friends Say,r&b/soul,Twista,I'm A Winner (Amended Album Version),hip hop,5421.0,False
raw dot product,1,Ray Charles,Smack Dab In The Middle,r&b/soul,Lauryn Hill,Interlude 5,r&b/soul,2713.0,True
raw dot product,2,Ray Charles,Smack Dab In The Middle,r&b/soul,Beastie Boys,B-Boy Bouillabaisse: A.W.O.L. (2009 Digital Remaster),hip hop,2404.0,False
raw dot product,1,Ray Charles,Don't You Know,r&b/soul,Lauryn Hill,Interlude 5,r&b/soul,3485.0,True
raw dot product,2,Ray Charles,Don't You Know,r&b/soul,Twista,I'm A Winner (Amended Album Version),hip hop,3029.0,False
raw dot product,1,Chrisette Michele,All I Ever Think About,r&b/soul,Lauryn Hill,Interlude 5,r&b/soul,11542.0,True
raw dot product,2,Chrisette Michele,All I Ever Think About,r&b/soul,Twista,I'm A Winner (Amended Album Version),hip hop,9801.0,False
raw dot product,1,Jackson 5,(You Were Made) Especially For Me,r&b/soul,Lauryn Hill,Interlude 5,r&b/soul,4829.0,True
raw dot product,2,Jackson 5,(You Were Made) Especially For Me,r&b/soul,Twista,I'm A Winner (Amended Album Version),hip hop,4158.0,False
raw dot product,1,Jackson 5,I Was Made To Love Her,r&b/soul,Lauryn Hill,Interlude 5,r&b/soul,4024.0,True
raw dot product,2,Jackson 5,I Was Made To Love Her,r&b/soul,Beastie Boys,B-Boy Bouillabaisse: A.W.O.L. (2009 Digital Remaster),hip hop,3548.0,False
raw dot product,1,Jackson 5,Bridge Over Troubled Water,r&b/soul,Twista,I'm A Winner (Amended Album Version),hip hop,2693.0,False
raw dot product,2,Jackson 5,Bridge Over Troubled Water,r&b/soul,Lauryn Hill,Interlude 5,r&b/soul,2692.0,True
raw dot product,1,Jackson 5,Goin' Back To Indiana,r&b/soul,Eminem,8 Mile,hip hop,4576.0,False
raw dot product,2,Jackson 5,Goin' Back To Indiana,r&b/soul,Beastie Boys,B-Boy Bouillabaisse: A.W.O.L. (2009 Digital Remaster),hip hop,4515.0,False
raw dot product,1,Jackson 5,Lookin' Through The Windows,r&b/soul,Lauryn Hill,Interlude 5,r&b/soul,2486.0,True
raw dot product,2,Jackson 5,Lookin' Through The Windows,r&b/soul,Life Without Buildings,New Town,rock,2307.0,False
raw dot product,1,Jackson 5,You've Changed,r&b/soul,Lauryn Hill,Interlude 5,r&b/soul,5733.0,True
raw dot product,2,Jackson 5,You've Changed,r&b/soul,Twista,I'm A Winner (Amended Album Version),hip hop,4991.0,False
raw dot product,1,Jazmine Sullivan,Switch!,r&b/soul,Lauryn Hill,Interlude 5,r&b/soul,7500.0,True
raw dot product,2,Jazmine Sullivan,Switch!,r&b/soul,Beastie Boys,B-Boy Bouillabaisse: A.W.O.L. (2009 Digital Remaster),hip hop,6752.0,False
raw dot product,1,The Police,One World (Not Three),reggae,Ja Rule,One of Us,hip hop,4884.0,False
raw dot product,2,The Police,One World (Not Three),reggae,Black Eyed Peas,One Tribe,hip hop,4671.0,False
raw dot product,1,Matisyahu,Close My Eyes,reggae,Lauryn Hill,Interlude 5,r&b/soul,12297.0,False
raw dot product,2,Matisyahu,Close My Eyes,reggae,Beastie Boys,B-Boy Bouillabaisse: A.W.O.L. (2009 Digital Remaster),hip hop,9562.0,False
raw dot product,1,Matisyahu,Exaltation,reggae,Lauryn Hill,Interlude 5,r&b/soul,2779.0,False
raw dot product,2,Matisyahu,Exaltation,reggae,Beastie Boys,B-Boy Bouillabaisse: A.W.O.L. (2009 Digital Remaster),hip hop,2489.0,False
raw dot product,1,Matisyahu,Fire and Heights,reggae,Lauryn Hill,Interlude 5,r&b/soul,11299.0,False
raw dot product,2,Matisyahu,Fire and Heights,reggae,Beastie Boys,B-Boy Bouillabaisse: A.W.O.L. (2009 Digital Remaster),hip hop,8616.0,False
raw dot product,1,Matisyahu,Jerusalem,reggae,Lauryn Hill,Interlude 5,r&b/soul,7300.0,False
raw dot product,2,Matisyahu,Jerusalem,reggae,Twista,I'm A Winner (Amended Album Version),hip hop,6014.0,False
raw dot product,1,Matisyahu,Warrior,reggae,Lauryn Hill,Interlude 5,r&b/soul,3969.0,False
raw dot product,2,Matisyahu,Warrior,reggae,Beastie Boys,B-Boy Bouillabaisse: A.W.O.L. (2009 Digital Remaster),hip hop,2558.0,False
raw dot product,1,Sublime,Don't Push,reggae,Lauryn Hill,Interlude 5,r&b/soul,8052.0,False
raw dot product,2,Sublime,Don't Push,reggae,Beastie Boys,B-Boy Bouillabaisse: A.W.O.L. (2009 Digital Remaster),hip hop,6833.0,False
raw dot product,1,Sublime,Pawn Shop,reggae,Lauryn Hill,Interlude 5,r&b/soul,2012.0,False
raw dot product,2,Sublime,Pawn Shop,reggae,Vanilla Ice,Ice Is Workin' It,hip hop,1897.0,False
raw dot product,1,Michael Franti & Spearhead,See you in the Light,reggae,Lauryn Hill,Interlude 5,r&b/soul,6730.0,False
raw dot product,2,Michael Franti & Spearhead,See you in the Light,reggae,Beastie Boys,B-Boy Bouillabaisse: A.W.O.L. (2009 Digital Remaster),hip hop,6249.0,False
raw dot product,1,Michael Franti & Spearhead,Sweet Little Lies,reggae,Lauryn Hill,Interlude 5,r&b/soul,4315.0,False
raw dot product,2,Michael Franti & Spearhead,Sweet Little Lies,reggae,Danity Kane,Hold Me Down (Album Version),r&b/soul,4271.0,False
raw dot product,1,McFly,The Way You Make Me Feel,reggae,Lauryn Hill,Interlude 5,r&b/soul,4823.0,False
raw dot product,2,McFly,The Way You Make Me Feel,reggae,Twista,I'm A Winner (Amended Album Version),hip hop,4702.0,False
raw dot product,1,Daddy Yankee,Grito Mundial,reggae,Abba,Move On,pop,2498.0,False
raw dot product,2,Daddy Yankee,Grito Mundial,reggae,Horace Andy,Horse With No Name,reggae,2336.0,True
raw dot product,1,tobyMac,Get This Party Started: Ghost Remix,reggae,Vanilla Ice,It's A Party,hip hop,3509.0,False
raw dot product,2,tobyMac,Get This Party Started: Ghost Remix,reggae,Lauryn Hill,Interlude 5,r&b/soul,3469.0,False
raw dot product,1,Bob Marley & The Wailers,Africa Unite,reggae,Lauryn Hill,Interlude 5,r&b/soul,2306.0,False
raw dot product,2,Bob Marley & The Wailers,Africa Unite,reggae,Daft Punk,Touch It / Technologic,electronic,1770.0,False
raw dot product,1,Bob Marley & The Wailers,Could You Be Loved,reggae,Lauryn Hill,Interlude 5,r&b/soul,8724.0,False
raw dot product,2,Bob Marley & The Wailers,Could You Be Loved,reggae,Twista,I'm A Winner (Amended Album Version),hip hop,6834.0,False
raw dot product,1,Bob Marley,No Water,reggae,Lauryn Hill,Interlude 5,r&b/soul,1905.0,False
raw dot product,2,Bob Marley,No Water,reggae,Twista,I'm A Winner (Amended Album Version),hip hop,1729.0,False
raw dot product,1,Bob Marley & The Wailers,One Love / People Get Ready,reggae,Black Eyed Peas,One Tribe,hip hop,2810.0,False
raw dot product,2,Bob Marley & The Wailers,One Love / People Get Ready,reggae,Lauryn Hill,Interlude 5,r&b/soul,2710.0,False
raw dot product,1,Bob Marley,Try Me,reggae,Danity Kane,Hold Me Down (Album Version),r&b/soul,4652.0,False
raw dot product,2,Bob Marley,Try Me,reggae,Five,That's What You Told Me,pop,4357.0,False
raw dot product,1,Bob Marley & The Wailers,Baby We've Got A Date (Rock It Baby),reggae,Daft Punk,Touch It / Technologic,electronic,4353.0,False
raw dot product,2,Bob Marley & The Wailers,Baby We've Got A Date (Rock It Baby),reggae,Vanilla Ice,Ice Is Workin' It,hip hop,3983.0,False
raw dot product,1,Bob Marley & The Wailers,Johnny Was,reggae,Lauryn Hill,Interlude 5,r&b/soul,2088.0,False
raw dot product,2,Bob Marley & The Wailers,Johnny Was,reggae,Beastie Boys,B-Boy Bouillabaisse: A.W.O.L. (2009 Digital Remaster),hip hop,1679.0,False
raw dot product,1,Bob Marley,Riding High,reggae,Lauryn Hill,Interlude 5,r&b/soul,4582.0,False
raw dot product,2,Bob Marley,Riding High,reggae,Twista,I'm A Winner (Amended Album Version),hip hop,4519.0,False
raw dot product,1,Bob Marley,Soul Shakedown,reggae,Lauryn Hill,Interlude 5,r&b/soul,2678.0,False
raw dot product,2,Bob Marley,Soul Shakedown,reggae,Danity Kane,Hold Me Down (Album Version),r&b/soul,2272.0,False
raw dot product,1,Bob Marley & The Wailers,Trenchtown Rock,reggae,Lauryn Hill,Interlude 5,r&b/soul,6045.0,False
raw dot product,2,Bob Marley & The Wailers,Trenchtown Rock,reggae,Twista,I'm A Winner (Amended Album Version),hip hop,4927.0,False
raw dot product,1,Massive Attack,Eternal Feedback (Sly),reggae,Lauryn Hill,Interlude 5,r&b/soul,2040.0,False
raw dot product,2,Massive Attack,Eternal Feedback (Sly),reggae,Eminem,8 Mile,hip hop,1918.0,False
raw dot product,1,Bob Marley & The Wailers,Black Progress,reggae,Lauryn Hill,Interlude 5,r&b/soul,2085.0,False
raw dot product,2,Bob Marley & The Wailers,Black Progress,reggae,Beastie Boys,B-Boy Bouillabaisse: A.W.O.L. (2009 Digital Remaster),hip hop,1651.0,False
raw dot product,1,Bob Marley & The Wailers,Reggae On Broadway,reggae,Vanilla Ice,It's A Party,hip hop,5402.0,False
raw dot product,2,Bob Marley & The Wailers,Reggae On Broadway,reggae,Beastie Boys,B-Boy Bouillabaisse: A.W.O.L. (2009 Digital Remaster),hip hop,4712.0,False
raw dot product,1,Bob Marley,Rebels Hop,reggae,Lauryn Hill,Interlude 5,r&b/soul,1908.0,False
raw dot product,2,Bob Marley,Rebels Hop,reggae,Twista,I'm A Winner (Amended Album Version),hip hop,1729.0,False
raw dot product,1,Bob Marley,Stop The Train,reggae,Rufio,Over It (Acoustic),punk,3033.0,False
raw dot product,2,Bob Marley,Stop The Train,reggae,Eminem,8 Mile,hip hop,3023.0,False
raw dot product,1,Bob Marley & The Wailers,This Train,reggae,The Roots,Mellow My Man,hip hop,922.0,False
raw dot product,2,Bob Marley & The Wailers,This Train,reggae,C-Block,My Life,hip hop,772.0,False
raw dot product,1,N-Dubz,Defeat You,reggae,Twista,I'm A Winner (Amended Album Version),hip hop,6490.0,False
raw dot product,2,N-Dubz,Defeat You,reggae,Beastie Boys,B-Boy Bouillabaisse: A.W.O.L. (2009 Digital Remaster),hip hop,5913.0,False
raw dot product,1,N-Dubz,Don't Get Nine,reggae,Lauryn Hill,Interlude 5,r&b/soul,13592.0,False
raw dot product,2,N-Dubz,Don't Get Nine,reggae,Twista,I'm A Winner (Amended Album Version),hip hop,12944.0,False
raw dot product,1,N-Dubz,Feva Las Vegas,reggae,Lauryn Hill,Interlude 5,r&b/soul,7573.0,False
raw dot product,2,N-Dubz,Feva Las Vegas,reggae,Beastie Boys,B-Boy Bouillabaisse: A.W.O.L. (2009 Digital Remaster),hip hop,6842.0,False
raw dot product,1,N-Dubz,Secrets,reggae,Lauryn Hill,Interlude 5,r&b/soul,6656.0,False
raw dot product,2,N-Dubz,Secrets,reggae,Beastie Boys,B-Boy Bouillabaisse: A.W.O.L. (2009 Digital Remaster),hip hop,6212.0,False
raw dot product,1,N-Dubz,Work Work,reggae,Lauryn Hill,Interlude 5,r&b/soul,11505.0,False
raw dot product,2,N-Dubz,Work Work,reggae,Twista,I'm A Winner (Amended Album Version),hip hop,10897.0,False
raw dot product,1,Dropkick Murphys,Good Rats (Live),reggae,Lauryn Hill,Interlude 5,r&b/soul,2195.0,False
raw dot product,2,Dropkick Murphys,Good Rats (Live),reggae,Michael Jackson,Man In The Mirror,pop,1431.0,False
raw dot product,1,Tito El Bambino,Sol_ Playa Y Arena,reggae,Violadores del Verso,Dale tiempo al rumor,hip hop,2235.0,False
raw dot product,2,Tito El Bambino,Sol_ Playa Y Arena,reggae,Abba,Move On,pop,2188.0,False
raw dot product,1,UB40,I Don't Want To See You Cry,reggae,Lauryn Hill,Interlude 5,r&b/soul,3817.0,False
raw dot product,2,UB40,I Don't Want To See You Cry,reggae,Eminem,My Darling,hip hop,3186.0,False
raw dot product,1,UB40,Come Back Darling,reggae,Lauryn Hill,Interlude 5,r&b/soul,2963.0,False
raw dot product,2,UB40,Come Back Darling,reggae,Twista,I'm A Winner (Amended Album Version),hip hop,2877.0,False
raw dot product,1,UB40,Here I Am (Come And Take Me),reggae,Lauryn Hill,Interlude 5,r&b/soul,5488.0,False
raw dot product,2,UB40,Here I Am (Come And Take Me),reggae,Danity Kane,Hold Me Down (Album Version),r&b/soul,4568.0,False
raw dot product,1,UB40,Light My Fire,reggae,Lauryn Hill,Interlude 5,r&b/soul,2535.0,False
raw dot product,2,UB40,Light My Fire,reggae,Vanilla Ice,It's A Party,hip hop,2189.0,False
raw dot product,1,Coldplay,Til Kingdom Come,rock,Lauryn Hill,Interlude 5,r&b/soul,4973.0,False
raw dot product,2,Coldplay,Til Kingdom Come,rock,Twista,I'm A Winner (Amended Album Version),hip hop,3977.0,False
raw dot product,1,Bruce Springsteen,Brothers Under The Bridges ('83),rock,Lauryn Hill,Interlude 5,r&b/soul,2450.0,False
raw dot product,2,Bruce Springsteen,Brothers Under The Bridges ('83),rock,Beastie Boys,B-Boy Bouillabaisse: A.W.O.L. (2009 Digital Remaster),hip hop,2066.0,False
raw dot product,1,Bruce Springsteen,The Big Payback,rock,Lauryn Hill,Interlude 5,r&b/soul,5271.0,False
raw dot product,2,Bruce Springsteen,The Big Payback,rock,Beastie Boys,B-Boy Bouillabaisse: A.W.O.L. (2009 Digital Remaster),hip hop,4785.0,False
raw dot product,1,Bruce Springsteen,The Ties That Bind,rock,Lauryn Hill,Interlude 5,r&b/soul,4341.0,False
raw dot product,2,Bruce Springsteen,The Ties That Bind,rock,Twista,I'm A Winner (Amended Album Version),hip hop,3105.0,False
raw dot product,1,The Killers,Sam's Town,rock,Lauryn Hill,Interlude 5,r&b/soul,4587.0,False
raw dot product,2,The Killers,Sam's Town,rock,Beastie Boys,B-Boy Bouillabaisse: A.W.O.L. (2009 Digital Remaster),hip hop,4306.0,False
raw dot product,1,Muse,Pink Ego Box,rock,Lauryn Hill,Interlude 5,r&b/soul,2509.0,False
raw dot product,2,Muse,Pink Ego Box,rock,Twista,I'm A Winner (Amended Album Version),hip hop,2423.0,False
raw dot product,1,OneRepublic,Secrets,rock,Beastie Boys,B-Boy Bouillabaisse: A.W.O.L. (2009 Digital Remaster),hip hop,4649.0,False
raw dot product,2,OneRepublic,Secrets,rock,Lauryn Hill,Interlude 5,r&b/soul,4646.0,False
raw dot product,1,Bon Jovi,Come Back,rock,Lauryn Hill,Interlude 5,r&b/soul,5431.0,False
raw dot product,2,Bon Jovi,Come Back,rock,The Simpsons,Do The Bartman,hip hop,4639.0,False
raw dot product,1,The Rolling Stones,Time Is On My Side,rock,Lauryn Hill,Interlude 5,r&b/soul,5512.0,False
raw dot product,2,The Rolling Stones,Time Is On My Side,rock,Beastie Boys,B-Boy Bouillabaisse: A.W.O.L. (2009 Digital Remaster),hip hop,4177.0,False
raw dot product,1,The Rolling Stones,Fight (1994 Digital Remaster),rock,Twista,I'm A Winner (Amended Album Version),hip hop,2633.0,False
raw dot product,2,The Rolling Stones,Fight (1994 Digital Remaster),rock,Beastie Boys,B-Boy Bouillabaisse: A.W.O.L. (2009 Digital Remaster),hip hop,2473.0,False
raw dot product,1,Bon Jovi,This Ain't A Love Song,rock,Lauryn Hill,Interlude 5,r&b/soul,7508.0,False
raw dot product,2,Bon Jovi,This Ain't A Love Song,rock,Beastie Boys,B-Boy Bouillabaisse: A.W.O.L. (2009 Digital Remaster),hip hop,6756.0,False
raw dot product,1,Bon Jovi,Superman Tonight,rock,Lauryn Hill,Interlude 5,r&b/soul,6716.0,False
raw dot product,2,Bon Jovi,Superman Tonight,rock,Twista,I'm A Winner (Amended Album Version),hip hop,6492.0,False
raw dot product,1,Guns N' Roses,Bad Obsession,rock,Lauryn Hill,Interlude 5,r&b/soul,4959.0,False
raw dot product,2,Guns N' Roses,Bad Obsession,rock,Vanilla Ice,Ice Is Workin' It,hip hop,4298.0,False
raw dot product,1,Elvis Presley,Anything That's Part Of You,rock,Lauryn Hill,Interlude 5,r&b/soul,2391.0,False
raw dot product,2,Elvis Presley,Anything That's Part Of You,rock,Twista,I'm A Winner (Amended Album Version),hip hop,2099.0,False
raw dot product,1,Flyleaf,So I Thought,rock,Lauryn Hill,Interlude 5,r&b/soul,5229.0,False
raw dot product,2,Flyleaf,So I Thought,rock,Beastie Boys,B-Boy Bouillabaisse: A.W.O.L. (2009 Digital Remaster),hip hop,4046.0,False
raw dot product,1,The Smashing Pumpkins,You're All I've Got Tonight,rock,Lauryn Hill,Interlude 5,r&b/soul,4719.0,False
raw dot product,2,The Smashing Pumpkins,You're All I've Got Tonight,rock,Twista,I'm A Winner (Amended Album Version),hip hop,4640.0,False
raw dot product,1,Snow Patrol,Signal Fire,rock,Lauryn Hill,Interlude 5,r&b/soul,4296.0,False
raw dot product,2,Snow Patrol,Signal Fire,rock,Danity Kane,Hold Me Down (Album Version),r&b/soul,3898.0,False
raw dot product,1,Snow Patrol,The Lightning Strike,rock,Lauryn Hill,Interlude 5,r&b/soul,9419.0,False
raw dot product,2,Snow Patrol,The Lightning Strike,rock,Beastie Boys,B-Boy Bouillabaisse: A.W.O.L. (2009 Digital Remaster),hip hop,6572.0,False
raw dot product,1,Nirvana,Dumb,rock,Eminem,8 Mile,hip hop,5761.0,False
raw dot product,2,Nirvana,Dumb,rock,Mario Vazquez,Everytime I...,r&b/soul,5532.0,False
raw dot product,1,Nirvana,Something In The Way,rock,Beastie Boys,B-Boy Bouillabaisse: A.W.O.L. (2009 Digital Remaster),hip hop,1654.0,False
raw dot product,2,Nirvana,Something In The Way,rock,The Pharcyde,Otha Fish,hip hop,1620.0,False
raw dot product,1,Switchfoot,Oh! Gravity.,rock,Abba,Move On,pop,3476.0,False
raw dot product,2,Switchfoot,Oh! Gravity.,rock,Horace Andy,Horse With No Name,reggae,3220.0,False
raw dot product,1,The White Stripes,Hotel Yorba,rock,Lauryn Hill,Interlude 5,r&b/soul,3474.0,False
raw dot product,2,The White Stripes,Hotel Yorba,rock,Beastie Boys,B-Boy Bouillabaisse: A.W.O.L. (2009 Digital Remaster),hip hop,3262.0,False
raw dot product,1,The White Stripes,Prickly Thorn_ But Sweetly Worn (Live),rock,Electrelane,Cut And Run,punk,2005.0,False
raw dot product,2,The White Stripes,Prickly Thorn_ But Sweetly Worn (Live),rock,Tryo,Yakamonéyé,reggae,2000.0,False
raw dot product,1,The White Stripes,St. Andrew (This Battle Is In The Air),rock,Beastie Boys,B-Boy Bouillabaisse: A.W.O.L. (2009 Digital Remaster),hip hop,1264.0,False
raw dot product,2,The White Stripes,St. Andrew (This Battle Is In The Air),rock,R. Kelly,I Mean (I Don't Mean It),r&b/soul,1222.0,False
raw dot product,1,The Decemberists,I Was Meant For the Stage,rock,Lauryn Hill,Interlude 5,r&b/soul,3248.0,False
raw dot product,2,The Decemberists,I Was Meant For the Stage,rock,Beastie Boys,B-Boy Bouillabaisse: A.W.O.L. (2009 Digital Remaster),hip hop,2799.0,False
raw dot product,1,Cake,Alpha Beta Parking Lot,rock,Public Enemy,Go Cat Go,hip hop,1168.0,False
raw dot product,2,Cake,Alpha Beta Parking Lot,rock,Bowling For Soup,Here We Go,punk,932.0,False
raw dot product,1,The Smashing Pumpkins,An Ode To No One,rock,Lauryn Hill,Interlude 5,r&b/soul,5496.0,False
raw dot product,2,The Smashing Pumpkins,An Ode To No One,rock,Twista,I'm A Winner (Amended Album Version),hip hop,4564.0,False
raw dot product,1,The Fray,Over My Head (Cable Car),rock,Beastie Boys,B-Boy Bouillabaisse: A.W.O.L. (2009 Digital Remaster),hip hop,5072.0,False
raw dot product,2,The Fray,Over My Head (Cable Car),rock,Lauryn Hill,Interlude 5,r&b/soul,4981.0,False
raw dot product,1,Interpol,No I In Threesome,rock,Lauryn Hill,Interlude 5,r&b/soul,3523.0,False
raw dot product,2,Interpol,No I In Threesome,rock,Beastie Boys,B-Boy Bouillabaisse: A.W.O.L. (2009 Digital Remaster),hip hop,2279.0,False
raw dot product,1,Interpol,Pace Is The Trick,rock,Lauryn Hill,Interlude 5,r&b/soul,7670.0,False
raw dot product,2,Interpol,Pace Is The Trick,rock,Twista,I'm A Winner (Amended Album Version),hip hop,6745.0,False
raw dot product,1,Pink Floyd,Embryo,rock,Beastie Boys,B-Boy Bouillabaisse: A.W.O.L. (2009 Digital Remaster),hip hop,570.0,False
raw dot product,2,Pink Floyd,Embryo,rock,Eminem,8 Mile,hip hop,522.0,False
raw dot product,1,Buckcherry,Borderline,rock,Lauryn Hill,Interlude 5,r&b/soul,4443.0,False
raw dot product,2,Buckcherry,Borderline,rock,Twista,I'm A Winner (Amended Album Version),hip hop,3252.0,False
raw dot product,1,Nine Inch Nails,March Of The Pigs,rock,Lauryn Hill,Interlude 5,r&b/soul,3227.0,False
raw dot product,2,Nine Inch Nails,March Of The Pigs,rock,Daft Punk,Touch It / Technologic,electronic,3205.0,False
raw dot product,1,Nine Inch Nails,Burn,rock,Lauryn Hill,Interlude 5,r&b/soul,7001.0,False
raw dot product,2,Nine Inch Nails,Burn,rock,Twista,I'm A Winner (Amended Album Version),hip hop,6435.0,False
raw dot product,1,Nine Inch Nails,Something I Can Never Have,rock,Lauryn Hill,Interlude 5,r&b/soul,5843.0,False
raw dot product,2,Nine Inch Nails,Something I Can Never Have,rock,Twista,I'm A Winner (Amended Album Version),hip hop,5555.0,False
raw dot product,1,Eagles,It's Your World Now,rock,Lauryn Hill,Interlude 5,r&b/soul,2221.0,False
raw dot product,2,Eagles,It's Your World Now,rock,Beastie Boys,B-Boy Bouillabaisse: A.W.O.L. (2009 Digital Remaster),hip hop,1948.0,False
raw dot product,1,Bob Dylan,Something There Is About You,rock,Lauryn Hill,Interlude 5,r&b/soul,3707.0,False
raw dot product,2,Bob Dylan,Something There Is About You,rock,Beastie Boys,B-Boy Bouillabaisse: A.W.O.L. (2009 Digital Remaster),hip hop,2735.0,False
raw dot product,1,Hawk Nelson,From Underneath,rock,Lauryn Hill,Interlude 5,r&b/soul,5271.0,False
raw dot product,2,Hawk Nelson,From Underneath,rock,Twista,I'm A Winner (Amended Album Version),hip hop,4153.0,False
raw dot product,1,Hawk Nelson,Turn It On,rock,Daft Punk,Touch It / Technologic,electronic,5163.0,False
raw dot product,2,Hawk Nelson,Turn It On,rock,Vanilla Ice,Ice Is Workin' It,hip hop,4137.0,False
raw dot product,1,Hawk Nelson,Something On My Mind,rock,Lauryn Hill,Interlude 5,r&b/soul,5348.0,False
raw dot product,2,Hawk Nelson,Something On My Mind,rock,Beastie Boys,B-Boy Bouillabaisse: A.W.O.L. (2009 Digital Remaster),hip hop,5240.0,False
raw cosine,1,Michael Jackson,All The Things You Are,blues,Tony Bennett,You're All The World To Me,jazz,0.73913808345401,False
raw cosine,2,Michael Jackson,All The Things You Are,blues,Patricia Barber,You're The Top,jazz,0.7316274421252662,False
raw cosine,1,John Mayer,Vultures,blues,Naked Aggression,Plastic World,punk,0.6692922727596603,False
raw cosine,2,John Mayer,Vultures,blues,Ozma,The Ups And Downs,rock,0.6557604034160445,False
raw cosine,1,John Mayer,Out Of My Mind,blues,Fat Joe,Preacher On A Sunday Morning,hip hop,0.6782620363865318,False
raw cosine,2,John Mayer,Out Of My Mind,blues,Calvin Harris,Ready For The Weekend,electronic,0.6750246601106777,False
raw cosine,1,R. Kelly,Hump Bounce,blues,The Derek Trucks Band,All I Do,blues,0.667718031491555,True
raw cosine,2,R. Kelly,Hump Bounce,blues,Avalon,Overjoyed,pop,0.6534939234987447,False
raw cosine,1,R. Kelly,Intro - The Sermon,blues,Beastie Boys,B-Boy Bouillabaisse: A.W.O.L. (2009 Digital Remaster),hip hop,0.758552189169887,False
raw cosine,2,R. Kelly,Intro - The Sermon,blues,Blues Traveler,Hook,blues,0.756381455883275,True
raw cosine,1,Michael Jackson,Call On Me,blues,Albert Hammond Jr,G Up,rock,0.8100800277820065,False
raw cosine,2,Michael Jackson,Call On Me,blues,Anastacia,Club Megamix,rock,0.8097786208426687,False
raw cosine,1,The Black Keys,Oceans and Streams,blues,Manafest,Runaway,hip hop,0.7156599537949512,False
raw cosine,2,The Black Keys,Oceans and Streams,blues,The Cat Empire,The Car Song,reggae,0.7093541132995728,False
raw cosine,1,The Black Keys,10 A.M. Automatic,blues,Warrant,Bad Tattoo,metal,0.6552596777324119,False
raw cosine,2,The Black Keys,10 A.M. Automatic,blues,Doyle Bramhall,Dimples,jazz,0.6187185674368255,False
raw cosine,1,The Black Keys,Aeroplane Blues,blues,Johnny Cash,I Don't Know Where I'm Bound,country,0.7834660807446496,False
raw cosine,2,The Black Keys,Aeroplane Blues,blues,LMFAO,I Am Not A Whore,electronic,0.7553117160686514,False
raw cosine,1,The Black Keys,All Hands Against His Own,blues,Leonard Cohen,The Stranger Song,folk,0.4971205446381256,False
raw cosine,2,The Black Keys,All Hands Against His Own,blues,Brandy,Give Me You,r&b/soul,0.4888152706435525,False
raw cosine,1,The Black Keys,Black Door,blues,Kandi,I Wanna Know,r&b/soul,0.8441646524652541,False
raw cosine,2,The Black Keys,Black Door,blues,Julia Fordham,Genius,electronic,0.7291485984915439,False
raw cosine,1,The Black Keys,Busted,blues,Bow Wow,Sunshine,hip hop,0.7627562450752137,False
raw cosine,2,The Black Keys,Busted,blues,The Clash,1-2 Crush On You,punk,0.7517032510777701,False
raw cosine,1,The Black Keys,Give Your Heart Away,blues,Elton John,Heart In The Right Place,pop,0.5617462530236114,False
raw cosine,2,The Black Keys,Give Your Heart Away,blues,Kenny Rogers,Endless love,country,0.5577415118492398,False
raw cosine,1,The Black Keys,Grown So Ugly,blues,Robert Johnson,32 20 Blues,blues,0.6855150363674519,True
raw cosine,2,The Black Keys,Grown So Ugly,blues,Once Nothing,The Dust Of A Town,metal,0.6679150172978023,False
raw cosine,1,The Black Keys,Hard Row,blues,Dance Hall Crashers,Othello,reggae,0.6276589313861644,False
raw cosine,2,The Black Keys,Hard Row,blues,Eyes Set to Kill,All You Ever Knew,metal,0.621784412849926,False
raw cosine,1,The Black Keys,I Got Mine,blues,Gary Moore,Ain't Nobody,blues,0.7023112300132486,True
raw cosine,2,The Black Keys,I Got Mine,blues,Veronica Maggio,I staden växer inga blommor,pop,0.6898684822115774,False
raw cosine,1,The Black Keys,If You See Me,blues,Ann Lee,Smooth & Sweet,pop,0.7445770452629388,False
raw cosine,2,The Black Keys,If You See Me,blues,Hafdis Huld,Plastic Halo,pop,0.7422477473632884,False
raw cosine,1,The Black Keys,Lies,blues,Pop Will Eat Itself,I've Always Been A Coward Baby,electronic,0.6401766373602283,False
raw cosine,2,The Black Keys,Lies,blues,Das Ich,Lügen Und Das Ich,electronic,0.6287694619975158,False
raw cosine,1,The Black Keys,Next Girl,blues,Jesse Johnson,I Want My Girl,r&b/soul,0.7358411173733655,False
raw cosine,2,The Black Keys,Next Girl,blues,OTT,Be My Girl,electronic,0.6751375721634584,False
raw cosine,1,The Black Keys,No Fun,blues,The Stooges,No Fun (Remasterd LP Version),punk,0.8699962032182403,False
raw cosine,2,The Black Keys,No Fun,blues,Yerba Buena,No No No,latin,0.5712988047253571,False
raw cosine,1,The Black Keys,Stack Shot Billy,blues,George Jones,Who Shot Sam,country,0.48924194357973777,False
raw cosine,2,The Black Keys,Stack Shot Billy,blues,Thursday,Unintended Long Term Effects,punk,0.4641938517020844,False
raw cosine,1,The Black Keys,Ten Cent Pistol,blues,The Boomtown Rats,Diamond Smiles,rock,0.5586788128389328,False
raw cosine,2,The Black Keys,Ten Cent Pistol,blues,The Corrs,Queen Of Hollywood ( LP Version ),pop,0.5431163452312806,False
raw cosine,1,The Black Keys,The Flame,blues,Digital Underground,Sex Packets (LP Version),hip hop,0.6299231171848717,False
raw cosine,2,The Black Keys,The Flame,blues,Lauryn Hill,Interlude 5,r&b/soul,0.6291489352766583,False
raw cosine,1,The Black Keys,These Days,blues,Gregg Allman,These Days,country,0.670605161857436,False
raw cosine,2,The Black Keys,These Days,blues,Hot Water Music,The Sense,punk,0.6307612191887608,False
raw cosine,1,The Black Keys,When The Lights Go Out,blues,Shannon McNally,Down And Dirty,blues,0.5795693115308373,True
raw cosine,2,The Black Keys,When The Lights Go Out,blues,Donnie,Do You Know?,r&b/soul,0.5781506783083159,False
raw cosine,1,The Black Keys,Have Love Will Travel,blues,Lisa Stansfield,Somewhere In Time,jazz,0.6698115401794407,False
raw cosine,2,The Black Keys,Have Love Will Travel,blues,Burden Of A Day,My Forfeit,metal,0.6271956421817664,False
raw cosine,1,Ray Charles,C.C. Rider,blues,Harry Belafonte,Angelina,latin,0.713714348878679,False
raw cosine,2,Ray Charles,C.C. Rider,blues,Jeff Timmons,Can't You See,pop,0.7060401258180394,False
raw cosine,1,Ray Charles,I Got a Woman,blues,The Pharcyde,Passin' Me By,hip hop,0.6271014613120457,False
raw cosine,2,Ray Charles,I Got a Woman,blues,Gentleman,Empress,reggae,0.6211101328495388,False
raw cosine,1,Ray Charles,The Sun's Gonna Shine Again,blues,Skip James,Devil Got My Woman,blues,0.5696912691762414,True
raw cosine,2,Ray Charles,The Sun's Gonna Shine Again,blues,Robben Ford,The Way You Treated Me (You're Gonna Be Sorry),blues,0.5577570277273353,True
raw cosine,1,Ray Charles,Losing Hand,blues,LL Cool J,Lollipop,hip hop,0.7561962839199741,False
raw cosine,2,Ray Charles,Losing Hand,blues,Wild Strawberries,Heroine,folk,0.756067027843703,False
raw cosine,1,Blake Shelton,Nobody But Me (Album Version),blues,Webb Pierce,I Ain't Never,country,0.7093228630758824,False
raw cosine,2,Blake Shelton,Nobody But Me (Album Version),blues,En Vogue,Love Don't Love You (LP Version),r&b/soul,0.700632809590511,False
raw cosine,1,Etta James,A Sunday Kind of Love,blues,Astrud Gilberto,And Roses And Roses,jazz,0.6520805604100922,False
raw cosine,2,Etta James,A Sunday Kind of Love,blues,Melissa Etheridge,Fearless Love,rock,0.6374657574594913,False
raw cosine,1,Etta James,I Just Want To Make Love To You,blues,Willie Dixon,I Just Want To Make Love To You,blues,0.8602212578815764,True
raw cosine,2,Etta James,I Just Want To Make Love To You,blues,Jesse Johnson,Love Struck,r&b/soul,0.8335277879280489,False
raw cosine,1,Etta James,My Dearest Darling,blues,Kenny Rogers,Endless love,country,0.7090147186016058,False
raw cosine,2,Etta James,My Dearest Darling,blues,Angie Stone,Snowflakes,r&b/soul,0.7016972764662263,False
raw cosine,1,Etta James,W.O.M.A.N.,blues,Pretty Maids,Perfect Stranger,metal,0.7408304133687239,False
raw cosine,2,Etta James,W.O.M.A.N.,blues,The Darkness,Givin' Up (Clean Version),rock,0.7350005406724144,False
raw cosine,1,Eric Clapton,Alberta,blues,Bay City Rollers,Lovely To See You,pop,0.626346080342961,False
raw cosine,2,Eric Clapton,Alberta,blues,Shannon McNally,Down And Dirty,blues,0.623717588308047,True
raw cosine,1,Eric Clapton,Before You Accuse Me (Take A Look At Yourself),blues,Bo Diddley,Before You Accuse Me,blues,0.885745926261553,True
raw cosine,2,Eric Clapton,Before You Accuse Me (Take A Look At Yourself),blues,Fat Joe,Preacher On A Sunday Morning,hip hop,0.6330220103140114,False
raw cosine,1,Eric Clapton,Early In The Morning,blues,Gil Scott-Heron,Me And The Devil,blues,0.5968675616148561,True
raw cosine,2,Eric Clapton,Early In The Morning,blues,Seventh Day Slumber,Broken Buildings,rock,0.5930414797492458,False
raw cosine,1,Eric Clapton,Floating Bridge,blues,Lupe Fiasco,Hurt Me Soul (Explicit Album Version),hip hop,0.6664681902367555,False
raw cosine,2,Eric Clapton,Floating Bridge,blues,Onyx,Feel Me,hip hop,0.656911610446021,False
raw cosine,1,Eric Clapton,Kind Hearted Woman Blues (Album Version),blues,Robert Johnson,Kindhearted Woman Blues,blues,0.9482073883144873,True
raw cosine,2,Eric Clapton,Kind Hearted Woman Blues (Album Version),blues,Jonny Lang,Breakin Me,blues,0.7003492917357614,True
raw cosine,1,Michael Bublé,That's All (Album Version),classical,Hindi Zahra,Fascination (Album Version),jazz,0.7865780716762889,False
raw cosine,2,Michael Bublé,That's All (Album Version),classical,Mayday Parade,One Man Drinking Games,punk,0.7373932721322488,False
raw cosine,1,Josh Groban,America (Revised Live Version),classical,Simon & Garfunkel,America,folk,0.9947246396459665,False
raw cosine,2,Josh Groban,America (Revised Live Version),classical,Brand Nubian,All For One (Explicit) (2006 Remastered LP Version),hip hop,0.7508391938954497,False
raw cosine,1,Josh Groban,Broken Vow (Album Version),classical,G4,Broken Vow,classical,0.9991177766257915,True
raw cosine,2,Josh Groban,Broken Vow (Album Version),classical,Alexandra Burke,Overcome,r&b/soul,0.8176179338967285,False
raw cosine,1,Josh Groban,Gira Con Me Questa Notte (Album Version),classical,Gemelli Diversi,Istruzioni Per L'(Ill)uso,hip hop,0.75529830179037,False
raw cosine,2,Josh Groban,Gira Con Me Questa Notte (Album Version),classical,Vittorio Grigolo,Roma Sogna,classical,0.7421281052485834,True
raw cosine,1,Josh Groban,Hymne A L'Amour (Album Version),classical,Amandine Bourgeois,L'Homme De La Situation,pop,0.7702577482588894,False
raw cosine,2,Josh Groban,Hymne A L'Amour (Album Version),classical,Zazie,Tomber Le Masque,pop,0.7484485448986042,False
raw cosine,1,Josh Groban,It Came Upon A Midnight Clear (Album Version),classical,Travis,Sing,pop,0.5495001711304566,False
raw cosine,2,Josh Groban,It Came Upon A Midnight Clear (Album Version),classical,Barry Manilow,Sing It,rock,0.45772139224764413,False
raw cosine,1,Josh Groban,Let Me Fall (From Cirque du Soleil) (Album Version),classical,JET,Let Me Out,rock,0.6734951718494046,False
raw cosine,2,Josh Groban,Let Me Fall (From Cirque du Soleil) (Album Version),classical,Robbie Williams,Come Take Me Over,pop,0.6575239358312595,False
raw cosine,1,Josh Groban,Mi Mancherai (Il Postino) (Revised Live Version),classical,Il Divo,Adagio,classical,0.7146649400837465,True
raw cosine,2,Josh Groban,Mi Mancherai (Il Postino) (Revised Live Version),classical,Il Divo,Musica,classical,0.6953392321425388,True
raw cosine,1,Josh Groban,My Confession (Album Version),classical,The Distillers,I Understand,punk,0.7893759960732115,False
raw cosine,2,Josh Groban,My Confession (Album Version),classical,Common,Book Of Life,hip hop,0.7679380626950867,False
raw cosine,1,Josh Groban,Oceano (Revised Live Version),classical,Bluvertigo,Niente Per Scontato,electronic,0.8193238354908697,False
raw cosine,2,Josh Groban,Oceano (Revised Live Version),classical,Paul Potts,Mamma,classical,0.7964779230746887,True
raw cosine,1,Josh Groban,Remember When It Rained (Album Version),classical,Copeland,The Day I Lost My Voice (The Suitcase Song),rock,0.5532172062804781,False
raw cosine,2,Josh Groban,Remember When It Rained (Album Version),classical,Steely Dan,I Can't Function,rock,0.5002960267694229,False
raw cosine,1,Josh Groban,Remember When It Rained (Revised Live Version),classical,Copeland,The Day I Lost My Voice (The Suitcase Song),rock,0.5532172062804781,False
raw cosine,2,Josh Groban,Remember When It Rained (Revised Live Version),classical,Steely Dan,I Can't Function,rock,0.5002960267694229,False
raw cosine,1,Josh Groban,Smile,classical,a1,Learn To Fly,pop,0.6907654148388254,False
raw cosine,2,Josh Groban,Smile,classical,Pain of Salvation,Spitfall,metal,0.6683181023375242,False
raw cosine,1,Josh Groban,Solo Por Ti (Album Version),classical,Fey,Solo Por Bailar,pop,0.6368036318282508,False
raw cosine,2,Josh Groban,Solo Por Ti (Album Version),classical,Sebastien Tellier,League Chicanos,latin,0.6311773477025603,False
raw cosine,1,Josh Groban,Un Giorno Per Noi (Album Version),classical,Sergio Cammariere,Oggi,jazz,0.72109294214476,False
raw cosine,2,Josh Groban,Un Giorno Per Noi (Album Version),classical,Frankie HI-NRG MC,Sana E Robusta,hip hop,0.6687940083445564,False
raw cosine,1,Josh Groban,Vincent (Starry_ Starry Night) (Album Version),classical,Damien Dempsey,Colony,folk,0.6861895412846089,False
raw cosine,2,Josh Groban,Vincent (Starry_ Starry Night) (Album Version),classical,Lauryn Hill,Interlude 5,r&b/soul,0.6777439830339153,False
raw cosine,1,Josh Groban,When You Say You Love Me (Album Version),classical,Lyle Lovett,North Dakota,country,0.80153950644782,False
raw cosine,2,Josh Groban,When You Say You Love Me (Album Version),classical,Liz Phair,Go On Ahead,rock,0.7994179058074643,False
raw cosine,1,Josh Groban,You Raise Me Up (Album Version),classical,Russell Watson,You Raise Me Up,classical,0.9950341894694665,True
raw cosine,2,Josh Groban,You Raise Me Up (Album Version),classical,David Crowder*Band,All Around Me,classical,0.7121688843972471,True
raw cosine,1,Josh Groban,Believe (Album Version),classical,Beverley Craven,Phoenix From The Fire,folk,0.626074851774407,False
raw cosine,2,Josh Groban,Believe (Album Version),classical,Cilla Black,Alfie,pop,0.6253044259172873,False
raw cosine,1,Johnny Cash,Away In A Manger,classical,Kenny G,Away In A Manger,jazz,0.9859194045679841,False
raw cosine,2,Johnny Cash,Away In A Manger,classical,Fiddler's Green,Matty Groves,folk,0.47960640532661186,False
raw cosine,1,Josh Groban,Cinema Paradiso (Se) (Album Version),classical,Il Divo,La Promesa,classical,0.7954084308108675,True
raw cosine,2,Josh Groban,Cinema Paradiso (Se) (Album Version),classical,Vittorio Grigolo,Se Tu Non Sei Lei,classical,0.7318229110975953,True
raw cosine,1,David Crowder*Band,All Around Me,classical,Godsmack,Asleep,folk,0.8592162924345821,False
raw cosine,2,David Crowder*Band,All Around Me,classical,Room Eleven,Bitch,jazz,0.8086388634157978,False
raw cosine,1,The Game,Black Opera,classical,Clawfinger,Revenge,metal,0.8012772171146152,False
raw cosine,2,The Game,Black Opera,classical,Wu-Tang Clan,Brooklyn Zoo,hip hop,0.8002431245726551,False
raw cosine,1,David Bowie,Baal's Hymn,classical,King Geedorah,The Fine Print,hip hop,0.6432554026190045,False
raw cosine,2,David Bowie,Baal's Hymn,classical,MC Paul Barman,Anarchist Bookstore part 1,hip hop,0.6272950822072653,False
raw cosine,1,Il Divo,Adagio,classical,Amici Forever,Adagio,classical,0.9098364354359195,True
raw cosine,2,Il Divo,Adagio,classical,Paul Potts,Mamma,classical,0.7979626251385126,True
raw cosine,1,Il Divo,Adeste Fideles,classical,Markus Krunegård,Maria & Jag,pop,0.49019783069304296,False
raw cosine,2,Il Divo,Adeste Fideles,classical,Rory Gallagher,Out On The Western Plain,blues,0.4324602385462706,False
raw cosine,1,Il Divo,All By Myself (Solo Otra Vez),classical,Cristian Castro,Mi Vida Sin Tu Amor,latin,0.5525911709742081,False
raw cosine,2,Il Divo,All By Myself (Solo Otra Vez),classical,Rey Ruiz,Mienteme Otra Véz,latin,0.5104334508883596,False
raw cosine,1,Il Divo,Amazing Grace,classical,Hayley Westenra,Amazing Grace,classical,0.9385832358180597,True
raw cosine,2,Il Divo,Amazing Grace,classical,RKL,Heavily Sedated,metal,0.660524748914091,False
raw cosine,1,Il Divo,Angelina,classical,Héroes del Silencio,El Camino Del Exceso,rock,0.6951570020964439,False
raw cosine,2,Il Divo,Angelina,classical,El sueño de Morfeo,Sonrisa especial,latin,0.6471482610213863,False
raw cosine,1,Il Divo,Ave Maria,classical,Vittorio Grigolo,Roma Sogna,classical,0.786174672285308,True
raw cosine,2,Il Divo,Ave Maria,classical,Frankie HI-NRG MC,Fili,rock,0.7397016455482035,False
raw cosine,1,Il Divo,Caruso,classical,Lara Fabian,Caruso,classical,0.9193250772511166,True
raw cosine,2,Il Divo,Caruso,classical,Gemelli Diversi,Istruzioni Per L'(Ill)uso,hip hop,0.8298857841304109,False
raw cosine,1,Il Divo,Come Primavera,classical,Emma Shapplin,Spente Le Stelle,classical,0.7995198612873297,True
raw cosine,2,Il Divo,Come Primavera,classical,Gemelli Diversi,Istruzioni Per L'(Ill)uso,hip hop,0.7571808488447995,False
raw cosine,1,Il Divo,Dentro Un Altro Si,classical,Marlene Kuntz,L'Abbraccio,rock,0.7027642214999338,False
raw cosine,2,Il Divo,Dentro Un Altro Si,classical,Le Luci Della Centrale Elettrica,Per combattere l'acne,folk,0.6676322629936194,False
raw cosine,1,Il Divo,En Aranjuez Con Tu Amor,classical,Amici Forever,Aranjuez Ma Pensee,classical,0.9335646034372748,True
raw cosine,2,Il Divo,En Aranjuez Con Tu Amor,classical,Joan Manuel Serrat,Mediterraneo,folk,0.750269999800567,False
raw cosine,1,Il Divo,Enamorado,classical,Maelo Ruiz,Te Amo,latin,0.6048569845242214,False
raw cosine,2,Il Divo,Enamorado,classical,Monica Naranjo,Mi Vida Por Un Hombre,latin,0.600584856955925,False
raw cosine,1,Il Divo,Esisti Dentro Me,classical,Elvis Crespo,Tu Sonrisa,latin,0.7364983154558858,False
raw cosine,2,Il Divo,Esisti Dentro Me,classical,Luis Miguel,Tú Sólo Tú,latin,0.6946636272626638,False
raw cosine,1,Il Divo,Everytime I Look At You,classical,G4,Broken Vow,classical,0.785685329769337,True
raw cosine,2,Il Divo,Everytime I Look At You,classical,Josh Groban,Broken Vow (Album Version),classical,0.7854657595066026,True
raw cosine,1,Il Divo,Feelings,classical,Amari,30 Anni Che Non Ci Vediamo,rock,0.561627704599423,False
raw cosine,2,Il Divo,Feelings,classical,Bluvertigo,Niente Per Scontato,electronic,0.5183294265427325,False
raw cosine,1,Il Divo,Hallelujah (Aleluya),classical,La Oreja de Van Gogh,El 28,pop,0.8069257041942584,False
raw cosine,2,Il Divo,Hallelujah (Aleluya),classical,Grupo Niche,Buenaventura Y Caney,latin,0.7925756164222795,False
raw cosine,1,Il Divo,Hasta Mi Final,classical,Maelo Ruiz,Te Amo,latin,0.7518165289526645,False
raw cosine,2,Il Divo,Hasta Mi Final,classical,Terranova,De Oro,electronic,0.7238348508329221,False
raw cosine,1,Taylor Swift,Crazier,country,Amerie,Higher,r&b/soul,0.8285183629788707,False
raw cosine,2,Taylor Swift,Crazier,country,Chely Wright,Between A Mother And A Child,country,0.802752120542994,True
raw cosine,1,Taylor Swift,Fifteen,country,Damian Marley,In 2 Deep,reggae,0.7915295297454146,False
raw cosine,2,Taylor Swift,Fifteen,country,HELLYEAH,Nausea,metal,0.7846891050344484,False
raw cosine,1,Taylor Swift,Change,country,Ella Fitzgerald,Manhattan,jazz,0.7060299871271949,False
raw cosine,2,Taylor Swift,Change,country,Modern Life Is War,Destination: Death or Better Days,metal,0.6951206402644413,False
raw cosine,1,Toby Keith,You Can't Read My Mind,country,Anastacia,Club Megamix,rock,0.7850343722677622,False
raw cosine,2,Toby Keith,You Can't Read My Mind,country,Amanda Jenssen,Don't Worry,r&b/soul,0.7600207058389225,False
raw cosine,1,Johnny Cash,Man In White,country,Faron Young,Riverboat,country,0.7816857758870969,True
raw cosine,2,Johnny Cash,Man In White,country,Snoop Dogg,Snoopafella (Edited),hip hop,0.7777342903652562,False
raw cosine,1,Rascal Flatts,Holes,country,Joni Mitchell,Lesson In Survival  (LP Version),folk,0.7300440017706726,False
raw cosine,2,Rascal Flatts,Holes,country,RKL,Heavily Sedated,metal,0.7170517807545665,False
raw cosine,1,Sugarland,Baby Girl,country,Michael Bublé,Stuck In The Middle With You (Non-Album Track),jazz,0.7615568958346628,False
raw cosine,2,Sugarland,Baby Girl,country,Gary Allan,Promise Broken,country,0.7558746520014389,True
raw cosine,1,Billy Currington,Growin' Up Down There,country,The Streets,The Irony Of It All (Album Version),electronic,0.6201209486854647,False
raw cosine,2,Billy Currington,Growin' Up Down There,country,N-Dubz,Sex,hip hop,0.6136865487323041,False
raw cosine,1,Billy Currington,Hangin' Around,country,Kevin Devine,Fever Moon,folk,0.7820229244846428,False
raw cosine,2,Billy Currington,Hangin' Around,country,The Corrs,Irresistible ( LP Version ),pop,0.7622138448986552,False
raw cosine,1,Billy Currington,Here I Am,country,Aesop Rock,Shovel,hip hop,0.6728972979458699,False
raw cosine,2,Billy Currington,Here I Am,country,Michael Bublé,Stuck In The Middle With You (Non-Album Track),jazz,0.6639332944888543,False
raw cosine,1,Billy Currington,She's Got A Way With Me,country,Josh Turner,Haywire,country,0.6877574022043238,True
raw cosine,2,Billy Currington,She's Got A Way With Me,country,Atmosphere,Hair,hip hop,0.6805413610899474,False
raw cosine,1,Billy Currington,That's How Country Boys Roll,country,The Dubliners,The Molly Maguires,folk,0.6627476516448516,False
raw cosine,2,Billy Currington,That's How Country Boys Roll,country,Dropkick Murphys,Good Rats (Live),reggae,0.657535505639407,False
raw cosine,1,Billy Currington,Where The Girls Are,country,Public Image Ltd,Where Are You?,punk,0.615703793608475,False
raw cosine,2,Billy Currington,Where The Girls Are,country,Antimatter,Legions,rock,0.5868124042218467,False
raw cosine,1,Johnny Cash,Daddy Sang Bass,country,Pentangle,Will the Circle Be Unbroken?,folk,0.6466624512983471,False
raw cosine,2,Johnny Cash,Daddy Sang Bass,country,Opera IX,Immortal Chant,metal,0.6124981666150326,False
raw cosine,1,Johnny Cash,I Don't Know Where I'm Bound,country,LMFAO,I Am Not A Whore,electronic,0.8141630205966732,False
raw cosine,2,Johnny Cash,I Don't Know Where I'm Bound,country,Sylver,Fallin',electronic,0.8067178260046389,False
raw cosine,1,Johnny Cash,I Was There When It Happened,country,Common,Book Of Life,hip hop,0.7439474803569341,False
raw cosine,2,Johnny Cash,I Was There When It Happened,country,Bananarama,Lovebite,pop,0.7432422527106193,False
raw cosine,1,Johnny Cash,The Big Battle,country,Solefald,Loki Trickster God,metal,0.7077191201951414,False
raw cosine,2,Johnny Cash,The Big Battle,country,KRS ONE,I'm On The Mic,reggae,0.7025329622074038,False
raw cosine,1,Johnny Cash,A Thing Called Love,country,Aesop Rock,Mars Attacks,hip hop,0.6354993566190082,False
raw cosine,2,Johnny Cash,A Thing Called Love,country,Company Flow,The Fire In Which You Burn (feat. J-Treds & The Brewin From The Juggaknots),hip hop,0.628286960495905,False
raw cosine,1,Johnny Cash,You Dreamer You,country,Heavenly,Tool,pop,0.73902950200792,False
raw cosine,2,Johnny Cash,You Dreamer You,country,Jay-Jay Johanson,I fantasize of you,electronic,0.732366781996161,False
raw cosine,1,Johnny Cash,I Walk The Line,country,Brian McKnight,Holdin' On [Missin' U] (Album Version),r&b/soul,0.7462065159147478,False
raw cosine,2,Johnny Cash,I Walk The Line,country,Ben Folds Five,Don't Change Your Plans,rock,0.7415873503133033,False
raw cosine,1,Johnny Cash,Life's Railway To Heaven,country,Andrea Bocelli,The Lords Prayer,classical,0.5290289628252949,False
raw cosine,2,Johnny Cash,Life's Railway To Heaven,country,Amici Forever,The Prayer,classical,0.49985125687607795,False
raw cosine,1,Darius Rucker,If I Had Wings,country,Unsung Zeros,Intermission,punk,0.7678579905899893,False
raw cosine,2,Darius Rucker,If I Had Wings,country,Manafest,Runaway,hip hop,0.7288463950344173,False
raw cosine,1,Luke Bryan,Pray About Everything,country,Diamond Rio,One More Day,country,0.6298372370782167,True
raw cosine,2,Luke Bryan,Pray About Everything,country,Savoy Brown,Stay While The Night Is Young,blues,0.5729797706813592,False
raw cosine,1,Keith Urban,Your Everything,country,The Dells,It's All Up To You,r&b/soul,0.7678901566477074,False
raw cosine,2,Keith Urban,Your Everything,country,Momus,Closer To You,electronic,0.7059135987895176,False
raw cosine,1,Toby Keith,A Little Too Late,country,Smokie,Little Lucy,rock,0.5202315706346798,False
raw cosine,2,Toby Keith,A Little Too Late,country,Zeromancer,My Little Tragedy,electronic,0.48304258290331054,False
raw cosine,1,Toby Keith,Who's Your Daddy?,country,Aretha Franklin,Who's Zoomin' Who?,r&b/soul,0.654082332274138,False
raw cosine,2,Toby Keith,Who's Your Daddy?,country,Marques Houston,Cancel (Album Version),r&b/soul,0.6313135852066396,False
raw cosine,1,Toby Keith,A Woman's Touch,country,Moxy Fruvous,The Greatest Man In America,folk,0.5358087570140317,False
raw cosine,2,Toby Keith,A Woman's Touch,country,MC Paul Barman,Anarchist Bookstore part 1,hip hop,0.5290166856468272,False
raw cosine,1,Toby Keith,Big Ol' Truck,country,Mark Wills,She's In Love,country,0.6945434263916861,True
raw cosine,2,Toby Keith,Big Ol' Truck,country,Ben Kweller,Magic,rock,0.6454462161065362,False
raw cosine,1,Toby Keith,Blue Bedroom,country,Ayo,Only You,r&b/soul,0.8089345253908576,False
raw cosine,2,Toby Keith,Blue Bedroom,country,7L & Esoteric,Boxcutter Rap,hip hop,0.7786658191366166,False
raw cosine,1,Toby Keith,It's All Good,country,Above The Law,Flow On (Move Me No Mountain),hip hop,0.7257120292164673,False
raw cosine,2,Toby Keith,It's All Good,country,Set Your Goals,our ethos: a legacy to pass on,metal,0.6950123233311677,False
raw cosine,1,Toby Keith,Sweet,country,Common,Book Of Life,hip hop,0.8594451990301829,False
raw cosine,2,Toby Keith,Sweet,country,OutKast,Claimin' True,hip hop,0.8508988415463777,False
raw cosine,1,Toby Keith,You Shouldn't Kiss Me Like This,country,Lauryn Hill,Interlude 5,r&b/soul,0.7350399228983442,False
raw cosine,2,Toby Keith,You Shouldn't Kiss Me Like This,country,Kenickie,I Never Complain,punk,0.7278782236379071,False
raw cosine,1,Sara Evans,A Real Fine Place To Start,country,Natalie Cole,I'm Catching Hell (Living Here Alone) (Digitally Remastered 02),jazz,0.624425897727655,False
raw cosine,2,Sara Evans,A Real Fine Place To Start,country,Digital Underground,Sex Packets (LP Version),hip hop,0.6149362439930187,False
raw cosine,1,Kenny Rogers,Endless love,country,Hello Saferide,Get Sick Soon,folk,0.8306055308925484,False
raw cosine,2,Kenny Rogers,Endless love,country,Next,I Still Love You,r&b/soul,0.8292650210010611,False
raw cosine,1,Blake Shelton,Love Gets In The Way (Album Version),country,Fairground Attraction,Whispers,pop,0.7393595774642931,False
raw cosine,2,Blake Shelton,Love Gets In The Way (Album Version),country,The Supremes,Stranger In Paradise,r&b/soul,0.7212734865577317,False
raw cosine,1,George Strait,I'd Like To Have That One Back,country,Unsung Zeros,Intermission,punk,0.7329268484732367,False
raw cosine,2,George Strait,I'd Like To Have That One Back,country,The Jeff Healey Band,My Little Girl,blues,0.7178060087572243,False
raw cosine,1,George Strait,Marina Del Rey,country,Strung Out,Dead Spaces,metal,0.6004376258723121,False
raw cosine,2,George Strait,Marina Del Rey,country,Cyndi Lauper,Sally's Pigeons,pop,0.5948603239449886,False
raw cosine,1,George Strait,Milk Cow Blues,country,Barry White,Never Gonna Give You Up,r&b/soul,0.746099403436712,False
raw cosine,2,George Strait,Milk Cow Blues,country,Clawfinger,Revenge,metal,0.7443318892144923,False
raw cosine,1,Josh Turner,Another Try,country,Elizabeth Cotten,When I'm Gone,blues,0.7343941248470012,False
raw cosine,2,Josh Turner,Another Try,country,Clint Black,Killin' Time,country,0.73122425780468,True
raw cosine,1,Josh Turner,As Fast As I Could,country,Common,Book Of Life,hip hop,0.7988579052116475,False
raw cosine,2,Josh Turner,As Fast As I Could,country,Aaron Carter,That's How I Beat Shaq,pop,0.7747084000132225,False
raw cosine,1,Daft Punk,One More Time / Aerodynamic,electronic,Fair Warning,Take Me Up,metal,0.527447359312641,False
raw cosine,2,Daft Punk,One More Time / Aerodynamic,electronic,Colbie Caillat,Midnight Bottle,pop,0.4960549176969501,False
raw cosine,1,Daft Punk,One More Time (Romanthony's Unplugged),electronic,Fractured,One More Time,electronic,0.6955450382677406,True
raw cosine,2,Daft Punk,One More Time (Romanthony's Unplugged),electronic,Hot Tuna,Come Back Baby,blues,0.6793139097191931,False
raw cosine,1,Daft Punk,Touch It / Technologic,electronic,Devo,Whip It,pop,0.8060299799284004,False
raw cosine,2,Daft Punk,Touch It / Technologic,electronic,Robbie Williams,It's De-Lovely,jazz,0.8050355745285214,False
raw cosine,1,Ke$ha,Boots &  Boys,electronic,Stephanie McIntosh,Overcome,pop,0.6839576875521296,False
raw cosine,2,Ke$ha,Boots &  Boys,electronic,Carpark North,I And You,rock,0.6698112711198629,False
raw cosine,1,Ke$ha,Animal,electronic,Bird York,Lovely Thing,pop,0.654051801775045,False
raw cosine,2,Ke$ha,Animal,electronic,KRS ONE,I'm On The Mic,reggae,0.5985801754588809,False
raw cosine,1,Katy Perry,Hot N Cold (Innerpartysystem Main),electronic,Sleeper,Delicious,pop,0.8817949394087483,False
raw cosine,2,Katy Perry,Hot N Cold (Innerpartysystem Main),electronic,Husker Du,You're A Soldier,rock,0.8488816012487144,False
raw cosine,1,Owl City,Captains and Cruise Ships,electronic,Beastie Boys,B-Boy Bouillabaisse: A.W.O.L. (2009 Digital Remaster),hip hop,0.8141768003827177,False
raw cosine,2,Owl City,Captains and Cruise Ships,electronic,MC Paul Barman,Excuse You,hip hop,0.8033942014035339,False
raw cosine,1,Owl City,Designer Skyline,electronic,General Surgery,Viva ! blunt force trauma,metal,0.7851486506977174,False
raw cosine,2,Owl City,Designer Skyline,electronic,Further Seems Forever,Snowbirds And Townies,punk,0.7651734526569165,False
raw cosine,1,Owl City,Early Birdie,electronic,The Streets,The Irony Of It All (Album Version),electronic,0.5676366039949823,True
raw cosine,2,Owl City,Early Birdie,electronic,Lil Wyte,Ten Toes Tall,hip hop,0.562233593749491,False
raw cosine,1,Owl City,Meteor Shower,electronic,K'Naan,Soobax,hip hop,0.7650891375745664,False
raw cosine,2,Owl City,Meteor Shower,electronic,Ashley MacIsaac,I Don't Need This,electronic,0.7358109493375435,True
raw cosine,1,Owl City,This Is The Future,electronic,Unter Null,Disgrace (Unholy Remix),classical,0.6985047749255158,False
raw cosine,2,Owl City,This Is The Future,electronic,Pencey Prep,Fat And Alone,rock,0.6852745463773746,False
raw cosine,1,30 Seconds To Mars,Kings and Queens (Innerpartysystem Remix Main),electronic,Dead Kennedys,Goons of Hazzard,punk,0.6419693117332821,False
raw cosine,2,30 Seconds To Mars,Kings and Queens (Innerpartysystem Remix Main),electronic,Zeigeist,Black Milk,electronic,0.6414269805898185,True
raw cosine,1,LMFAO,Bounce,electronic,OutKast,Claimin' True,hip hop,0.7984691070649035,False
raw cosine,2,LMFAO,Bounce,electronic,Redman,Soopaman Luva 3,hip hop,0.7856642453075681,False
raw cosine,1,Crystal Castles,Vanished,electronic,Gin Blossoms,Cheatin',rock,0.6459466467702077,False
raw cosine,2,Crystal Castles,Vanished,electronic,The Jazz Butcher,She's On Drugs,rock,0.6432865071081605,False
raw cosine,1,Crystal Castles,Xxzxcuzx,electronic,Dead Kennedys,Kinky Sex Makes the World Go 'Round,punk,0.6341422287171887,False
raw cosine,2,Crystal Castles,Xxzxcuzx,electronic,Gang Starr,The Place We Dwell,hip hop,0.6127327547271881,False
raw cosine,1,Madonna,Die Another Day [Live],electronic,Bracket,Cynically Depressed,punk,0.7094642914514258,False
raw cosine,2,Madonna,Die Another Day [Live],electronic,The Runaways,School Days,punk,0.7007093700486069,False
raw cosine,1,The Smashing Pumpkins,Perfect (Nellee Hooper Instrumental),electronic,The Wonder Years,Dude_ What Is a Land Pirate?,punk,0.636663868729615,False
raw cosine,2,The Smashing Pumpkins,Perfect (Nellee Hooper Instrumental),electronic,RIDDLIN' KIDS,Ship Jumper,punk,0.6354443948563383,False
raw cosine,1,Kylie Minogue,Love At First Sight (The Scumfrog's Beauty And The Beast Vocal Edit),electronic,Neil Diamond,Delirious Love,folk,0.6164540227043704,False
raw cosine,2,Kylie Minogue,Love At First Sight (The Scumfrog's Beauty And The Beast Vocal Edit),electronic,Bonnie Raitt,Hear Me Lord,blues,0.6009380536653515,False
raw cosine,1,LMFAO,I Am Not A Whore,electronic,Phosphorescent,Not A Heel,folk,0.8594093108896051,False
raw cosine,2,LMFAO,I Am Not A Whore,electronic,Björk,Hunter,electronic,0.8576710520204935,True
raw cosine,1,Cascada,Fever,electronic,Devo,Whip It,pop,0.666852218837513,False
raw cosine,2,Cascada,Fever,electronic,Uriah Heep,Save It,rock,0.6596086700523046,False
raw cosine,1,Depeche Mode,Freestate,electronic,Damn Yankees,Firefly (LP Version),rock,0.590293211050988,False
raw cosine,2,Depeche Mode,Freestate,electronic,Marques Houston,Cancel (Album Version),r&b/soul,0.5794378650979687,False
raw cosine,1,Depeche Mode,Personal Jesus,electronic,Lollipop Lust Kill,Personal Jesus,metal,0.9567355016832566,False
raw cosine,2,Depeche Mode,Personal Jesus,electronic,Blackalicious,Just What Can Happen,hip hop,0.5862709205077544,False
raw cosine,1,Gorillaz,Broken,electronic,Erasure,The Circus,pop,0.4823046022550818,False
raw cosine,2,Gorillaz,Broken,electronic,Sean Kingston,Magical,hip hop,0.4778119969101455,False
raw cosine,1,Gorillaz,Kids With Guns (Quiet Village Remix),electronic,Daft Punk,Touch It / Technologic,electronic,0.706104038330947,True
raw cosine,2,Gorillaz,Kids With Guns (Quiet Village Remix),electronic,The Specials,Doesn't Make It Alright,reggae,0.6607096038317538,False
raw cosine,1,Gorillaz,Rhinestone Eyes,electronic,A Tribe Called Quest,Peace_ Prosperity & Paper,hip hop,0.6151066731770107,False
raw cosine,2,Gorillaz,Rhinestone Eyes,electronic,Kottonmouth Kings,Bump,hip hop,0.6122319443189098,False
raw cosine,1,The Prodigy,Invaders Must Die,electronic,PeterLicht,Popkultur / Meide,electronic,0.534686377234948,True
raw cosine,2,The Prodigy,Invaders Must Die,electronic,Jungle Rot,Immersed In Pain,metal,0.48780783917080295,False
raw cosine,1,The Prodigy,Wake Up Call (Album Version),electronic,Marissa Nadler,Undertaker,country,0.5655267117210215,False
raw cosine,2,The Prodigy,Wake Up Call (Album Version),electronic,Trisha Yearwood,Come Back When It Ain't Rainin',country,0.5364768537952223,False
raw cosine,1,The Prodigy,We Gonna Rock,electronic,The B-52s,Rock Lobster (Live),electronic,0.5313037291440534,True
raw cosine,2,The Prodigy,We Gonna Rock,electronic,Charlie Robison,Good Times,country,0.48373375565738,False
raw cosine,1,Nine Inch Nails,The Great Collapse,electronic,Dillinger Four,A Floater Left With Pleasure In The Executive Washroom.,punk,0.5900304305670155,False
raw cosine,2,Nine Inch Nails,The Great Collapse,electronic,Time Again,Day Like This,punk,0.5743497742760909,False
raw cosine,1,Duran Duran,Electric Barbarella (Radio Edit),electronic,The Antlers,Epilogue,rock,0.7587906862592929,False
raw cosine,2,Duran Duran,Electric Barbarella (Radio Edit),electronic,Marissa Nadler,Famous Blue Raincoat,folk,0.7413997674492591,False
raw cosine,1,Björk,Pluto,electronic,Fear My Thoughts,Wasteland,metal,0.5566522713077471,False
raw cosine,2,Björk,Pluto,electronic,Incubus,Pardon Me,rock,0.5346991212454282,False
raw cosine,1,Empire Of The Sun,Delta Bay,electronic,Memphis Minnie,Down In The Alley,blues,0.5580896364022438,False
raw cosine,2,Empire Of The Sun,Delta Bay,electronic,Wu-Tang Clan,The What,hip hop,0.5145079969904688,False
raw cosine,1,Empire Of The Sun,We Are The People (Shazam Remix),electronic,Clawfinger,Revenge,metal,0.7544107678533769,False
raw cosine,2,Empire Of The Sun,We Are The People (Shazam Remix),electronic,Jay-Jay Johanson,Rush,electronic,0.7390582047411307,True
raw cosine,1,The Maine,You Left Me,electronic,Les Valentins,It's Too Late,pop,0.692284114430058,False
raw cosine,2,The Maine,You Left Me,electronic,The Isley Brothers,Touch Me,blues,0.6547758611089833,False
raw cosine,1,Hot Chip,The Warning,electronic,Shai,Waiting For The Day,r&b/soul,0.7080898506941884,False
raw cosine,2,Hot Chip,The Warning,electronic,Annihilator,Hunter killer,metal,0.7060697363811239,False
raw cosine,1,Enter Shikari,Keep It On Ice,electronic,At The Gates,Captor Of Sin (Slayer Cover),metal,0.6381371265238076,False
raw cosine,2,Enter Shikari,Keep It On Ice,electronic,Kotipelto,Lord Of Eternity,metal,0.6254869980354952,False
raw cosine,1,Enter Shikari,The Jester,electronic,Lost Boyz,Keep It Real,hip hop,0.7272648260569898,False
raw cosine,2,Enter Shikari,The Jester,electronic,Above The Law,Flow On (Move Me No Mountain),hip hop,0.7033017724963556,False
raw cosine,1,Enya,Lazy Days,electronic,Anjali,Mistress Of Disguise,electronic,0.5985239830039881,True
raw cosine,2,Enya,Lazy Days,electronic,Darden Smith,Swept Away,country,0.5920586402617903,False
raw cosine,1,Enya,Someone Said Goodbye,electronic,Rosanne Cash,I Don't Know Why You Don't Want Me,country,0.7267854833606897,False
raw cosine,2,Enya,Someone Said Goodbye,electronic,Mr. Vegas,I Don't Know Why I Love You,reggae,0.6681571071763651,False
raw cosine,1,Enya,The Magic Of The Night,electronic,Lard,The Power Of Lard,punk,0.5896322973574187,False
raw cosine,2,Enya,The Magic Of The Night,electronic,Seelenkrank,Lost,electronic,0.5583246731243598,True
raw cosine,1,Bruce Springsteen,Gave It A Name,folk,Rasputina,Mr. E. Leon Rauis,rock,0.5931226425529182,False
raw cosine,2,Bruce Springsteen,Gave It A Name,folk,Freezepop,Ninja Of Love (Album Version),pop,0.5901834567271025,False
raw cosine,1,Johnny Cash,The Vanishing Race,folk,Domine,The Ride Of The Valkyries,classical,0.6842119717617625,False
raw cosine,2,Johnny Cash,The Vanishing Race,folk,Helen Reddy,Peaceful,pop,0.6732444622478669,False
raw cosine,1,John Mayer,All We Ever Do Is Say Goodbye,folk,Kelly Price,Don't Say Goodbye,r&b/soul,0.5576360185477601,False
raw cosine,2,John Mayer,All We Ever Do Is Say Goodbye,folk,Lisa Stansfield,Goodbye,punk,0.515954481420897,False
raw cosine,1,John Mayer,Clarity,folk,Cat Stevens,Rubylove,folk,0.7914090893574053,True
raw cosine,2,John Mayer,Clarity,folk,Gorky's Zygotic Mynci,Honeymoon With You,pop,0.592999738458225,False
raw cosine,1,John Mayer,Why Georgia,folk,Eminem,8 Mile,hip hop,0.75774016369134,False
raw cosine,2,John Mayer,Why Georgia,folk,Eminem,Rabbit Run,hip hop,0.7575083177970414,False
raw cosine,1,Jack Johnson,Mudfootball (For Moe Lerner),folk,Beast,Devil,electronic,0.5392784452354596,False
raw cosine,2,Jack Johnson,Mudfootball (For Moe Lerner),folk,Shane MacGowan And The Popes,More Pricks Than Kicks,folk,0.5382528517857033,True
raw cosine,1,Sufjan Stevens,Sister Winter,folk,Bette Midler,Friends/Oh My My (LIve),folk,0.7771210723403891,True
raw cosine,2,Sufjan Stevens,Sister Winter,folk,Diary of Dreams,Tears of Laughter,punk,0.6946715261934102,False
raw cosine,1,Rufus Wainwright,In A Graveyard,folk,Birth Control,Gamma Ray,rock,0.49465706503974505,False
raw cosine,2,Rufus Wainwright,In A Graveyard,folk,Asphyx,Indulge In Frenzy,metal,0.45727531472419775,False
raw cosine,1,Rufus Wainwright,Baby,folk,Less Than Jake,I Think I Love You,reggae,0.8386664591573368,False
raw cosine,2,Rufus Wainwright,Baby,folk,Next,I Still Love You,r&b/soul,0.8289853313139036,False
raw cosine,1,Edward Sharpe & The Magnetic Zeros,Janglin,folk,Dead Kennedys,Goons of Hazzard,punk,0.6786363838670403,False
raw cosine,2,Edward Sharpe & The Magnetic Zeros,Janglin,folk,Suicide Commando,Dead March,electronic,0.6777057515773306,False
raw cosine,1,Bob Dylan,Ballad In Plain D,folk,Con Funk Shun,Electric Lady,r&b/soul,0.7786801438980581,False
raw cosine,2,Bob Dylan,Ballad In Plain D,folk,Example,Birthday Card,hip hop,0.7638939200181829,False
raw cosine,1,Bob Dylan,One Of Us Must Know (Sooner Or Later),folk,Angela Bofill,I Try,r&b/soul,0.8300310278249087,False
raw cosine,2,Bob Dylan,One Of Us Must Know (Sooner Or Later),folk,Leonard Cohen,Chelsea Hotel #2,folk,0.8255527888645763,True
raw cosine,1,James Taylor,It's Growing,folk,Big Bad Voodoo Daddy,Big And Bad,jazz,0.6623058767432092,False
raw cosine,2,James Taylor,It's Growing,folk,16 Horsepower,Coal Black Horses,country,0.6494944600193853,False
raw cosine,1,James Taylor,Oh_ Susannah (LP Version),folk,Snoop Dogg,Snoopafella (Edited),hip hop,0.751170263555241,False
raw cosine,2,James Taylor,Oh_ Susannah (LP Version),folk,King Tee,Act A Fool,hip hop,0.7361404325547102,False
raw cosine,1,James Taylor,Something In The Way She Moves,folk,Atmosphere,Hair,hip hop,0.6898237509042626,False
raw cosine,2,James Taylor,Something In The Way She Moves,folk,Obie Trice,Got Some Teeth,hip hop,0.6668673603111734,False
raw cosine,1,David Gray,Draw The Line,folk,Against All Authority,Stand In Line,reggae,0.4568882237507943,False
raw cosine,2,David Gray,Draw The Line,folk,Beck,Farewell Ride,rock,0.4554883361460728,False
raw cosine,1,David Gray,Sail Away,folk,OV7,Angelica,latin,0.6422368518882587,False
raw cosine,2,David Gray,Sail Away,folk,Usher,Nice & Slow,r&b/soul,0.6338410188205807,False
raw cosine,1,David Gray,Stella The Artist,folk,Biz Markie,Vapors,hip hop,0.5017708039497569,False
raw cosine,2,David Gray,Stella The Artist,folk,Bob Dylan,Ballad In Plain D,folk,0.49636157511637835,True
raw cosine,1,Rise Against,Swing Life Away (Acoustic),folk,Josh Turner,Soulmate,country,0.7189496142418095,False
raw cosine,2,Rise Against,Swing Life Away (Acoustic),folk,Tony Sly,On the Outside,folk,0.706768690944044,True
raw cosine,1,Bob Dylan,Billy 4,folk,Pain of Salvation,Spitfall,metal,0.6626789551653871,False
raw cosine,2,Bob Dylan,Billy 4,folk,Murs,The Dance,hip hop,0.6265403539181253,False
raw cosine,1,Bob Dylan,Stuck Inside Of Mobile With The Memphis Blues Again,folk,Biz Markie,Vapors,hip hop,0.6678006172278396,False
raw cosine,2,Bob Dylan,Stuck Inside Of Mobile With The Memphis Blues Again,folk,Tonedeff,Ridiculous,hip hop,0.6462188123703354,False
raw cosine,1,Bob Dylan,Pretty Peggy-O,folk,Rasputina,Mr. E. Leon Rauis,rock,0.5416654706732521,False
raw cosine,2,Bob Dylan,Pretty Peggy-O,folk,Bad Religion,Automatic Man (Album Version),punk,0.5282993028416241,False
raw cosine,1,Bob Dylan,She Belongs To Me,folk,Lionel Richie,She's Amazing,r&b/soul,0.7496652116822717,False
raw cosine,2,Bob Dylan,She Belongs To Me,folk,Janie Fricke,She's Single Again,country,0.7369258686409615,False
raw cosine,1,Bob Dylan,When The Deal Goes Down,folk,Martin Jondo,Hold You,reggae,0.7910491929359419,False
raw cosine,2,Bob Dylan,When The Deal Goes Down,folk,Hieroglyphics,Shift Shape,hip hop,0.7729686927188213,False
raw cosine,1,Bob Dylan,With God On Our Side,folk,Lost Boyz,Keep It Real,hip hop,0.7258165704315714,False
raw cosine,2,Bob Dylan,With God On Our Side,folk,Warren G,We Brings Heat,hip hop,0.7158439676971885,False
raw cosine,1,The Smashing Pumpkins,Terrapin,folk,Fat Joe,Preacher On A Sunday Morning,hip hop,0.6963398906057763,False
raw cosine,2,The Smashing Pumpkins,Terrapin,folk,Ayo,Only You,r&b/soul,0.6852653143008917,False
raw cosine,1,James Taylor,On The 4th of July,folk,Kurt Elling,Moonlight Serenade,jazz,0.6741126880317854,False
raw cosine,2,James Taylor,On The 4th of July,folk,Sebadoh,Showtape '91,electronic,0.6659066271574315,False
raw cosine,1,James Taylor,Company Man,folk,Jeff Timmons,Can't You See,pop,0.7889231788967777,False
raw cosine,2,James Taylor,Company Man,folk,HELLYEAH,Nausea,metal,0.7770988005949183,False
raw cosine,1,Jimmy Buffett,Ace,folk,Bellamy Brothers,Old Hippie,country,0.6899667082079847,False
raw cosine,2,Jimmy Buffett,Ace,folk,Binary Star,Wolfman Jack,hip hop,0.67493263812083,False
raw cosine,1,Ryan Adams,How Do You Keep Love Alive,folk,The Smashing Pumpkins,The Guns of Love Disastrous,rock,0.6572720253602651,False
raw cosine,2,Ryan Adams,How Do You Keep Love Alive,folk,Jim White,Buzzards of Love,folk,0.6544057887647112,True
raw cosine,1,Ryan Adams,When The Stars Go Blue,folk,Diana Ross,Do You Know Where You're Going To,r&b/soul,0.5756519429010702,False
raw cosine,2,Ryan Adams,When The Stars Go Blue,folk,Jennifer Lopez,Theme From Mahagony (Do You Know Where You're Going To),electronic,0.5616768149120054,False
raw cosine,1,Ray LaMontagne,Forever My Friend,folk,The Tear Garden,Judgement Hour,electronic,0.6235777533283492,False
raw cosine,2,Ray LaMontagne,Forever My Friend,folk,Demi Lovato,This Is Me (Acoustic Full Version),pop,0.6204819523891244,False
raw cosine,1,Ray LaMontagne,How Come [Acoustic Mix],folk,Nick Cave & The Bad Seeds,Midnight Man,rock,0.5852238166776126,False
raw cosine,2,Ray LaMontagne,How Come [Acoustic Mix],folk,Beastie Boys,B-Boy Bouillabaisse: A.W.O.L. (2009 Digital Remaster),hip hop,0.5836354299324463,False
raw cosine,1,Leonard Cohen,Chelsea Hotel #2,folk,Harry Belafonte,Angelina,latin,0.8471485144612962,False
raw cosine,2,Leonard Cohen,Chelsea Hotel #2,folk,The Blues Brothers,Everybody Needs Somebody To Love,blues,0.8431146149360579,False
raw cosine,1,We Are Scientists,Lethal Enforcer (Live From Union Chapel_ London),folk,Blues Traveler,Hook,blues,0.6948590830891974,False
raw cosine,2,We Are Scientists,Lethal Enforcer (Live From Union Chapel_ London),folk,Murs,You & I,hip hop,0.6849975944183156,False
raw cosine,1,KT Tunstall,Change,folk,Bouncing Souls_ The,Pervert,electronic,0.7621562886148283,False
raw cosine,2,KT Tunstall,Change,folk,Cherish,Oooh,r&b/soul,0.7529615521109958,False
raw cosine,1,KT Tunstall,Under The Weather,folk,Eagles Of Death Metal,Already Died,rock,0.7325690820752915,False
raw cosine,2,KT Tunstall,Under The Weather,folk,Soul Asylum,Stranger,rock,0.7278528371557337,False
raw cosine,1,The Verve,So Sister,folk,A Tribe Called Quest,Hot Sex,hip hop,0.7842282792838822,False
raw cosine,2,The Verve,So Sister,folk,Cherish,Oooh,r&b/soul,0.7541778427106477,False
raw cosine,1,Liz Phair,Lost Tonight,folk,Black Eyed Peas,Sexy,hip hop,0.7595398537227716,False
raw cosine,2,Liz Phair,Lost Tonight,folk,Lauryn Hill,Interlude 1,r&b/soul,0.7562653547560878,False
raw cosine,1,The Pogues,Sunnyside Of The Street,folk,Charlotte Martin,In Parentheses,rock,0.7923614115045462,False
raw cosine,2,The Pogues,Sunnyside Of The Street,folk,RODNEY CROWELL,Preachin' To The Choir,country,0.7890104881257605,False
raw cosine,1,Kanye West,Can't Tell Me Nothing,hip hop,Puressence,India,classical,0.7024266522111294,False
raw cosine,2,Kanye West,Can't Tell Me Nothing,hip hop,Pat Travers,I La La La Love You,blues,0.7011174828583588,False
raw cosine,1,Kanye West,Graduation Day,hip hop,Immortal Technique,Crossing the Boundary,hip hop,0.7942108846996822,True
raw cosine,2,Kanye West,Graduation Day,hip hop,Clawfinger,Revenge,metal,0.7679399302907091,False
raw cosine,1,Kanye West,Wake Up Mr. West,hip hop,Todd Snider,Looking For A Job,country,0.718813276487547,False
raw cosine,2,Kanye West,Wake Up Mr. West,hip hop,Harry Belafonte,Angelina,latin,0.715868751350209,False
raw cosine,1,Black Eyed Peas,A8,hip hop,Jeff Timmons,Can't You See,pop,0.775640173200905,False
raw cosine,2,Black Eyed Peas,A8,hip hop,The Blues Brothers,Everybody Needs Somebody To Love,blues,0.7724608046830249,False
raw cosine,1,Black Eyed Peas,Boom Boom Guetta,hip hop,Slick Rick,Let's Get Crazy,hip hop,0.7809157463430818,True
raw cosine,2,Black Eyed Peas,Boom Boom Guetta,hip hop,Esmée Denters,Getting Over You,r&b/soul,0.5910307485315972,False
raw cosine,1,Black Eyed Peas,Communication,hip hop,Dilated Peoples,Live On Stage,hip hop,0.7203881266821792,True
raw cosine,2,Black Eyed Peas,Communication,hip hop,Slum Village,Conant Gardens,hip hop,0.7013992079218276,True
raw cosine,1,Black Eyed Peas,One Tribe,hip hop,Cutting Crew,One For The Mockingbird,rock,0.6484252929966451,False
raw cosine,2,Black Eyed Peas,One Tribe,hip hop,Avail,N30,punk,0.6355929422524544,False
raw cosine,1,Black Eyed Peas,Sexy,hip hop,Kat DeLuna,Run The Show,r&b/soul,0.8086650794028996,False
raw cosine,2,Black Eyed Peas,Sexy,hip hop,Natasha Bedingfield,Stumble,pop,0.8013219695593266,False
raw cosine,1,Black Eyed Peas,Tell Your Momma Come,hip hop,Nick Cave & The Bad Seeds,Midnight Man,rock,0.5903315118479259,False
raw cosine,2,Black Eyed Peas,Tell Your Momma Come,hip hop,Misery Speaks,Sounds Of Brutality,metal,0.5711604400355598,False
raw cosine,1,Black Eyed Peas,The Apl Song,hip hop,Lost Boyz,Keep It Real,hip hop,0.6706259924490934,True
raw cosine,2,Black Eyed Peas,The Apl Song,hip hop,Souls Of Mischief,Fa Sho Fo Real,hip hop,0.6540992986714538,True
raw cosine,1,Kanye West,Diamonds From Sierra Leone,hip hop,Onyx,Onyx Is Back,hip hop,0.6965440087632736,True
raw cosine,2,Kanye West,Diamonds From Sierra Leone,hip hop,Archers Of Loaf,Web In Front,rock,0.6087633742965205,False
raw cosine,1,Eminem,If I Had,hip hop,Skip James,I'm So Glad,blues,0.7344757735871994,False
raw cosine,2,Eminem,If I Had,hip hop,Clipse,Freedom,hip hop,0.7108053288697619,True
raw cosine,1,Eminem,Ken Kaniff,hip hop,Madness,Cardiac Arrest,reggae,0.7456132409803983,False
raw cosine,2,Eminem,Ken Kaniff,hip hop,Organized Konfusion,Releasing Hypnotical Gases,hip hop,0.7442381017090358,True
raw cosine,1,Eminem,My Darling,hip hop,Kevin Devine,Fever Moon,folk,0.8531169870408263,False
raw cosine,2,Eminem,My Darling,hip hop,Clawfinger,Revenge,metal,0.8474561027279263,False
raw cosine,1,Eminem,8 Mile,hip hop,Common,Book Of Life,hip hop,0.896699433811434,True
raw cosine,2,Eminem,8 Mile,hip hop,Gang Starr,Gotta Get Over (Taking Loot) (Explicit),hip hop,0.8727866174428162,True
raw cosine,1,Usher,Love Was Here,hip hop,The Jeff Healey Band,You're Coming Home,blues,0.759042196768557,False
raw cosine,2,Usher,Love Was Here,hip hop,Marques Houston,Naked,r&b/soul,0.7339754351838812,False
raw cosine,1,Akon,Be With You,hip hop,Clawfinger,Revenge,metal,0.819537726220782,False
raw cosine,2,Akon,Be With You,hip hop,Machinemade God,With You,metal,0.7824318819588947,False
raw cosine,1,Akon,Locked Up,hip hop,Ice Cube,When I Get To Heaven (Remix) (Explicit),hip hop,0.6865571612397183,True
raw cosine,2,Akon,Locked Up,hip hop,JET,Let Me Out,rock,0.6459752707942557,False
raw cosine,1,Jay-Z,So Ghetto,hip hop,Amel Larrieux,lucky to be me,jazz,0.77977202325625,False
raw cosine,2,Jay-Z,So Ghetto,hip hop,Sage Francis,Keep Moving,hip hop,0.7744778017557445,True
raw cosine,1,Jay-Z,Heart Of The City (Ain't No Love),hip hop,Anastacia,Club Megamix,rock,0.7862626433588975,False
raw cosine,2,Jay-Z,Heart Of The City (Ain't No Love),hip hop,Ledisi,Best Friend,r&b/soul,0.7792451081910555,False
raw cosine,1,Eminem,Rabbit Run,hip hop,Common,Book Of Life,hip hop,0.8573360919159411,True
raw cosine,2,Eminem,Rabbit Run,hip hop,RODNEY CROWELL,Preachin' To The Choir,country,0.849360414465328,False
raw cosine,1,Nelly,Splurge,hip hop,Remy Ma,I'm,hip hop,0.8525079920543649,True
raw cosine,2,Nelly,Splurge,hip hop,Kool Moe Dee,Bad Mutha,hip hop,0.8516197674376584,True
raw cosine,1,Nelly,St. Louie,hip hop,Soulja Slim,From What I Was Told,hip hop,0.6956358428070462,True
raw cosine,2,Nelly,St. Louie,hip hop,DJ Quik,Safe + Sound,hip hop,0.6904687041916838,True
raw cosine,1,Nelly,Wrap Sumden,hip hop,Remy Ma,I'm,hip hop,0.8402796190115877,True
raw cosine,2,Nelly,Wrap Sumden,hip hop,Beastie Boys,B-Boy Bouillabaisse: A.W.O.L. (2009 Digital Remaster),hip hop,0.8376436529288706,True
raw cosine,1,Jay-Z,Soon You'll Understand,hip hop,Clawfinger,Revenge,metal,0.8240500724231242,False
raw cosine,2,Jay-Z,Soon You'll Understand,hip hop,Chely Wright,Between A Mother And A Child,country,0.8209644768440513,False
raw cosine,1,Jay-Z,Encore,hip hop,Good Old War,Tell Me (Acoustic),folk,0.8259639967078707,False
raw cosine,2,Jay-Z,Encore,hip hop,Beastie Boys,So What'Cha Want (Butt Naked Version) (Explicit) (2009 Digital Remaster),hip hop,0.8162256778666267,True
raw cosine,1,Nelly,Say Now,hip hop,Blink-182,Online Songs,punk,0.6237764408472842,False
raw cosine,2,Nelly,Say Now,hip hop,Bruce Hornsby and the Range,The Red Plains,folk,0.6185799010369691,False
raw cosine,1,Dr. Dre,Been There Done That,hip hop,Mobb Deep,Live Foul,hip hop,0.7168507480305717,True
raw cosine,2,Dr. Dre,Been There Done That,hip hop,Lost Boyz,Keep It Real,hip hop,0.6613645872091801,True
raw cosine,1,Sean Kingston,Magical,hip hop,Ben E. King,Supernatural Thing Part 1,r&b/soul,0.7159543389876427,False
raw cosine,2,Sean Kingston,Magical,hip hop,Ladyhawke,Love Don't Live Here,electronic,0.6980204346348534,False
raw cosine,1,Sean Kingston,Over,hip hop,Marilyn Monroe,Do It Again,jazz,0.734288180086579,False
raw cosine,2,Sean Kingston,Over,hip hop,Albert Hammond Jr.,Bright Young Thing,rock,0.7169261586694056,False
raw cosine,1,Sean Kingston,Wrap U Around Me,hip hop,Diana Krall,Peel Me A Grape,jazz,0.7042804296396256,False
raw cosine,2,Sean Kingston,Wrap U Around Me,hip hop,Jill Scott,He Loves Me (Lyzel In E Flat),r&b/soul,0.67081577954257,False
raw cosine,1,M.I.A.,Paper Planes,hip hop,Brand Nubian,All For One (Explicit) (2006 Remastered LP Version),hip hop,0.776999349082176,True
raw cosine,2,M.I.A.,Paper Planes,hip hop,Remy Ma,I'm,hip hop,0.769496976440744,True
raw cosine,1,Thousand Foot Krutch,Set It Off,hip hop,John Legend,Out Of Sight,r&b/soul,0.6575173470477002,False
raw cosine,2,Thousand Foot Krutch,Set It Off,hip hop,Smif-n-Wessun,LET's GIT IT ON,hip hop,0.6444180361569123,True
raw cosine,1,Ludacris,Ho,hip hop,Big Bad Voodoo Daddy,Mambo Swing,jazz,0.8286527685473251,False
raw cosine,2,Ludacris,Ho,hip hop,Gene Autry,Up On The House Top,country,0.6742611420066916,False
raw cosine,1,Wu-Tang Clan,The What,hip hop,Aesop Rock,Mars Attacks,hip hop,0.7484972895490318,True
raw cosine,2,Wu-Tang Clan,The What,hip hop,Immortal Technique,That's What It Is,hip hop,0.7442728902025324,True
raw cosine,1,50 Cent,Rowdy Rowdy,hip hop,Wu-Tang Clan,Da Mystery Of Chessboxin',hip hop,0.8092966735575772,True
raw cosine,2,50 Cent,Rowdy Rowdy,hip hop,Company Flow,The Fire In Which You Burn (feat. J-Treds & The Brewin From The Juggaknots),hip hop,0.7825224390980428,True
raw cosine,1,Snoop Dogg,Bang Out,hip hop,Wu-Tang Clan,Uzi,hip hop,0.6788064827768119,True
raw cosine,2,Snoop Dogg,Bang Out,hip hop,Lil Wyte,Ten Toes Tall,hip hop,0.6691453207971828,True
raw cosine,1,Snoop Dogg,Snoopafella (Edited),hip hop,Us3,Goodbye,jazz,0.8702964194888465,False
raw cosine,2,Snoop Dogg,Snoopafella (Edited),hip hop,King Tee,Act A Fool,hip hop,0.8695694012122461,True
raw cosine,1,Atmosphere,Hair,hip hop,Eric B. & Rakim,What's On Your Mind,hip hop,0.818815366805303,True
raw cosine,2,Atmosphere,Hair,hip hop,Beastie Boys,B-Boy Bouillabaisse: A.W.O.L. (2009 Digital Remaster),hip hop,0.8161024490747625,True
raw cosine,1,Atmosphere,Happymess,hip hop,Murs,You & I,hip hop,0.824366035372372,True
raw cosine,2,Atmosphere,Happymess,hip hop,Kool Moe Dee,Bad Mutha,hip hop,0.8177630584938008,True
raw cosine,1,Michael Bublé,Put Your Head On My Shoulder (Album Version),jazz,Brownstone,Kiss And Tell,r&b/soul,0.6976633312578044,False
raw cosine,2,Michael Bublé,Put Your Head On My Shoulder (Album Version),jazz,Wang Chung,Hypnotize Me,pop,0.6897901908854601,False
raw cosine,1,Michael Bublé,Stuck In The Middle With You (Non-Album Track),jazz,Mac Lethal,Rotten Apple Pie,hip hop,0.837945199176861,False
raw cosine,2,Michael Bublé,Stuck In The Middle With You (Non-Album Track),jazz,A Tribe Called Quest,Hot Sex,hip hop,0.8326642603915566,False
raw cosine,1,Michael Bublé,You'll Never Find Another Love Like Mine (Album Version),jazz,Brett Dennen,When She's Gone,folk,0.7457744617225673,False
raw cosine,2,Michael Bublé,You'll Never Find Another Love Like Mine (Album Version),jazz,Phyllis Hyman,Falling Star,r&b/soul,0.7317463099137409,False
raw cosine,1,Ray Charles,Kiss me baby,jazz,Aretha Franklin,All Night Long,jazz,0.6717406806374625,True
raw cosine,2,Ray Charles,Kiss me baby,jazz,Bo Diddley,I'm Looking For A Woman,blues,0.6271205255021244,False
raw cosine,1,Ray Charles,Let's Go,jazz,Hilary Duff,Play With Fire,pop,0.8396840181999419,False
raw cosine,2,Ray Charles,Let's Go,jazz,Leon Jackson,You Don't Know Me,jazz,0.8233483257866896,True
raw cosine,1,Ray Charles,Moon Over Miami,jazz,Diana Krall,Charmed Life,jazz,0.4655051307245378,True
raw cosine,2,Ray Charles,Moon Over Miami,jazz,Dragonforce,Heart of a Dragon,metal,0.45978957318854374,False
raw cosine,1,Nat King Cole,Hit That Jive Jack,jazz,N-Dubz,Sex,hip hop,0.6640112241959808,False
raw cosine,2,Nat King Cole,Hit That Jive Jack,jazz,Juvenile,Around The Way [Explicit Album Version],hip hop,0.6616251667757008,False
raw cosine,1,Nat King Cole,The Christmas Song,jazz,Billy Gilman,The Christmas Song,country,0.9522158241939748,False
raw cosine,2,Nat King Cole,The Christmas Song,jazz,Gang Starr,Just To Get A Rep,hip hop,0.6323971716269889,False
raw cosine,1,Nat King Cole,Too Young,jazz,Dan Hartman,We Are The Young,pop,0.5324500101412878,False
raw cosine,2,Nat King Cole,Too Young,jazz,Carole King,We Are All In This Together,folk,0.5321206915650755,False
raw cosine,1,Nat King Cole,Unforgettable,jazz,Dilated Peoples,Clockwork,hip hop,0.6016092411518471,False
raw cosine,2,Nat King Cole,Unforgettable,jazz,Johnny Mathis,The Windmills Of Your Mind,blues,0.5822395834631303,False
raw cosine,1,Nat King Cole,Autumn Leaves,jazz,Dawn of Relic,The Awakening,metal,0.6035304042203067,False
raw cosine,2,Nat King Cole,Autumn Leaves,jazz,Dusty Springfield,Meditation,jazz,0.5788828223712844,True
raw cosine,1,Nat King Cole,Love Is A Many Splendored Thing,jazz,Bette Midler,The Rose,pop,0.5853694070049635,False
raw cosine,2,Nat King Cole,Love Is A Many Splendored Thing,jazz,Marvin Gaye,That's The Way Love Is,r&b/soul,0.5849201282374121,False
raw cosine,1,Nat King Cole,Smoke Gets in Your Eyes,jazz,Bryan Ferry,Smoke Gets In Your Eyes,folk,0.9615489344015546,False
raw cosine,2,Nat King Cole,Smoke Gets in Your Eyes,jazz,Frenzal Rhomb,I Love Fucking Up,punk,0.7078443967508355,False
raw cosine,1,Nat King Cole,If You Can't Smile And Say Yes,jazz,R. Kelly,Don't You Say No,r&b/soul,0.7486364422954158,False
raw cosine,2,Nat King Cole,If You Can't Smile And Say Yes,jazz,Kelly Price,Don't Say Goodbye,r&b/soul,0.6800893517252719,False
raw cosine,1,Nat King Cole,She's Funny That Way,jazz,Guy Clark,I Don't Love You Much Do I (2007 Remastered LP Version),country,0.8169047955167411,False
raw cosine,2,Nat King Cole,She's Funny That Way,jazz,Keyshia Cole,I Changed My Mind,r&b/soul,0.8020789901428723,False
raw cosine,1,Nat King Cole,The Ruby And The Pearl (2003 Digital Remaster),jazz,Dilated Peoples,Expansion Team Theme,hip hop,0.6430775696660427,False
raw cosine,2,Nat King Cole,The Ruby And The Pearl (2003 Digital Remaster),jazz,Patricia Barber,Phaeton,jazz,0.5877345201340949,True
raw cosine,1,Nat King Cole,The Very Thought Of You,jazz,Boyz II Men,Amazed,r&b/soul,0.7446471259315678,False
raw cosine,2,Nat King Cole,The Very Thought Of You,jazz,7L & Esoteric,Boxcutter Rap,hip hop,0.7308070669318518,False
raw cosine,1,Bing Crosby,Rudolph The Red-Nosed Reindeer,jazz,Gene Autry,Rudolph The Red Nosed Reindeer,classical,0.7688021592271441,False
raw cosine,2,Bing Crosby,Rudolph The Red-Nosed Reindeer,jazz,Classified,All About U,hip hop,0.73169100437109,False
raw cosine,1,Norah Jones,December,jazz,Marilyn Monroe,When I Fall In Love,jazz,0.667356774338222,True
raw cosine,2,Norah Jones,December,jazz,Descendents,When I Get Old,punk,0.6613952399697519,False
raw cosine,1,Norah Jones,Don't Know Why (Live),jazz,Mr. Vegas,I Don't Know Why I Love You,reggae,0.8008764409912635,False
raw cosine,2,Norah Jones,Don't Know Why (Live),jazz,Millencolin,Random I Am (Album Version),punk,0.7808365982363298,False
raw cosine,1,Norah Jones,Humble Me,jazz,The Berzerker,All About You,metal,0.8221052713222236,False
raw cosine,2,Norah Jones,Humble Me,jazz,Syleena Johnson,All Of Me,r&b/soul,0.8171996183834259,False
raw cosine,1,Norah Jones,I've Got To See You Again,jazz,Hope Of The States,Sadness On My Back,punk,0.8042621450617822,False
raw cosine,2,Norah Jones,I've Got To See You Again,jazz,New Found Glory,I'll Never Love Again,punk,0.79558930609822,False
raw cosine,1,Norah Jones,Sinkin' Soon (iTunes Live Session),jazz,Charlie Robison,Good Times,country,0.6187127253648694,False
raw cosine,2,Norah Jones,Sinkin' Soon (iTunes Live Session),jazz,The Misfits,Static Age,punk,0.6162911634776579,False
raw cosine,1,Norah Jones,The Long Way Home,jazz,Manafest,Runaway,hip hop,0.7243430639706159,False
raw cosine,2,Norah Jones,The Long Way Home,jazz,Mario Vazquez,Everytime I...,r&b/soul,0.7219462124932764,False
raw cosine,1,Norah Jones,Those Sweet Words,jazz,Slum Village,Call Me (Clean Version),hip hop,0.6357729901878229,False
raw cosine,2,Norah Jones,Those Sweet Words,jazz,A Tribe Called Quest,Baby Phife's Return,hip hop,0.6312851549806506,False
raw cosine,1,Norah Jones,Wish I Could (Live),jazz,Sage Francis,Keep Moving,hip hop,0.7263399641309348,False
raw cosine,2,Norah Jones,Wish I Could (Live),jazz,illScarlett,Clearer Now,punk,0.723416799878318,False
raw cosine,1,Norah Jones,My Dear Country,jazz,Beastie Boys,B-Boy Bouillabaisse: A.W.O.L. (2009 Digital Remaster),hip hop,0.7287728118461179,False
raw cosine,2,Norah Jones,My Dear Country,jazz,The Cat Empire,The Car Song,reggae,0.7211970909550356,False
raw cosine,1,Dean Martin,I Love The Way You Say Goodnight,jazz,OutKast,The Way You Move,hip hop,0.7803755978073242,False
raw cosine,2,Dean Martin,I Love The Way You Say Goodnight,jazz,Doyle Bramhall,Dimples,jazz,0.7214033419938675,True
raw cosine,1,Dean Martin,White Christmas,jazz,Jamie Scott & The Town,When Will I See Your Face Again,folk,0.5511063866647862,False
raw cosine,2,Dean Martin,White Christmas,jazz,Darkel,At The End Of The Sky,electronic,0.5370846194594372,False
raw cosine,1,Dean Martin,Memories Are Made Of This,jazz,Dolly Parton,Highlight Of My Life,country,0.54007117964669,False
raw cosine,2,Dean Martin,Memories Are Made Of This,jazz,Kenny Loggins,Conviction Of The Heart,jazz,0.5344556251986885,True
raw cosine,1,Norah Jones,Little Room,jazz,Above The Law,Flow On (Move Me No Mountain),hip hop,0.6294858390015771,False
raw cosine,2,Norah Jones,Little Room,jazz,Dead Kennedys,Kinky Sex Makes the World Go 'Round,punk,0.6264482454202317,False
raw cosine,1,The Puppini Sisters,Bei Mir Bist Du Schön,jazz,Good Old War,Tell Me (Acoustic),folk,0.7428970589282737,False
raw cosine,2,The Puppini Sisters,Bei Mir Bist Du Schön,jazz,Josh Groban,When You Say You Love Me (Album Version),classical,0.7337352353811268,False
raw cosine,1,The Puppini Sisters,Don't Sit Under The Apple Tree,jazz,Jackson 5,(You Were Made) Especially For Me,r&b/soul,0.5850156522938843,False
raw cosine,2,The Puppini Sisters,Don't Sit Under The Apple Tree,jazz,Confederate Railroad,I Don't Want To Hang Out With Me (LP Version),country,0.5386758590549793,False
raw cosine,1,The Puppini Sisters,Falling In Love Again,jazz,Danni Carlos,Falling In Love Again,pop,0.9492431078620265,False
raw cosine,2,The Puppini Sisters,Falling In Love Again,jazz,Marilyn Monroe,When I Fall In Love,jazz,0.7272569055470027,True
raw cosine,1,The Puppini Sisters,Heebie Jeebies,jazz,Martin Sexton,In the Journey,folk,0.6276703600726269,False
raw cosine,2,The Puppini Sisters,Heebie Jeebies,jazz,Linda Ronstadt,Lovesick Blues,country,0.6120088147723041,False
raw cosine,1,The Puppini Sisters,I Will Survive,jazz,Alexandra Burke,Overcome,r&b/soul,0.8400588906766766,False
raw cosine,2,The Puppini Sisters,I Will Survive,jazz,Mario Vazquez,Everytime I...,r&b/soul,0.8329673339203951,False
raw cosine,1,The Puppini Sisters,In The Mood,jazz,The Pharcyde,Pack The Pipe,hip hop,0.7295200646140947,False
raw cosine,2,The Puppini Sisters,In The Mood,jazz,Sage Francis,Keep Moving,hip hop,0.7242958708268249,False
raw cosine,1,Dean Martin,Kiss,jazz,Hieroglyphics,You Never Knew,hip hop,0.6545102826679078,False
raw cosine,2,Dean Martin,Kiss,jazz,The Handful,Memorial Day,hip hop,0.6542646757730994,False
raw cosine,1,Dean Martin,Let Me Go Lover,jazz,Jessica Mauboy,Let Me Be Me,r&b/soul,0.7153791078828564,False
raw cosine,2,Dean Martin,Let Me Go Lover,jazz,Diana Krall,Peel Me A Grape,jazz,0.6791598801046382,True
raw cosine,1,Dean Martin,On An Evening In Roma (Sott'er Celo De Roma),jazz,Blind Pilot,Paint or Pollen,folk,0.5792850446739107,False
raw cosine,2,Dean Martin,On An Evening In Roma (Sott'er Celo De Roma),jazz,Amici Forever,Vita Mia,classical,0.5339097178395226,False
raw cosine,1,Enrique Iglesias,No Puedo Mas Sin Ti (I'm Your Man),latin,Gilberto Santa Rosa,Desde Que No Estas,latin,0.8113457523147225,True
raw cosine,2,Enrique Iglesias,No Puedo Mas Sin Ti (I'm Your Man),latin,Beatriz Luengo,Precisamente Ahora,latin,0.8053881780570903,True
raw cosine,1,Shakira,En Tus Pupilas,latin,Ricardo Arjona,Amor de Tele,latin,0.7998713666928152,True
raw cosine,2,Shakira,En Tus Pupilas,latin,Juana Molina,Yo se que,latin,0.798463415818205,True
raw cosine,1,Shakira,Que Me Quedes Tu,latin,El Gran Combo De Puerto Rico,No Hay Manera,latin,0.8097341995030434,True
raw cosine,2,Shakira,Que Me Quedes Tu,latin,Huey Dunbar,Amor De Siempre,latin,0.7957888817872214,True
raw cosine,1,Shakira,Sombra De Ti,latin,La 5A Estacion,Ahora Que Te Vas,pop,0.8069001678014539,False
raw cosine,2,Shakira,Sombra De Ti,latin,Beatriz Luengo,Precisamente Ahora,latin,0.8048195108405131,True
raw cosine,1,Shakira,Te Dejo Madrid,latin,Sanalejo,Mujer Calavera,latin,0.7852584688314189,True
raw cosine,2,Shakira,Te Dejo Madrid,latin,Natalia Oreiro,Basta De Ti,latin,0.7665407811673396,True
raw cosine,1,Shakira,Tú,latin,Carlos Vives,19 De Noviembre,latin,0.8362489262818654,True
raw cosine,2,Shakira,Tú,latin,Jerry Rivera,Tierra Sin Sol,latin,0.8188561345120972,True
raw cosine,1,Enrique Iglesias,La Chica De Ayer,latin,Grupo Niche,Miserable,latin,0.7668571851736232,True
raw cosine,2,Enrique Iglesias,La Chica De Ayer,latin,Illya Kuryaki And The Valderramas,Abarajame,hip hop,0.752991291300014,False
raw cosine,1,Enrique Iglesias,Adicto,latin,Aventura,Obsesion (English Remix_ Album Version),latin,0.796114779262946,True
raw cosine,2,Enrique Iglesias,Adicto,latin,Niña Pastori,Cartita de amor,pop,0.7890451967444105,False
raw cosine,1,Enrique Iglesias,Al Despertar,latin,Bebe,La Coqueta,latin,0.8048735205818199,True
raw cosine,2,Enrique Iglesias,Al Despertar,latin,Intocable,Te Extrano,latin,0.7977568423979617,True
raw cosine,1,Enrique Iglesias,Alguien Como Tú,latin,Huey Dunbar,Amor De Siempre,latin,0.7020804367392917,True
raw cosine,2,Enrique Iglesias,Alguien Como Tú,latin,Panteón Rococó,Buscándote,reggae,0.6912959317893964,False
raw cosine,1,Enrique Iglesias,Inalcanzable,latin,Café Quijano,Vete De Mi,latin,0.725253641400674,True
raw cosine,2,Enrique Iglesias,Inalcanzable,latin,Chavela Vargas,Tu Me Acostumbraste,latin,0.6892827735923821,True
raw cosine,1,Enrique Iglesias,Lloro Por Ti,latin,Café Quijano,Vete De Mi,latin,0.8111340524279981,True
raw cosine,2,Enrique Iglesias,Lloro Por Ti,latin,Reik,Fui,latin,0.7766371888415745,True
raw cosine,1,Enrique Iglesias,Mamacita,latin,Fonseca,Sueño,latin,0.7983060717671225,True
raw cosine,2,Enrique Iglesias,Mamacita,latin,Willie Colon,Guaracha,latin,0.781184766205748,True
raw cosine,1,Enrique Iglesias,Miss You,latin,The Airborne Toxic Event,The Girls In Their Summer Dresses,rock,0.7737294430604407,False
raw cosine,2,Enrique Iglesias,Miss You,latin,Tracey Ullman,Breakaway,pop,0.7550425327997425,False
raw cosine,1,Enrique Iglesias,Para De Jugar,latin,Los Calzones,Libre,reggae,0.6722947027867966,False
raw cosine,2,Enrique Iglesias,Para De Jugar,latin,Sanalejo,Mujer Calavera,latin,0.6106130596152857,True
raw cosine,1,Enrique Iglesias,She Be The One,latin,Billy Squier,She's A Runner (24-Bit Digitally Remastered 02),rock,0.7437487791483225,False
raw cosine,2,Enrique Iglesias,She Be The One,latin,The Bluetones,Carnt Be Trusted,pop,0.739590795519174,False
raw cosine,1,Enrique Iglesias,Trapecista,latin,Cabas,Guacamaya,latin,0.8107519604972093,True
raw cosine,2,Enrique Iglesias,Trapecista,latin,El sueño de Morfeo,Sonrisa especial,latin,0.7655637412106407,True
raw cosine,1,Enrique Iglesias,Tu Vacio,latin,Aventura,Todavía Me Amas,latin,0.8419892355587912,True
raw cosine,2,Enrique Iglesias,Tu Vacio,latin,Los Van Van,Quien No Ha Dicho Una Mentira,latin,0.8305141623440622,True
raw cosine,1,Enrique Iglesias,Volveré,latin,Joe Veras,Intentalo tu,latin,0.7132860159735198,True
raw cosine,2,Enrique Iglesias,Volveré,latin,Raulin Rodriguez,ya No,latin,0.7047160219839157,True
raw cosine,1,Shakira,Estoy Aquí,latin,Móveis Coloniais de Acaju,Receio do remorso,reggae,0.7535410105085976,False
raw cosine,2,Shakira,Estoy Aquí,latin,Ana Carolina,Rosas,pop,0.7496491157650809,False
raw cosine,1,Santana,Life Is Anew,latin,Tony Bennett,Because Of You,jazz,0.6979276657996403,False
raw cosine,2,Santana,Life Is Anew,latin,Assemblage 23,MAPS OF REALITY,pop,0.6509717320768102,False
raw cosine,1,Shakira,Donde Estas Corazon,latin,Rosana,Nadie mas que yo (directo Las Ventas),latin,0.7623361782989397,True
raw cosine,2,Shakira,Donde Estas Corazon,latin,Todos Tus Muertos,No Mas Apartheid,reggae,0.7437103690368632,False
raw cosine,1,Shakira,Octavo Día,latin,Malu,Agua De Mayo,latin,0.7738504648542559,True
raw cosine,2,Shakira,Octavo Día,latin,Malu,Y Sigo Preguntandome,latin,0.75420571824152,True
raw cosine,1,Shakira,Te Necesito,latin,Aventura,Todavía Me Amas,latin,0.8502642554113827,True
raw cosine,2,Shakira,Te Necesito,latin,Aventura,Obsesion (English Remix_ Album Version),latin,0.8351481735151566,True
raw cosine,1,Santana,Evil Ways,latin,Fat Joe,Preacher On A Sunday Morning,hip hop,0.688377986229675,False
raw cosine,2,Santana,Evil Ways,latin,Atmosphere,Happymess,hip hop,0.6853527735800584,False
raw cosine,1,Pink Martini,Anna (el negro zumbon),latin,Inti Illimani,El Arado,latin,0.5687488472595515,True
raw cosine,2,Pink Martini,Anna (el negro zumbon),latin,Rosana,A fuego lento (directo Las Ventas),latin,0.558964734607865,True
raw cosine,1,Chavela Vargas,Piensa en mi,latin,Enrique Iglesias,La Chica De Ayer,latin,0.6470591680907622,True
raw cosine,2,Chavela Vargas,Piensa en mi,latin,Maelo Ruiz,Asi Eres Tu,latin,0.5960973863107749,True
raw cosine,1,Santana,Esperando,latin,Patty Griffin,Waiting For My Child,country,0.48348364324196236,False
raw cosine,2,Santana,Esperando,latin,Nina Simone,My Baby Just Cares For Me,jazz,0.4783821398184999,False
raw cosine,1,Beyoncé,Beautiful Liar (Bello Embustero),latin,Frank Reyes,Vine A Decirte Adios,latin,0.6859793305271504,True
raw cosine,2,Beyoncé,Beautiful Liar (Bello Embustero),latin,Rey Ruiz,No Existe Un Lugar,latin,0.6770187355102132,True
raw cosine,1,Juanes,Rosario Tijeras,latin,Joan Manuel Serrat,La Aristocracia del Barrio,latin,0.8298251097347298,True
raw cosine,2,Juanes,Rosario Tijeras,latin,Tito El Bambino,Sol_ Playa Y Arena,reggae,0.7937309125358529,False
raw cosine,1,Ricardo Arjona,Animal Nocturno,latin,Los Van Van,Quien No Ha Dicho Una Mentira,latin,0.8865650602336969,True
raw cosine,2,Ricardo Arjona,Animal Nocturno,latin,El Barrio,Don Manuel Sr. Molina,latin,0.8654340962571605,True
raw cosine,1,Camila,Alejate De Mi,latin,Aventura,Obsesion (English Remix_ Album Version),latin,0.7898638191270088,True
raw cosine,2,Camila,Alejate De Mi,latin,Bebe,La Coqueta,latin,0.7863864435880652,True
raw cosine,1,Camila,Entre Tus Alas,latin,Carlos Vives,19 De Noviembre,latin,0.8195208037719853,True
raw cosine,2,Camila,Entre Tus Alas,latin,Fanny Lu,Es Por Ti,latin,0.8025887616656597,True
raw cosine,1,Camila,Me Basto,latin,Luz Casal,No Te Vayas,blues,0.7033607175156156,False
raw cosine,2,Camila,Me Basto,latin,Intocable,Te Extrano,latin,0.6967956337518377,True
raw cosine,1,Camila,Va Para Ti,latin,Moenia,Manto Estelar,electronic,0.8202663217275167,False
raw cosine,2,Camila,Va Para Ti,latin,Mecano,La Estación,latin,0.78266981996399,True
raw cosine,1,Reik,Fui,latin,Enrique Iglesias,Lloro Por Ti,latin,0.7766371888415745,True
raw cosine,2,Reik,Fui,latin,Gilberto Santa Rosa,No Pense Enamorarme Otra Vez,latin,0.7448531250656283,True
raw cosine,1,Reik,Ilusionado,latin,Bebe,La Coqueta,latin,0.6949663275352392,True
raw cosine,2,Reik,Ilusionado,latin,Daddy Yankee,Todos Quieren A Raymond,reggae,0.682693490330219,False
raw cosine,1,Reik,Piel De Ciudad,latin,Lynda,Voy A Seguir,latin,0.6320537686475144,True
raw cosine,2,Reik,Piel De Ciudad,latin,Juanes,Tu Y Yo,latin,0.608231897975064,True
raw cosine,1,Reik,Quedate,latin,Gilberto Santa Rosa,Ni Te Llamo Ni Te Busco,latin,0.8315872982003084,True
raw cosine,2,Reik,Quedate,latin,Aventura,Todavía Me Amas,latin,0.8260536790580612,True
raw cosine,1,Animal Collective,Brother Sport,latin,Fergie,Get Your Hands Up,hip hop,0.5941177712013598,False
raw cosine,2,Animal Collective,Brother Sport,latin,Ignite,In Moderation,metal,0.5773178593548627,False
raw cosine,1,Metallica,The Prince,metal,Diana Krall,I've Grown Accustomed To His Face,jazz,0.5705951008000594,False
raw cosine,2,Metallica,The Prince,metal,Gil Scott-Heron,Me And The Devil,blues,0.5592928659148159,False
raw cosine,1,Avenged Sevenfold,Second Heartbeat,metal,Rufio,Just a Memory,punk,0.6689599218780159,False
raw cosine,2,Avenged Sevenfold,Second Heartbeat,metal,Leon Jackson,A Song For You,jazz,0.6590634224753672,False
raw cosine,1,Avenged Sevenfold,To End The Rapture,metal,Theatres Des Vampires,Throne Of Dark Immortals,metal,0.583115436899835,True
raw cosine,2,Avenged Sevenfold,To End The Rapture,metal,Anacrusis,What You Became,metal,0.5634006699500398,True
raw cosine,1,blessthefall,Witness,metal,Chiasm,Incision,electronic,0.7617512019044316,False
raw cosine,2,blessthefall,Witness,metal,Brand New Heavies_ The,"You Are The Universe (Roger's Universal 7"" Edit)",jazz,0.7607870252913538,False
raw cosine,1,HIM,Heartache Every Moment,metal,Final Fantasy,The Miner Becomes Forgetful,folk,0.5733116454565457,False
raw cosine,2,HIM,Heartache Every Moment,metal,Classified,All About U,hip hop,0.56094269289156,False
raw cosine,1,HIM,Sigillum Diaboli,metal,Bouncing Souls_ The,Pervert,electronic,0.7674733890742158,False
raw cosine,2,HIM,Sigillum Diaboli,metal,Joe Henry,Sold,pop,0.7560001819507821,False
raw cosine,1,As I Lay Dying,Refined By Your Embrace,metal,Jay-Jay Johanson,I fantasize of you,electronic,0.7769301279624139,False
raw cosine,2,As I Lay Dying,Refined By Your Embrace,metal,Eminem,Rabbit Run,hip hop,0.7614979452464139,False
raw cosine,1,As I Lay Dying,The Innocence Spilled,metal,Dashboard Confessional,The End Of An Anchor,punk,0.6429775687565498,False
raw cosine,2,As I Lay Dying,The Innocence Spilled,metal,Robben Ford,Something For The Pain,blues,0.6307495590298327,False
raw cosine,1,August Burns Red,An American Dream,metal,Silje Nergaard,This Is Not America,jazz,0.534408956120613,False
raw cosine,2,August Burns Red,An American Dream,metal,Poisonblack,Bear The Cross,metal,0.5189855735517976,True
raw cosine,1,Underoath,The Changing Of Times,metal,Musiq,Whereareyougoing,r&b/soul,0.7449862482077669,False
raw cosine,2,Underoath,The Changing Of Times,metal,Ginuwine,Only When ur Lonely,r&b/soul,0.733394067028018,False
raw cosine,1,Haste The Day,Autumn,metal,Texta,Sprachbarrieren,hip hop,0.5613776561989384,False
raw cosine,2,Haste The Day,Autumn,metal,Jupiter Jones,Auf das Leben,folk,0.5348470254830876,False
raw cosine,1,Haste The Day,Chorus Of Angels,metal,Ed Harcourt,Fireflies Take Flight,folk,0.45975612795704196,False
raw cosine,2,Haste The Day,Chorus Of Angels,metal,Vienna Teng,Now Three,folk,0.43066850856805156,False
raw cosine,1,Demon Hunter,Follow The Wolves,metal,Sandy Denny,Full Moon,folk,0.5332640701283287,False
raw cosine,2,Demon Hunter,Follow The Wolves,metal,Goatwhore,Vengeance of Demonic Fury,metal,0.5315028598171133,True
raw cosine,1,Demon Hunter,I Am You,metal,Kingston Falls,The Weak Shall Prevail,metal,0.5841452226386992,True
raw cosine,2,Demon Hunter,I Am You,metal,For Today,Redemption,metal,0.5688475571419305,True
raw cosine,1,Demon Hunter,The Science Of Lies,metal,Immortal Technique,The 4th Branch,hip hop,0.6846821034003884,False
raw cosine,2,Demon Hunter,The Science Of Lies,metal,Sebadoh,Showtape '91,electronic,0.6247838357190857,False
raw cosine,1,Ozzy Osbourne,Slow Down,metal,Harry Belafonte,Angelina,latin,0.7114579744009516,False
raw cosine,2,Ozzy Osbourne,Slow Down,metal,The Plasmatics,You're A Zombie,punk,0.7113010446343779,False
raw cosine,1,Ozzy Osbourne,Steal Away (The Night),metal,Manic Street Preachers,Further Away,rock,0.6459665063087461,False
raw cosine,2,Ozzy Osbourne,Steal Away (The Night),metal,Incognito,Chase The Clouds Away,jazz,0.6294273849928796,False
raw cosine,1,Megadeth,Black Curtains (2004 Digital Remaster),metal,Ima Robot,Black Jettas,rock,0.6012765820603042,False
raw cosine,2,Megadeth,Black Curtains (2004 Digital Remaster),metal,Martin Sexton,Black Sheep,folk,0.5965315473346697,False
raw cosine,1,Megadeth,Die Dead Enough,metal,Manafest,Runaway,hip hop,0.761836093336518,False
raw cosine,2,Megadeth,Die Dead Enough,metal,Deep Dish,Awake Enough,electronic,0.7505999415922849,False
raw cosine,1,Drowning Pool,Bodies,metal,Lisa Lisa & Cult Jam,Let The Beat Hit 'Em,r&b/soul,0.40398375318503255,False
raw cosine,2,Drowning Pool,Bodies,metal,Dean Martin,Let Me Go Lover,jazz,0.3918310297917783,False
raw cosine,1,Cannibal Corpse,Rotting Head,metal,Moonsorrow,Tuleen Ajettu Maa,metal,0.6720242612554111,True
raw cosine,2,Cannibal Corpse,Rotting Head,metal,Goatwhore,Vengeance of Demonic Fury,metal,0.6617835182605531,True
raw cosine,1,Slipknot,Gehenna,metal,Common,I Want You,hip hop,0.7027788680568936,False
raw cosine,2,Slipknot,Gehenna,metal,Jonny Lang,Breakin Me,blues,0.6772164810780862,False
raw cosine,1,Slipknot,[sic] [Explicit],metal,Clawfinger,Revenge,metal,0.8055664449826841,True
raw cosine,2,Slipknot,[sic] [Explicit],metal,Shayne Ward,Tangled Up,r&b/soul,0.7971794189891338,False
raw cosine,1,Nine Inch Nails,Gunshots by Computer,metal,Lauryn Hill,Ex-Factor,r&b/soul,0.5377272114850229,False
raw cosine,2,Nine Inch Nails,Gunshots by Computer,metal,Binary Star,Honest Expression,hip hop,0.5242725953050008,False
raw cosine,1,Killswitch Engage,Hope Is... (Album Version),metal,Supreme Majesty,Heroes Of Our Land,metal,0.6340553127318005,True
raw cosine,2,Killswitch Engage,Hope Is... (Album Version),metal,Ella Fitzgerald,Manhattan,jazz,0.575011056267938,False
raw cosine,1,Opeth,The Moor,metal,Saul Williams,Elohim (1972),hip hop,0.773323513414559,False
raw cosine,2,Opeth,The Moor,metal,Autopsy,Skullptures,metal,0.7385221318397993,True
raw cosine,1,Atreyu,This Flesh A Tomb (Instrumental Version),metal,Crotchduster,Let Me Into Starfish Land,metal,0.7664126056021127,True
raw cosine,2,Atreyu,This Flesh A Tomb (Instrumental Version),metal,Matt Nathanson,Bent,folk,0.7658798907769248,False
raw cosine,1,For Today,A Higher Standard,metal,MxPx,It's Undeniable,punk,0.6986506430099624,False
raw cosine,2,For Today,A Higher Standard,metal,Basia,Prime Time TV,jazz,0.6878967658034362,False
raw cosine,1,For Today,Redemption,metal,I Am Ghost,So_ I Guess This Is Goodbye,metal,0.6321840409012528,True
raw cosine,2,For Today,Redemption,metal,Atmosphere,Happymess,hip hop,0.6292424298161395,False
raw cosine,1,Lamb Of God,We Die Alone (Bonus Track),metal,Lifetime,Daneurysm,metal,0.5869391856534222,True
raw cosine,2,Lamb Of God,We Die Alone (Bonus Track),metal,Kaizers Orchestra,Die Polizei,rock,0.5552489765968329,False
raw cosine,1,STRATOVARIUS,Elements,metal,Spiral Architect,Fountainhead,metal,0.5809928937741268,True
raw cosine,2,STRATOVARIUS,Elements,metal,Ziggy Marley And The Melody Makers,13 Months Of Sunshine,reggae,0.5721870309909729,False
raw cosine,1,STRATOVARIUS,Know The Difference,metal,Sara Groves,What Do I Know,pop,0.5777648532054018,False
raw cosine,2,STRATOVARIUS,Know The Difference,metal,Julia Fordham,Genius,electronic,0.5595505781204345,False
raw cosine,1,System of a Down,Peephole,metal,Concrete Blonde,It's Only Money,rock,0.6292793229203554,False
raw cosine,2,System of a Down,Peephole,metal,Jeff Healey,It's Only Money,blues,0.6292793229203554,False
raw cosine,1,Children Of Bodom,Hellhounds on My Trail,metal,The Sundays,My Finest Hour,pop,0.7325219522759784,False
raw cosine,2,Children Of Bodom,Hellhounds on My Trail,metal,Good Old War,Tell Me (Acoustic),folk,0.7279971810899087,False
raw cosine,1,Children Of Bodom,No Commands,metal,Kosheen,Pride,electronic,0.730685325394385,False
raw cosine,2,Children Of Bodom,No Commands,metal,The Airborne Toxic Event,The Girls In Their Summer Dresses,rock,0.7059013632518532,False
raw cosine,1,Tori Amos,Mother (2006 Remastered Alternate Mix),metal,Beastie Boys,B-Boy Bouillabaisse: A.W.O.L. (2009 Digital Remaster),hip hop,0.7006273830040078,False
raw cosine,2,Tori Amos,Mother (2006 Remastered Alternate Mix),metal,Parliament,Mr. Wiggles,r&b/soul,0.6860587240275627,False
raw cosine,1,Iron Maiden,Lord Of The Flies (Live In Dortmund),metal,The Starting Line,Photography,punk,0.649652866201779,False
raw cosine,2,Iron Maiden,Lord Of The Flies (Live In Dortmund),metal,Pigeon John,Growin' Old,hip hop,0.6422040191894371,False
raw cosine,1,Iron Maiden,Phantom Of The Opera (Live) (1998 Digital Remaster),metal,HELLYEAH,Nausea,metal,0.8467369926646121,True
raw cosine,2,Iron Maiden,Phantom Of The Opera (Live) (1998 Digital Remaster),metal,Harry Belafonte,Angelina,latin,0.8429679722119156,False
raw cosine,1,Ill Niño,Re-Birth,metal,Sean Lennon,Into The Sun,jazz,0.8377308272040479,False
raw cosine,2,Ill Niño,Re-Birth,metal,Avant,Out of Character,blues,0.7489598668381433,False
raw cosine,1,Kamelot,This Pain,metal,Organized Konfusion,Releasing Hypnotical Gases,hip hop,0.5980200053758546,False
raw cosine,2,Kamelot,This Pain,metal,Bob Dylan,Ballad In Plain D,folk,0.5941583075925528,False
raw cosine,1,Michael Jackson,You Are Not Alone,pop,New Found Glory,Dressed To Kill,punk,0.7874136640838154,False
raw cosine,2,Michael Jackson,You Are Not Alone,pop,Royksopp,You Don't Have A Clue,electronic,0.7824166637149198,False
raw cosine,1,Michael Jackson,Baby Be Mine,pop,Kelly Clarkson,Anytime,pop,0.7709399009187753,True
raw cosine,2,Michael Jackson,Baby Be Mine,pop,Alice Smith,Dream,r&b/soul,0.7679262438085412,False
raw cosine,1,Michael Jackson,Man In The Mirror,pop,Petey Pablo,Show Me The Money,hip hop,0.5897635004021178,False
raw cosine,2,Michael Jackson,Man In The Mirror,pop,Bow Wow,Sunshine,hip hop,0.5880589018332385,False
raw cosine,1,Michael Jackson,Why You Wanna Trip On Me,pop,Thomas Dybdahl,U,pop,0.6283285693322629,True
raw cosine,2,Michael Jackson,Why You Wanna Trip On Me,pop,Bessie Smith,Thinking Blues,blues,0.6096649878630613,False
raw cosine,1,Ke$ha,TiK ToK,pop,Mobb Deep,Trife Life,hip hop,0.6893796234755959,False
raw cosine,2,Ke$ha,TiK ToK,pop,Spice Girls,Ain't No Stopping Us Now,r&b/soul,0.6782559135932518,False
raw cosine,1,Maroon 5,Nothing Lasts Forever,pop,Useless I.D.,It's Alright,punk,0.7116653289954948,False
raw cosine,2,Maroon 5,Nothing Lasts Forever,pop,Lou Reed,So Alone,rock,0.6444344381904505,False
raw cosine,1,Enrique Iglesias,Roamer,pop,Us3,It's Like That,jazz,0.7666848213591823,False
raw cosine,2,Enrique Iglesias,Roamer,pop,Eminem,8 Mile,hip hop,0.7642215266355509,False
raw cosine,1,Jason Mraz,Live High (Album Version),pop,Blackstreet,Black & White,hip hop,0.5247903083791047,False
raw cosine,2,Jason Mraz,Live High (Album Version),pop,Jolie Holland,Mexico City,folk,0.5052363035421391,False
raw cosine,1,Mariah Carey,Did I Do That?,pop,Charlie Wilson,What You Do To Me,r&b/soul,0.8054571054467728,False
raw cosine,2,Mariah Carey,Did I Do That?,pop,A Tribe Called Quest,The Hop,hip hop,0.770880030994126,False
raw cosine,1,Mariah Carey,I'll Be There,pop,RyanDan,I'll Be There,classical,0.9577936708564238,False
raw cosine,2,Mariah Carey,I'll Be There,pop,Ben Harper And The Blind Boys Of Alabama,There Will Be A Light,blues,0.793572943575263,False
raw cosine,1,Natasha Bedingfield,I Think They're Thinking - Interlude,pop,The Bastard Fairies,Guns And Dolls,rock,0.5804846047689669,False
raw cosine,2,Natasha Bedingfield,I Think They're Thinking - Interlude,pop,Whitney Houston,Thinking About You,pop,0.5771466951321084,True
raw cosine,1,Natasha Bedingfield,Silent Movie,pop,Ricky Nelson,Mighty Good,rock,0.7196103777143457,False
raw cosine,2,Natasha Bedingfield,Silent Movie,pop,Delta Goodrem,Predictable,pop,0.7081814897881549,True
raw cosine,1,Natasha Bedingfield,Stumble,pop,Chris Brown,Ain't No Way (You Won't Love Me),r&b/soul,0.8328130724606821,False
raw cosine,2,Natasha Bedingfield,Stumble,pop,Clawfinger,Revenge,metal,0.829075976700141,False
raw cosine,1,Enrique Iglesias,Heroe,pop,Hello Saferide,Get Sick Soon,folk,0.7907233705356336,False
raw cosine,2,Enrique Iglesias,Heroe,pop,Level 42,To Be With You Again,pop,0.7681179384037037,True
raw cosine,1,Enrique Iglesias,Little Girl,pop,Hello Saferide,Get Sick Soon,folk,0.7863453831346229,False
raw cosine,2,Enrique Iglesias,Little Girl,pop,Level 42,To Be With You Again,pop,0.7716834565632026,True
raw cosine,1,Enrique Iglesias,Ruleta Rusa,pop,Karamelo Santo,Sacrificio,rock,0.7600404918828338,False
raw cosine,2,Enrique Iglesias,Ruleta Rusa,pop,Luis Miguel,La Media Vuelta,latin,0.7593498242919043,False
raw cosine,1,Enrique Iglesias,Contigo,pop,Buena Vista Social Club,Candela,latin,0.731668371221979,False
raw cosine,2,Enrique Iglesias,Contigo,pop,Ricardo Montaner,En el último lugar del mundo,latin,0.724427634398472,False
raw cosine,1,Shakira,Años Luz,pop,Aventura,Obsesion (English Remix_ Album Version),latin,0.8486064974777672,False
raw cosine,2,Shakira,Años Luz,pop,Ana Gabriel,Clemencia,latin,0.8379461754934256,False
raw cosine,1,Sara Bareilles,Love Song,pop,Chris Brown,Ain't No Way (You Won't Love Me),r&b/soul,0.8174797111797105,False
raw cosine,2,Sara Bareilles,Love Song,pop,Clawfinger,Revenge,metal,0.7961043133471438,False
raw cosine,1,Christina Aguilera,Candyman,pop,Binary Star,Wolfman Jack,hip hop,0.6556354648529685,False
raw cosine,2,Christina Aguilera,Candyman,pop,Bellamy Brothers,Old Hippie,country,0.6376046190404733,False
raw cosine,1,Selena Gomez & The Scene,Tell Me Something I Don't Know,pop,Faithless,Salva Mea,electronic,0.7640494606995895,False
raw cosine,2,Selena Gomez & The Scene,Tell Me Something I Don't Know,pop,Willie Nelson,All Of Me,country,0.7486372291303719,False
raw cosine,1,Kelly Clarkson,Cry,pop,Mario Vazquez,Everytime I...,r&b/soul,0.8202984502943056,False
raw cosine,2,Kelly Clarkson,Cry,pop,Corinne Bailey Rae,I'd Like To,r&b/soul,0.8047271924485088,False
raw cosine,1,Céline Dion,Zora sourit,pop,Miss Kittin,3ème Sexe,electronic,0.38996967967815976,False
raw cosine,2,Céline Dion,Zora sourit,pop,Jacques Dutronc,Laquelle Des Deux Est La Plus Snob,pop,0.3890252053892492,True
raw cosine,1,Newsboys,Dance,pop,Pete Rock & C.L. Smooth,Act Like You Know (LP Version),hip hop,0.5471104547616711,False
raw cosine,2,Newsboys,Dance,pop,Bahamadia,WordPlay,hip hop,0.5160011665636731,False
raw cosine,1,Céline Dion,Partout Je Vois,pop,Ledisi,Best Friend,r&b/soul,0.6106199209803829,False
raw cosine,2,Céline Dion,Partout Je Vois,pop,Angie Stone,Snowflakes,r&b/soul,0.6064074052526383,False
raw cosine,1,Kelly Clarkson,Anytime,pop,Thalia,Alguien Real (Baby_ I'm In Love),latin,0.776801579017345,False
raw cosine,2,Kelly Clarkson,Anytime,pop,Anastacia,Club Megamix,rock,0.7747048050262816,False
raw cosine,1,Edward Sharpe & The Magnetic Zeros,Simplest Love,pop,Manhattan Transfer,Love For Sale (LP Version),jazz,0.6011078428933582,False
raw cosine,2,Edward Sharpe & The Magnetic Zeros,Simplest Love,pop,Ryan Adams,My Love For You Is Real,country,0.5704295605069961,False
raw cosine,1,Colbie Caillat,Midnight Bottle,pop,Dina Carroll,Don't Be A Stranger,pop,0.6260203823237321,True
raw cosine,2,Colbie Caillat,Midnight Bottle,pop,Onyx,Feel Me,hip hop,0.5933196980061832,False
raw cosine,1,Britney Spears,Let Me Be,pop,Alison Krauss / Union Station,Baby Now That I've Found You,country,0.7815844439734705,False
raw cosine,2,Britney Spears,Let Me Be,pop,Anastacia,Club Megamix,rock,0.7761534299422532,False
raw cosine,1,Annie Lennox,Big Sky,pop,Fat Joe,Preacher On A Sunday Morning,hip hop,0.6414659499487988,False
raw cosine,2,Annie Lennox,Big Sky,pop,the bird and the bee,Witch,pop,0.62155020755253,True
raw cosine,1,Whitney Houston,Thinking About You,pop,Less Than Jake,I Think I Love You,reggae,0.7889969690422559,False
raw cosine,2,Whitney Houston,Thinking About You,pop,Cherish,Oooh,r&b/soul,0.7740031409220594,False
raw cosine,1,Phil Collins,A Groovy Kind Of Love (Live),pop,Amel Larrieux,Sweet Misery,r&b/soul,0.7522530540869348,False
raw cosine,2,Phil Collins,A Groovy Kind Of Love (Live),pop,Hello Saferide,Get Sick Soon,folk,0.7452540939763487,False
raw cosine,1,Beyoncé,That's Why You're Beautiful,pop,Selena,Tu Eres,latin,0.610654637076813,False
raw cosine,2,Beyoncé,That's Why You're Beautiful,pop,Michael Bublé,That's All (Album Version),classical,0.5648205602196629,False
raw cosine,1,Whitney Houston,Step By Step,pop,Young Jeezy,By The Way,hip hop,0.6428824630883891,False
raw cosine,2,Whitney Houston,Step By Step,pop,Patty Griffin,Every Little Bit,country,0.5313794072904473,False
raw cosine,1,Britney Spears,Piece Of Me (Main Version),pop,The Falcon,The Angry Cry Of The Angry Pie,punk,0.742411191472892,False
raw cosine,2,Britney Spears,Piece Of Me (Main Version),pop,Voxtrot,Kid Gloves,pop,0.6538073748739257,True
raw cosine,1,Britney Spears,Can't Make You Love Me,pop,Anastacia,Club Megamix,rock,0.8388693588307584,False
raw cosine,2,Britney Spears,Can't Make You Love Me,pop,Bay City Rollers,Where Will I Be Now,pop,0.8130500883644655,True
raw cosine,1,Britney Spears,Girl In The Mirror,pop,John Denver,El Paso,rock,0.7289598635638569,False
raw cosine,2,Britney Spears,Girl In The Mirror,pop,Snoop Dogg,Snoopafella (Edited),hip hop,0.7003520632880552,False
raw cosine,1,Britney Spears,Radar,pop,Twista,Get It How You Live  (Explicit Chopped & Screwed Version),hip hop,0.7744642893343668,False
raw cosine,2,Britney Spears,Radar,pop,Brother Firetribe,Lover Tonite,rock,0.7542495904793188,False
raw cosine,1,Britney Spears,When Your Eyes Say It,pop,R. Kelly,Kickin' It With Your Girlfriend,r&b/soul,0.749883342787364,False
raw cosine,2,Britney Spears,When Your Eyes Say It,pop,Sara Gazarek,Yours (Live),jazz,0.7225252008099253,False
raw cosine,1,Depeche Mode,Precious (Live In Milan),pop,Maxwell,NoOne,r&b/soul,0.5702667037524347,False
raw cosine,2,Depeche Mode,Precious (Live In Milan),pop,Hieroglyphics,You Never Knew,hip hop,0.5255076659009053,False
raw cosine,1,Crystal Castles,Insectica,punk,Hanne Hukkelberg,Displaced,jazz,0.7145395062704731,False
raw cosine,2,Crystal Castles,Insectica,punk,Jonny Lang,Breakin Me,blues,0.6739130434782609,False
raw cosine,1,Motion City Soundtrack,Cambridge (Album Version),punk,The Fray,Over My Head (Cable Car),rock,0.5945963053240351,False
raw cosine,2,Motion City Soundtrack,Cambridge (Album Version),punk,Gorillaz,Rhinestone Eyes,electronic,0.5410841543810523,False
raw cosine,1,Motion City Soundtrack,Disappear,punk,Clawfinger,Revenge,metal,0.7885603017668223,False
raw cosine,2,Motion City Soundtrack,Disappear,punk,Zombie Girl,I Want It,electronic,0.7866966210344944,False
raw cosine,1,Motion City Soundtrack,Fell in Love Without You (Cd),punk,Level 42,Lessons In Love,pop,0.6634932958895056,False
raw cosine,2,Motion City Soundtrack,Fell in Love Without You (Cd),punk,Strung Out,Dead Spaces,metal,0.6399773388089581,False
raw cosine,1,Motion City Soundtrack,Point Of Extinction (Cd),punk,Eminem,Rabbit Run,hip hop,0.7238252218777514,False
raw cosine,2,Motion City Soundtrack,Point Of Extinction (Cd),punk,Blues Traveler,Hook,blues,0.7234576966416139,False
raw cosine,1,Motion City Soundtrack,Stand Too Close,punk,Elin Sigvardsson,If I,reggae,0.72150479919644,False
raw cosine,2,Motion City Soundtrack,Stand Too Close,punk,Heavenly,Tool,pop,0.6610325849404158,False
raw cosine,1,Motion City Soundtrack,Worker Bee,punk,Common,Book Of Life,hip hop,0.591750157130537,False
raw cosine,2,Motion City Soundtrack,Worker Bee,punk,Mac Lethal,Rotten Apple Pie,hip hop,0.5854537258521889,False
raw cosine,1,Interpol,Mind Over Time,punk,The Associates,Logan Time,punk,0.5324817082241688,True
raw cosine,2,Interpol,Mind Over Time,punk,Demolition Hammer,Mindrot,metal,0.5261629690193306,False
raw cosine,1,The Clash,I Fought The Law,punk,Manafest,Runaway,hip hop,0.8509200911589332,False
raw cosine,2,The Clash,I Fought The Law,punk,The Cat Empire,The Car Song,reggae,0.8132895579234755,False
raw cosine,1,The Clash,The Magnificent Seven,punk,Kevin Devine,It's Only Your Life,folk,0.7595553601981182,False
raw cosine,2,The Clash,The Magnificent Seven,punk,A Tribe Called Quest,The Hop,hip hop,0.7551371391488695,False
raw cosine,1,Yellowcard,Believe,punk,Ledisi,Alright,r&b/soul,0.6159661448303315,False
raw cosine,2,Yellowcard,Believe,punk,Lauryn Hill,Everything Is Everything,r&b/soul,0.5483085128288824,False
raw cosine,1,Yellowcard,Empty Apartment,punk,Classified,All About U,hip hop,0.802501845009226,False
raw cosine,2,Yellowcard,Empty Apartment,punk,Kevin Devine,It's Only Your Life,folk,0.7643475916700233,False
raw cosine,1,Rise Against,But Tonight We Dance,punk,Vashti Bunyan,Hidden,folk,0.6741762677871569,False
raw cosine,2,Rise Against,But Tonight We Dance,punk,Atmosphere,Happymess,hip hop,0.6625272403282761,False
raw cosine,1,Rise Against,Faint Resemblance,punk,Tony Sly,On the Outside,folk,0.6827870937948103,False
raw cosine,2,Rise Against,Faint Resemblance,punk,Dar Williams,Are You Out There,folk,0.6713566002289092,False
raw cosine,1,Rise Against,Survive,punk,Modern Life Is War,Destination: Death or Better Days,metal,0.6988727693714599,False
raw cosine,2,Rise Against,Survive,punk,The Misfits,Static Age,punk,0.694586823866838,True
raw cosine,1,Rise Against,The Dirt Whispered,punk,Common,Book Of Life,hip hop,0.7417775692200579,False
raw cosine,2,Rise Against,The Dirt Whispered,punk,RODNEY CROWELL,Preachin' To The Choir,country,0.7411651089584385,False
raw cosine,1,The Offspring,Get It Right (Album Version),punk,Veruca Salt,Stoneface,rock,0.690200242094388,False
raw cosine,2,The Offspring,Get It Right (Album Version),punk,New Found Glory,I'll Never Love Again,punk,0.6840906921800699,True
raw cosine,1,The Offspring,Want You Bad,punk,Beastie Boys,So What'Cha Want (Butt Naked Version) (Explicit) (2009 Digital Remaster),hip hop,0.7991199678096599,False
raw cosine,2,The Offspring,Want You Bad,punk,Clawfinger,Revenge,metal,0.7979245614795774,False
raw cosine,1,The Offspring,Staring At The Sun,punk,Kevin Devine,Fever Moon,folk,0.7501832560096057,False
raw cosine,2,The Offspring,Staring At The Sun,punk,Clawfinger,Revenge,metal,0.7407940579777026,False
raw cosine,1,Bad Religion,Operation Rescue,punk,Fad Gadget,Plain Clothes,electronic,0.5967933663219459,False
raw cosine,2,Bad Religion,Operation Rescue,punk,Suffocation,Brood Of Hatred (Album Version),metal,0.5924374104983581,False
raw cosine,1,Silverstein,When Broken Is Easily Fixed (Album Version),punk,Jill Scott,He Loves Me (Lyzel In E Flat),r&b/soul,0.728433473710059,False
raw cosine,2,Silverstein,When Broken Is Easily Fixed (Album Version),punk,Michael Penn,Comfort,rock,0.7262262332197584,False
raw cosine,1,The Cure,Want,punk,Beastie Boys,So What'Cha Want (Butt Naked Version) (Explicit) (2009 Digital Remaster),hip hop,0.7036822071249154,False
raw cosine,2,The Cure,Want,punk,Bouncing Souls_ The,Pervert,electronic,0.6949354270021553,False
raw cosine,1,Hey Monday,Josey,punk,The Bluetones,Carnt Be Trusted,pop,0.689886393722987,False
raw cosine,2,Hey Monday,Josey,punk,Bruce Hornsby and the Range,The Way It Is,rock,0.6448952609528046,False
raw cosine,1,The Clash,1-2 Crush On You,punk,Electric Light Orchestra,Auntie (Ma-Ma-Ma Belle),rock,0.8184781019138007,False
raw cosine,2,The Clash,1-2 Crush On You,punk,Brian McKnight,Holdin' On [Missin' U] (Album Version),r&b/soul,0.7856285670674079,False
raw cosine,1,The Clash,Brand New Cadillac,punk,Billy Squier,She's A Runner (24-Bit Digitally Remastered 02),rock,0.5914153703399583,False
raw cosine,2,The Clash,Brand New Cadillac,punk,Asaf Avidan & the Mojos,Over You Blues,blues,0.5664108791144276,False
raw cosine,1,The Clash,Cool Confusion,punk,The Supremes,Stranger In Paradise,r&b/soul,0.6146838438611498,False
raw cosine,2,The Clash,Cool Confusion,punk,Wu-Tang Clan,The What,hip hop,0.6011684529081096,False
raw cosine,1,The Clash,First Night Back In London,punk,A Tribe Called Quest,Baby Phife's Return,hip hop,0.658400987137392,False
raw cosine,2,The Clash,First Night Back In London,punk,John Denver,El Paso,rock,0.6533716809077528,False
raw cosine,1,The Clash,Inoculated City,punk,Immortal Technique,The 4th Branch,hip hop,0.6038773798613895,False
raw cosine,2,The Clash,Inoculated City,punk,Andrew Lloyd Webber,Masquerade,classical,0.5774355286412254,False
raw cosine,1,The Clash,Lost In The Supermarket,punk,Mary Black,Raven In The Storm,folk,0.779075409628105,False
raw cosine,2,The Clash,Lost In The Supermarket,punk,Patricia Barber,The Moon,jazz,0.763768800811405,False
raw cosine,1,The Clash,Overpowered By Funk,punk,Funkadelic,One Nation Under A Groove,r&b/soul,0.6101384291647136,False
raw cosine,2,The Clash,Overpowered By Funk,punk,Anastacia,Club Megamix,rock,0.6090711087036049,False
raw cosine,1,Bad Religion,Automatic Man (Album Version),punk,Bill Withers,Who Is He? (And What Is He To You?),r&b/soul,0.7426565469688222,False
raw cosine,2,Bad Religion,Automatic Man (Album Version),punk,Bellamy Brothers,Old Hippie,country,0.7389383403275933,False
raw cosine,1,Bad Religion,Chimaera (Album Version),punk,Small Sins,She's The Source,rock,0.8070223082023004,False
raw cosine,2,Bad Religion,Chimaera (Album Version),punk,Anacrusis,What You Became,metal,0.7980182213718866,False
raw cosine,1,Bad Religion,Damned to Be Free (Album Version),punk,Tonedeff,Ridiculous,hip hop,0.6641014558792049,False
raw cosine,2,Bad Religion,Damned to Be Free (Album Version),punk,Dan Le Sac vs Scroobius Pip,Fixed,hip hop,0.6168363179918088,False
raw cosine,1,Bad Religion,Get Off,punk,Common,Book Of Life,hip hop,0.8479692210360039,False
raw cosine,2,Bad Religion,Get Off,punk,Manafest,Runaway,hip hop,0.811862109141525,False
raw cosine,1,Funeral For A Friend,Juneau,punk,Swollen Members,Switchblade,hip hop,0.6938732714808346,False
raw cosine,2,Funeral For A Friend,Juneau,punk,Mary Black,Raven In The Storm,folk,0.6934775721850356,False
raw cosine,1,Wire,Another The letter,punk,Ayreon,Prologue,metal,0.5187057995836745,False
raw cosine,2,Wire,Another The letter,punk,Cinderella Effect,Israel,classical,0.49053517921735057,False
raw cosine,1,Wire,Strange,punk,Kelis,Trilogy,r&b/soul,0.4647603253523263,False
raw cosine,2,Wire,Strange,punk,The Departure,Arms Around Me (BBC 6Music Session),rock,0.43923618246435164,False
raw cosine,1,The Wonder Years,Dude_ What Is a Land Pirate?,punk,Chantal Kreviazuk,Ghosts Of You,pop,0.7369038830998202,False
raw cosine,2,The Wonder Years,Dude_ What Is a Land Pirate?,punk,Hollywood Undead,Undead,hip hop,0.7359877238937358,False
raw cosine,1,Dashboard Confessional,Again I Go Unnoticed,punk,Bebo Norman,Other Side of Day,rock,0.5939071978394765,False
raw cosine,2,Dashboard Confessional,Again I Go Unnoticed,punk,Dawn of Relic,The Awakening,metal,0.5927209844460312,False
raw cosine,1,Dashboard Confessional,Carry This Picture,punk,Andrea Bocelli,I Believe,classical,0.6850096942744679,False
raw cosine,2,Dashboard Confessional,Carry This Picture,punk,The Cat Empire,The Car Song,reggae,0.6729162091835548,False
raw cosine,1,Usher,U R The One,r&b/soul,Kat DeLuna,Run The Show,r&b/soul,0.623282822521767,True
raw cosine,2,Usher,U R The One,r&b/soul,Good Old War,Tell Me (Acoustic),folk,0.6084699092018043,False
raw cosine,1,Chris Brown,Ain't No Way (You Won't Love Me),r&b/soul,Natasha Bedingfield,Stumble,pop,0.8328130724606821,False
raw cosine,2,Chris Brown,Ain't No Way (You Won't Love Me),r&b/soul,Michael McDonald,You Don't Know Me,r&b/soul,0.8288904529638831,True
raw cosine,1,Usher,Nice & Slow,r&b/soul,Avant,I Wanna Know,blues,0.8016240024738276,False
raw cosine,2,Usher,Nice & Slow,r&b/soul,Al Jarreau,Look What You've Done For Me,r&b/soul,0.7946939530907705,True
raw cosine,1,Usher,Roni,r&b/soul,Nick Cave & The Bad Seeds,She Passed By My Window,rock,0.6558389928781108,False
raw cosine,2,Usher,Roni,r&b/soul,Rickie Lee Jones,My One And Only Love,jazz,0.6554045250103253,False
raw cosine,1,Chris Brown,Damage,r&b/soul,R. Kelly,Kickin' It With Your Girlfriend,r&b/soul,0.7726274757426965,True
raw cosine,2,Chris Brown,Damage,r&b/soul,The Puppini Sisters,I Will Survive,jazz,0.7655448766595113,False
raw cosine,1,Chris Brown,Gotta Be Ur Man,r&b/soul,Melanie Thornton,I Apologize,pop,0.6752818566292977,False
raw cosine,2,Chris Brown,Gotta Be Ur Man,r&b/soul,Blackstreet,Happy Song (Tonite),r&b/soul,0.6554619300357529,True
raw cosine,1,Akon,Birthmark,r&b/soul,Rooney,When Did Your Heart Go Missing?,rock,0.6631079631531586,False
raw cosine,2,Akon,Birthmark,r&b/soul,Jamie Cullum,Where Is Your Heart At?,jazz,0.6512464047732749,False
raw cosine,1,R. Kelly,Don't You Say No,r&b/soul,Kelly Price,Don't Say Goodbye,r&b/soul,0.7586327631720818,True
raw cosine,2,R. Kelly,Don't You Say No,r&b/soul,Nat King Cole,If You Can't Smile And Say Yes,jazz,0.7486364422954158,False
raw cosine,1,R. Kelly,Kickin' It With Your Girlfriend,r&b/soul,King Tee,Guitar Playin',hip hop,0.8145099116925839,False
raw cosine,2,R. Kelly,Kickin' It With Your Girlfriend,r&b/soul,Lloyd Cole,I Didn't Know That You Cared,electronic,0.812616247476163,False
raw cosine,1,R. Kelly,Rise Up,r&b/soul,Flobots,Rise,hip hop,0.6433912692526554,False
raw cosine,2,R. Kelly,Rise Up,r&b/soul,Big Moe,S.U.C.,hip hop,0.6102263991013114,False
raw cosine,1,Mariah Carey,Joy Ride,r&b/soul,Sean Kingston,Magical,hip hop,0.6387220652219261,False
raw cosine,2,Mariah Carey,Joy Ride,r&b/soul,Leo Sayer,We've Got Ourselves In Love ,jazz,0.5877012958842254,False
raw cosine,1,Mariah Carey,Sprung,r&b/soul,Hawthorne Heights,Rescue Me,punk,0.7695548776058522,False
raw cosine,2,Mariah Carey,Sprung,r&b/soul,Thalia,Alguien Real (Baby_ I'm In Love),latin,0.7429012771406109,False
raw cosine,1,Luther Vandross,Never Too Much,r&b/soul,Nat King Cole,She's Funny That Way,jazz,0.7143768184647186,False
raw cosine,2,Luther Vandross,Never Too Much,r&b/soul,Phyllis Hyman,Heavenly,r&b/soul,0.670283038538176,True
raw cosine,1,R. Kelly,Chocolate Factory,r&b/soul,Clifford T Ward,A Day To Myself,folk,0.6412161312134071,False
raw cosine,2,R. Kelly,Chocolate Factory,r&b/soul,Clannad,Second Nature,folk,0.6090663306209653,False
raw cosine,1,R. Kelly,I Mean (I Don't Mean It),r&b/soul,Millencolin,Random I Am (Album Version),punk,0.8159029279039322,False
raw cosine,2,R. Kelly,I Mean (I Don't Mean It),r&b/soul,G-Unit,I Don't Want To Talk About It,hip hop,0.8070928945766809,False
raw cosine,1,R. Kelly,In The Kitchen,r&b/soul,Honeycut,Crowded Avenue,electronic,0.7127793183019134,False
raw cosine,2,R. Kelly,In The Kitchen,r&b/soul,Grandmaster Flash,Them Jeans,hip hop,0.6798007357955193,False
raw cosine,1,Alicia Keys,Distance And Time,r&b/soul,Beverley Craven,Promise Me,pop,0.7570662057946991,False
raw cosine,2,Alicia Keys,Distance And Time,r&b/soul,Burden Of A Day,My Forfeit,metal,0.7529463437055041,False
raw cosine,1,Alicia Keys,Lover Man,r&b/soul,Diana King,Can't Do Without You,r&b/soul,0.6243711147554825,True
raw cosine,2,Alicia Keys,Lover Man,r&b/soul,Atmosphere,Hair,hip hop,0.6008355745387922,False
raw cosine,1,Alicia Keys,Nobody Not Really (Interlude),r&b/soul,Charley Patton,Down The Dirt Road Blues,blues,0.6474070486194551,False
raw cosine,2,Alicia Keys,Nobody Not Really (Interlude),r&b/soul,Raine Maida,Confessional,rock,0.6363525156940442,False
raw cosine,1,Alicia Keys,Piano & I,r&b/soul,Frankie J,Without You,r&b/soul,0.7143777594370054,True
raw cosine,2,Alicia Keys,Piano & I,r&b/soul,Permanent Me,Heartattack,punk,0.7003016797456236,False
raw cosine,1,Alicia Keys,Tell You Something (Nana's Reprise),r&b/soul,Joe Bonamassa,Ball Peen Hammer,blues,0.7577329900309941,False
raw cosine,2,Alicia Keys,Tell You Something (Nana's Reprise),r&b/soul,Kristin Hersh,Tuesday Night,folk,0.7529684585909909,False
raw cosine,1,Alicia Keys,Try Sleeping With A Broken Heart,r&b/soul,Barry White,Never Gonna Give You Up,r&b/soul,0.7471438392071987,True
raw cosine,2,Alicia Keys,Try Sleeping With A Broken Heart,r&b/soul,Erin McKeown,Fast As I Can,folk,0.7386625116069997,False
raw cosine,1,Alicia Keys,Why Do I Feel So Sad,r&b/soul,Brian McKnight,Try Our Love Again,r&b/soul,0.6445239751840335,True
raw cosine,2,Alicia Keys,Why Do I Feel So Sad,r&b/soul,Classified,Freezin In The Cold,hip hop,0.6420790364874662,False
raw cosine,1,Alicia Keys,Lovin U,r&b/soul,Keziah Jones,Rhythm Is Love,r&b/soul,0.7254014990236552,True
raw cosine,2,Alicia Keys,Lovin U,r&b/soul,Commodores,Easy,r&b/soul,0.705784941127987,True
raw cosine,1,Jeremih,My Ride,r&b/soul,2Pac,Strictly 4 My N.I.G.G.A.Z.,hip hop,0.7439650839750799,False
raw cosine,2,Jeremih,My Ride,r&b/soul,Anita Baker,In My Heart,jazz,0.7329966718162472,False
raw cosine,1,Jeremih,Starting All Over,r&b/soul,Eminem,8 Mile,hip hop,0.6495884013992241,False
raw cosine,2,Jeremih,Starting All Over,r&b/soul,Ashley MacIsaac,I Don't Need This,electronic,0.611775290321498,False
raw cosine,1,Duffy,Oh Boy,r&b/soul,Ledisi,Best Friend,r&b/soul,0.7071243832816302,True
raw cosine,2,Duffy,Oh Boy,r&b/soul,Canned Heat,Dust My Broom,blues,0.6477884457189971,False
raw cosine,1,Jay Sean,Maybe,r&b/soul,Beastie Boys,So What'Cha Want (Butt Naked Version) (Explicit) (2009 Digital Remaster),hip hop,0.7227825087115289,False
raw cosine,2,Jay Sean,Maybe,r&b/soul,Tony Sly,On the Outside,folk,0.7184094559523317,False
raw cosine,1,Jay Sean,Stuck In the Middle,r&b/soul,Kevon Edmonds,Never Love You,r&b/soul,0.7918194852832479,True
raw cosine,2,Jay Sean,Stuck In the Middle,r&b/soul,Lauryn Hill,Interlude 5,r&b/soul,0.7813905814818588,True
raw cosine,1,Fantasia,Bump What Your Friends Say,r&b/soul,KeKe Wyatt,If Only You Knew,r&b/soul,0.8008762357886852,True
raw cosine,2,Fantasia,Bump What Your Friends Say,r&b/soul,Samantha Mumba,Never Meant To Be,r&b/soul,0.7985221585138622,True
raw cosine,1,Ray Charles,Smack Dab In The Middle,r&b/soul,Johnny Cash,Man In White,country,0.6620915663576615,False
raw cosine,2,Ray Charles,Smack Dab In The Middle,r&b/soul,DJ Quik,Safe + Sound,hip hop,0.6414018459548891,False
raw cosine,1,Ray Charles,Don't You Know,r&b/soul,Marques Houston,Naked,r&b/soul,0.6809337442010978,True
raw cosine,2,Ray Charles,Don't You Know,r&b/soul,Usher,Love Was Here,hip hop,0.667025812177734,False
raw cosine,1,Chrisette Michele,All I Ever Think About,r&b/soul,Clawfinger,Revenge,metal,0.8142825507596168,False
raw cosine,2,Chrisette Michele,All I Ever Think About,r&b/soul,Less Than Jake,I Think I Love You,reggae,0.7932896443459375,False
raw cosine,1,Jackson 5,(You Were Made) Especially For Me,r&b/soul,Mutya Buena,Not Your Baby,pop,0.7181279436425172,False
raw cosine,2,Jackson 5,(You Were Made) Especially For Me,r&b/soul,Bad Brains,Don't Bother Me (Bad Brains),punk,0.6992731139591825,False
raw cosine,1,Jackson 5,I Was Made To Love Her,r&b/soul,Con Funk Shun,Electric Lady,r&b/soul,0.6857146191861955,True
raw cosine,2,Jackson 5,I Was Made To Love Her,r&b/soul,Doyle Bramhall,Cryin',blues,0.676659820504948,False
raw cosine,1,Jackson 5,Bridge Over Troubled Water,r&b/soul,Boyz II Men,To The Limit,r&b/soul,0.6548276156745451,True
raw cosine,2,Jackson 5,Bridge Over Troubled Water,r&b/soul,The Dells,It's All Up To You,r&b/soul,0.6423193478847731,True
raw cosine,1,Jackson 5,Goin' Back To Indiana,r&b/soul,Mc Chris,hoodie ninja,hip hop,0.7810025785788369,False
raw cosine,2,Jackson 5,Goin' Back To Indiana,r&b/soul,Jessica Andrews,Who I Am,country,0.7713903629431287,False
raw cosine,1,Jackson 5,Lookin' Through The Windows,r&b/soul,Crystal Castles,Insectica,punk,0.4603640936819273,False
raw cosine,2,Jackson 5,Lookin' Through The Windows,r&b/soul,Echobelly,Dark Therapy,pop,0.43315564504816534,False
raw cosine,1,Jackson 5,You've Changed,r&b/soul,Adina Howard,Nasty Grind,r&b/soul,0.735168118198182,True
raw cosine,2,Jackson 5,You've Changed,r&b/soul,The Specials,Skinhead Moonstomp,reggae,0.7321400374526812,False
raw cosine,1,Jazmine Sullivan,Switch!,r&b/soul,Bouncing Souls_ The,Pervert,electronic,0.7533107702265562,False
raw cosine,2,Jazmine Sullivan,Switch!,r&b/soul,Common,Book Of Life,hip hop,0.739390136438965,False
raw cosine,1,The Police,One World (Not Three),reggae,The Derek Trucks Band,Revolution,blues,0.6192408513348493,False
raw cosine,2,The Police,One World (Not Three),reggae,Tracie Spencer,Imagine,r&b/soul,0.5850610981640372,False
raw cosine,1,Matisyahu,Close My Eyes,reggae,Blackalicious,Just What Can Happen,hip hop,0.7743506735143175,False
raw cosine,2,Matisyahu,Close My Eyes,reggae,The Cat Empire,Days Like These,reggae,0.7647720683248902,True
raw cosine,1,Matisyahu,Exaltation,reggae,Opera IX,Immortal Chant,metal,0.6482811147271351,False
raw cosine,2,Matisyahu,Exaltation,reggae,Lizzy Borden,There Will Be Blood Tonight,metal,0.6315517213772517,False
raw cosine,1,Matisyahu,Fire and Heights,reggae,Sage Francis,Clickety Clack,hip hop,0.8349061150317288,False
raw cosine,2,Matisyahu,Fire and Heights,reggae,Fat Joe,Preacher On A Sunday Morning,hip hop,0.8211194488995367,False
raw cosine,1,Matisyahu,Jerusalem,reggae,Freshman 15,When Cheating Had Feeling,punk,0.6779036498379287,False
raw cosine,2,Matisyahu,Jerusalem,reggae,A Tribe Called Quest,Rap Promoter,hip hop,0.6582037292552875,False
raw cosine,1,Matisyahu,Warrior,reggae,Damien Dempsey,Colony,folk,0.6788518822081462,False
raw cosine,2,Matisyahu,Warrior,reggae,Sage Francis,Clickety Clack,hip hop,0.6777147490239745,False
raw cosine,1,Sublime,Don't Push,reggae,King Tee,Guitar Playin',hip hop,0.7944454779654736,False
raw cosine,2,Sublime,Don't Push,reggae,St. Lunatics,Time,hip hop,0.7896355095968679,False
raw cosine,1,Sublime,Pawn Shop,reggae,Atom And His Package,Upside Down From Here,electronic,0.5581581428906076,False
raw cosine,2,Sublime,Pawn Shop,reggae,Architecture In Helsinki,Underwater,pop,0.5420594861518362,False
raw cosine,1,Michael Franti & Spearhead,See you in the Light,reggae,Thomas Dolby,I Live In A Suitcase,electronic,0.7136166981196651,False
raw cosine,2,Michael Franti & Spearhead,See you in the Light,reggae,RKL,Heavily Sedated,metal,0.6973063563915288,False
raw cosine,1,Michael Franti & Spearhead,Sweet Little Lies,reggae,Faithless,Salva Mea,electronic,0.6077593606066267,False
raw cosine,2,Michael Franti & Spearhead,Sweet Little Lies,reggae,Sharon Jones & The Dap-Kings,Tell Me,r&b/soul,0.5887365300446227,False
raw cosine,1,McFly,The Way You Make Me Feel,reggae,Sunscreem,Pressure,electronic,0.8196535539325371,False
raw cosine,2,McFly,The Way You Make Me Feel,reggae,Anastacia,Club Megamix,rock,0.7463166783175269,False
raw cosine,1,Daddy Yankee,Grito Mundial,reggae,Inti Illimani,El Arado,latin,0.6730167366088002,False
raw cosine,2,Daddy Yankee,Grito Mundial,reggae,Atahualpa Yupanqui,Milonga Del Solitario,folk,0.6647227490770447,False
raw cosine,1,tobyMac,Get This Party Started: Ghost Remix,reggae,Four Year Strong,Catastrophe,punk,0.5902008669866663,False
raw cosine,2,tobyMac,Get This Party Started: Ghost Remix,reggae,Nick Cave & The Bad Seeds,Midnight Man,rock,0.5266624795541381,False
raw cosine,1,Bob Marley & The Wailers,Africa Unite,reggae,Gamma Ray,Heavy Metal Universe (live),metal,0.6664420183371625,False
raw cosine,2,Bob Marley & The Wailers,Africa Unite,reggae,Zeigeist,Black Milk,electronic,0.6506219199675038,False
raw cosine,1,Bob Marley & The Wailers,Could You Be Loved,reggae,Boyz II Men,Could It Be I'm Falling In Love,r&b/soul,0.6356417799374943,False
raw cosine,2,Bob Marley & The Wailers,Could You Be Loved,reggae,The Enemy,It's Not OK [Live From London],rock,0.6203436981239911,False
raw cosine,1,Bob Marley,No Water,reggae,Phil Collins,A Groovy Kind Of Love (Live),pop,0.7150501294849967,False
raw cosine,2,Bob Marley,No Water,reggae,Amel Larrieux,Sweet Misery,r&b/soul,0.6979503950069523,False
raw cosine,1,Bob Marley & The Wailers,One Love / People Get Ready,reggae,Black Eyed Peas,One Tribe,hip hop,0.598910012511148,False
raw cosine,2,Bob Marley & The Wailers,One Love / People Get Ready,reggae,Tanya Tucker,One Love At A Time,jazz,0.5414275967664436,False
raw cosine,1,Bob Marley,Try Me,reggae,Trisha Yearwood,Try Me Again,country,0.8066094439377955,False
raw cosine,2,Bob Marley,Try Me,reggae,Bizzy Bone,I Need You,hip hop,0.7314952430700974,False
raw cosine,1,Bob Marley & The Wailers,Baby We've Got A Date (Rock It Baby),reggae,Ringo Starr,Where Did Our Love Go,rock,0.5667986375091559,False
raw cosine,2,Bob Marley & The Wailers,Baby We've Got A Date (Rock It Baby),reggae,Floetry,Getting Late,r&b/soul,0.5657115574628778,False
raw cosine,1,Bob Marley & The Wailers,Johnny Was,reggae,Etta James,W.O.M.A.N.,blues,0.5981221005231611,False
raw cosine,2,Bob Marley & The Wailers,Johnny Was,reggae,Little Anthony & The Imperials,Shimmy_ Shimmy_ Ko-Ko-Bop (Single Version),latin,0.5365117497382341,False
raw cosine,1,Bob Marley,Riding High,reggae,Belleruche,Northern Girls,jazz,0.6519932272217385,False
raw cosine,2,Bob Marley,Riding High,reggae,Johnny Winter,Prodigal Son,blues,0.6470601251896345,False
raw cosine,1,Bob Marley,Soul Shakedown,reggae,Banaroo,Ringa Ding Ding,electronic,0.6164113028235356,False
raw cosine,2,Bob Marley,Soul Shakedown,reggae,Mutya Buena,Not Your Baby,pop,0.5643912701866034,False
raw cosine,1,Bob Marley & The Wailers,Trenchtown Rock,reggae,Natalie Cole,I'm Catching Hell (Living Here Alone) (Digitally Remastered 02),jazz,0.6683205443231683,False
raw cosine,2,Bob Marley & The Wailers,Trenchtown Rock,reggae,Mississippi Fred McDowell,Bull Dog Blues,blues,0.6594102908830897,False
raw cosine,1,Massive Attack,Eternal Feedback (Sly),reggae,Scooter,She's The Sun,electronic,0.7032499873591423,False
raw cosine,2,Massive Attack,Eternal Feedback (Sly),reggae,Plan B,Stay Too Long,r&b/soul,0.6988777445436104,False
raw cosine,1,Bob Marley & The Wailers,Black Progress,reggae,Public Image Ltd,Bags,punk,0.619534727222212,False
raw cosine,2,Bob Marley & The Wailers,Black Progress,reggae,Digable Planets,Slowes' Comb/The May 4th Movement starring Doodlebug,reggae,0.5395077534562611,True
raw cosine,1,Bob Marley & The Wailers,Reggae On Broadway,reggae,Groove Armada,Groove Is On,electronic,0.6518492981410509,False
raw cosine,2,Bob Marley & The Wailers,Reggae On Broadway,reggae,Scandinavian Music Group,Näin minä vihellän matkallani,pop,0.651080807036413,False
raw cosine,1,Bob Marley,Rebels Hop,reggae,Phil Collins,A Groovy Kind Of Love (Live),pop,0.7104038806111893,False
raw cosine,2,Bob Marley,Rebels Hop,reggae,Amel Larrieux,Sweet Misery,r&b/soul,0.6934152566955865,False
raw cosine,1,Bob Marley,Stop The Train,reggae,Björk,Hunter,electronic,0.7053637150042182,False
raw cosine,2,Bob Marley,Stop The Train,reggae,Little Walter,Key To The Highway,blues,0.6918250411879877,False
raw cosine,1,Bob Marley & The Wailers,This Train,reggae,bathory,Psychopath,metal,0.48546523634969974,False
raw cosine,2,Bob Marley & The Wailers,This Train,reggae,J.J. Cale,Ridin Home,blues,0.4729423261260961,False
raw cosine,1,N-Dubz,Defeat You,reggae,Mario Vazquez,Everytime I...,r&b/soul,0.729452448407703,False
raw cosine,2,N-Dubz,Defeat You,reggae,Habakuk,Mury,reggae,0.7167654147531861,True
raw cosine,1,N-Dubz,Don't Get Nine,reggae,Jane Child,Don't Let It Get To You (Album Version),pop,0.7561976194626711,False
raw cosine,2,N-Dubz,Don't Get Nine,reggae,Edith Piaf,Dont Cry,punk,0.7335861472286953,False
raw cosine,1,N-Dubz,Feva Las Vegas,reggae,Swollen Members,Concerto,hip hop,0.6515055361527528,False
raw cosine,2,N-Dubz,Feva Las Vegas,reggae,Redman,Soopaman Luva 3,hip hop,0.6456009807566715,False
raw cosine,1,N-Dubz,Secrets,reggae,Anastacia,Club Megamix,rock,0.8103825781285219,False
raw cosine,2,N-Dubz,Secrets,reggae,Classified,Freezin In The Cold,hip hop,0.7988456064628982,False
raw cosine,1,N-Dubz,Work Work,reggae,Jonny Lang,Breakin Me,blues,0.7639274271923284,False
raw cosine,2,N-Dubz,Work Work,reggae,Blues Traveler,Hook,blues,0.7608740278481594,False
raw cosine,1,Dropkick Murphys,Good Rats (Live),reggae,Billy Currington,That's How Country Boys Roll,country,0.657535505639407,False
raw cosine,2,Dropkick Murphys,Good Rats (Live),reggae,The Dubliners,The Molly Maguires,folk,0.6432944513954494,False
raw cosine,1,Tito El Bambino,Sol_ Playa Y Arena,reggae,Joan Manuel Serrat,La Aristocracia del Barrio,latin,0.8433432581377369,False
raw cosine,2,Tito El Bambino,Sol_ Playa Y Arena,reggae,Inti Illimani,El Arado,latin,0.8110985297468967,False
raw cosine,1,UB40,I Don't Want To See You Cry,reggae,Edith Piaf,Dont Cry,punk,0.790234069658965,False
raw cosine,2,UB40,I Don't Want To See You Cry,reggae,Magic Affair,Give Me All Your Love,electronic,0.7687326152611303,False
raw cosine,1,UB40,Come Back Darling,reggae,Gerry Rafferty,Waiting For The Day,folk,0.6728692587949101,False
raw cosine,2,UB40,Come Back Darling,reggae,Bizzy Bone,I Need You,hip hop,0.6513328013771283,False
raw cosine,1,UB40,Here I Am (Come And Take Me),reggae,Death In Vegas,Girls,electronic,0.7854551562363201,False
raw cosine,2,UB40,Here I Am (Come And Take Me),reggae,Michael Penn,Comfort,rock,0.7626239386627091,False
raw cosine,1,UB40,Light My Fire,reggae,The Replacements,Love You Till Friday,punk,0.5880806944021267,False
raw cosine,2,UB40,Light My Fire,reggae,Britney Spears,Radar,pop,0.554978867028928,False
raw cosine,1,Coldplay,Til Kingdom Come,rock,Dusty Springfield,Meditation,jazz,0.7784636791500714,False
raw cosine,2,Coldplay,Til Kingdom Come,rock,Vashti Bunyan,Hidden,folk,0.77258069039817,False
raw cosine,1,Bruce Springsteen,Brothers Under The Bridges ('83),rock,Johnny Cash,Daddy Sang Bass,country,0.6116343519536278,False
raw cosine,2,Bruce Springsteen,Brothers Under The Bridges ('83),rock,Opera IX,Immortal Chant,metal,0.5962167831877467,False
raw cosine,1,Bruce Springsteen,The Big Payback,rock,Beastie Boys,B-Boy Bouillabaisse: A.W.O.L. (2009 Digital Remaster),hip hop,0.8014098433669898,False
raw cosine,2,Bruce Springsteen,The Big Payback,rock,Big L,Lifestylez Ov Da Poor & Dangerous,hip hop,0.8009351075131131,False
raw cosine,1,Bruce Springsteen,The Ties That Bind,rock,Harry Belafonte,Angelina,latin,0.7944302817928415,False
raw cosine,2,Bruce Springsteen,The Ties That Bind,rock,Kevin Devine,It's Only Your Life,folk,0.7804209889691062,False
raw cosine,1,The Killers,Sam's Town,rock,Beastie Boys,B-Boy Bouillabaisse: A.W.O.L. (2009 Digital Remaster),hip hop,0.8217607082764979,False
raw cosine,2,The Killers,Sam's Town,rock,King Tee,Act A Fool,hip hop,0.8015094165955842,False
raw cosine,1,Muse,Pink Ego Box,rock,Jonny Lang,Breakin Me,blues,0.7476291582548186,False
raw cosine,2,Muse,Pink Ego Box,rock,Scars Of Life,Descending,rock,0.7271239409724597,True
raw cosine,1,OneRepublic,Secrets,rock,A Tribe Called Quest,Hot Sex,hip hop,0.6615110333655913,False
raw cosine,2,OneRepublic,Secrets,rock,Wayne Hancock,Johnson City,country,0.6610239550759045,False
raw cosine,1,Bon Jovi,Come Back,rock,Dionne Warwick,This Empty Place,r&b/soul,0.7176919689742273,False
raw cosine,2,Bon Jovi,Come Back,rock,Public Enemy,Hit The Road Jack,hip hop,0.627924595508214,False
raw cosine,1,The Rolling Stones,Time Is On My Side,rock,Rebelution,Bump,reggae,0.6317245601863423,False
raw cosine,2,The Rolling Stones,Time Is On My Side,rock,Emiliana Torrini,Sunny Road,folk,0.6220350993992969,False
raw cosine,1,The Rolling Stones,Fight (1994 Digital Remaster),rock,Slick Rick,Let's Get Crazy,hip hop,0.5869260451657785,False
raw cosine,2,The Rolling Stones,Fight (1994 Digital Remaster),rock,Black Eyed Peas,Boom Boom Guetta,hip hop,0.5821427032702406,False
raw cosine,1,Bon Jovi,This Ain't A Love Song,rock,Less Than Jake,I Think I Love You,reggae,0.811090689424452,False
raw cosine,2,Bon Jovi,This Ain't A Love Song,rock,Shai,Waiting For The Day,r&b/soul,0.7967035442383458,False
raw cosine,1,Bon Jovi,Superman Tonight,rock,Harry Belafonte,Angelina,latin,0.7536153983852064,False
raw cosine,2,Bon Jovi,Superman Tonight,rock,Clawfinger,Revenge,metal,0.7473253085125915,False
raw cosine,1,Guns N' Roses,Bad Obsession,rock,Robbie Williams,It's De-Lovely,jazz,0.6938261070099185,False
raw cosine,2,Guns N' Roses,Bad Obsession,rock,Eric B. & Rakim,I Know You Got Soul,hip hop,0.6816632591373338,False
raw cosine,1,Elvis Presley,Anything That's Part Of You,rock,Syleena Johnson,All Of Me,r&b/soul,0.7539599172690951,False
raw cosine,2,Elvis Presley,Anything That's Part Of You,rock,Angela Bofill,I Try,r&b/soul,0.7443406805485832,False
raw cosine,1,Flyleaf,So I Thought,rock,The Streets,The Irony Of It All (Album Version),electronic,0.6995095732471781,False
raw cosine,2,Flyleaf,So I Thought,rock,Jeffrey Lewis,Gold,folk,0.6827983773603467,False
raw cosine,1,The Smashing Pumpkins,You're All I've Got Tonight,rock,Faithless,Flowerstand Man,electronic,0.7947222995250784,False
raw cosine,2,The Smashing Pumpkins,You're All I've Got Tonight,rock,Edith Piaf,Dont Cry,punk,0.7910766026911562,False
raw cosine,1,Snow Patrol,Signal Fire,rock,Voxtrot,Kid Gloves,pop,0.7653227497600648,False
raw cosine,2,Snow Patrol,Signal Fire,rock,Willie Nelson,There You Are,country,0.7006864206843921,False
raw cosine,1,Snow Patrol,The Lightning Strike,rock,Momus,Closer To You,electronic,0.8061828556434271,False
raw cosine,2,Snow Patrol,The Lightning Strike,rock,Jeffrey Lewis,Gold,folk,0.804429407966123,False
raw cosine,1,Nirvana,Dumb,rock,Lucky Dube,Slave,reggae,0.854320402942529,False
raw cosine,2,Nirvana,Dumb,rock,Björk,Hunter,electronic,0.8202833315542979,False
raw cosine,1,Nirvana,Something In The Way,rock,The Mighty Mighty Bosstones,1-2-8,reggae,0.5449923084908624,False
raw cosine,2,Nirvana,Something In The Way,rock,Sophie Milman,Something In The Air Between Us,jazz,0.5030027606581198,False
raw cosine,1,Switchfoot,Oh! Gravity.,rock,Salif Keita,Tu Vas Me Manquer,reggae,0.5984292252518563,False
raw cosine,2,Switchfoot,Oh! Gravity.,rock,Sanctus Real,Dear Heart,rock,0.5492418123628318,True
raw cosine,1,The White Stripes,Hotel Yorba,rock,RODNEY CROWELL,Preachin' To The Choir,country,0.7702018377557985,False
raw cosine,2,The White Stripes,Hotel Yorba,rock,Eminem,Rabbit Run,hip hop,0.7697022889326173,False
raw cosine,1,The White Stripes,Prickly Thorn_ But Sweetly Worn (Live),rock,Emilie Simon,Dame De Lotus,electronic,0.696014386308457,False
raw cosine,2,The White Stripes,Prickly Thorn_ But Sweetly Worn (Live),rock,Clannad,Newgrange,folk,0.6197551352362225,False
raw cosine,1,The White Stripes,St. Andrew (This Battle Is In The Air),rock,Johnny Cash,I Don't Know Where I'm Bound,country,0.7305466957501099,False
raw cosine,2,The White Stripes,St. Andrew (This Battle Is In The Air),rock,Nancy Sinatra,Flowers On The Wall,pop,0.7234409976117012,False
raw cosine,1,The Decemberists,I Was Meant For the Stage,rock,On Thorns I Lay,Unsung Songs,punk,0.6896120792620495,False
raw cosine,2,The Decemberists,I Was Meant For the Stage,rock,Snoop Dogg,Snoopafella (Edited),hip hop,0.68744313583429,False
raw cosine,1,Cake,Alpha Beta Parking Lot,rock,Allure,When The Shades Go Down,r&b/soul,0.5072720027291517,False
raw cosine,2,Cake,Alpha Beta Parking Lot,rock,Memphis Minnie,Down In The Alley,blues,0.42177577027464075,False
raw cosine,1,The Smashing Pumpkins,An Ode To No One,rock,Blues Traveler,Hook,blues,0.8039964189580877,False
raw cosine,2,The Smashing Pumpkins,An Ode To No One,rock,Anastacia,Club Megamix,rock,0.7826352889810418,True
raw cosine,1,The Fray,Over My Head (Cable Car),rock,A Tribe Called Quest,Baby Phife's Return,hip hop,0.6872381079484433,False
raw cosine,2,The Fray,Over My Head (Cable Car),rock,Aceyalone,Impact,hip hop,0.6811183880332392,False
raw cosine,1,Interpol,No I In Threesome,rock,Digable Planets,Time & Space (A New Refutation Of),hip hop,0.6941691458972855,False
raw cosine,2,Interpol,No I In Threesome,rock,Jamiroquai,Virtual Insanity,r&b/soul,0.6360508790162288,False
raw cosine,1,Interpol,Pace Is The Trick,rock,Hello Saferide,Get Sick Soon,folk,0.8193274341404784,False
raw cosine,2,Interpol,Pace Is The Trick,rock,The Puppini Sisters,I Will Survive,jazz,0.8188116606805397,False
raw cosine,1,Pink Floyd,Embryo,rock,Jazzamor,a piece of my heart,electronic,0.644044563029919,False
raw cosine,2,Pink Floyd,Embryo,rock,Mos Def,Life Is Real,hip hop,0.5921780421560326,False
raw cosine,1,Buckcherry,Borderline,rock,Omarion,Slow Dancin',r&b/soul,0.6478263358315635,False
raw cosine,2,Buckcherry,Borderline,rock,Blondie,Bang A Gong/Funtime (Live),punk,0.6445612454740545,False
raw cosine,1,Nine Inch Nails,March Of The Pigs,rock,Kosheen,I Want It All,electronic,0.8101077396977312,False
raw cosine,2,Nine Inch Nails,March Of The Pigs,rock,Utada,The Workout,pop,0.721850688965359,False
raw cosine,1,Nine Inch Nails,Burn,rock,Leonard Cohen,Iodine,folk,0.6934422098783025,False
raw cosine,2,Nine Inch Nails,Burn,rock,Dawn of Relic,The Awakening,metal,0.6826999556404979,False
raw cosine,1,Nine Inch Nails,Something I Can Never Have,rock,Bouncing Souls_ The,Pervert,electronic,0.7191572913316754,False
raw cosine,2,Nine Inch Nails,Something I Can Never Have,rock,Eminem,Rabbit Run,hip hop,0.7142202978242902,False
raw cosine,1,Eagles,It's Your World Now,rock,M People,It's Your World,electronic,0.6596681150755037,False
raw cosine,2,Eagles,It's Your World Now,rock,Dungeon Family,Trans DF Express,r&b/soul,0.6553116452402609,False
raw cosine,1,Bob Dylan,Something There Is About You,rock,Momus,Closer To You,electronic,0.7577498803644956,False
raw cosine,2,Bob Dylan,Something There Is About You,rock,Bobby Bare,Numbers,country,0.7458850623957862,False
raw cosine,1,Hawk Nelson,From Underneath,rock,Clawfinger,Revenge,metal,0.8082816309693984,False
raw cosine,2,Hawk Nelson,From Underneath,rock,Angela Bofill,I Try,r&b/soul,0.7967210771082904,False
raw cosine,1,Hawk Nelson,Turn It On,rock,7 Seconds,Still On It,metal,0.628830735698054,False
raw cosine,2,Hawk Nelson,Turn It On,rock,Gregory Isaac,Soon Forward,reggae,0.6196653660624779,False
raw cosine,1,Hawk Nelson,Something On My Mind,rock,Violent Femmes,Add It Up,rock,0.7084196530693658,True
raw cosine,2,Hawk Nelson,Something On My Mind,rock,2Pac,Strictly 4 My N.I.G.G.A.Z.,hip hop,0.7072370898212105,False
TF-IDF dot product,1,Michael Jackson,All The Things You Are,blues,Aqua,Happy Boys & Girls,pop,108.95266031131068,False
TF-IDF dot product,2,Michael Jackson,All The Things You Are,blues,Flipsyde,Angel,hip hop,101.61049527314846,False
TF-IDF dot product,1,John Mayer,Vultures,blues,Lauryn Hill,Interlude 5,r&b/soul,246.48258211147055,False
TF-IDF dot product,2,John Mayer,Vultures,blues,Beastie Boys,B-Boy Bouillabaisse: A.W.O.L. (2009 Digital Remaster),hip hop,215.6073461275193,False
TF-IDF dot product,1,John Mayer,Out Of My Mind,blues,Lauryn Hill,Interlude 5,r&b/soul,178.61903824220047,False
TF-IDF dot product,2,John Mayer,Out Of My Mind,blues,Eminem,If I Had,hip hop,162.4330703476232,False
TF-IDF dot product,1,R. Kelly,Hump Bounce,blues,Dilated Peoples,Ear Drums Pop,hip hop,207.0776268700607,False
TF-IDF dot product,2,R. Kelly,Hump Bounce,blues,Ying Yang Twins,1st Booty On Duty,hip hop,197.78061056192905,False
TF-IDF dot product,1,R. Kelly,Intro - The Sermon,blues,Lauryn Hill,Interlude 5,r&b/soul,386.37062301779605,False
TF-IDF dot product,2,R. Kelly,Intro - The Sermon,blues,Michael Jackson,Man In The Mirror,pop,294.5114529659673,False
TF-IDF dot product,1,Michael Jackson,Call On Me,blues,Lauryn Hill,Interlude 5,r&b/soul,318.7886076067768,False
TF-IDF dot product,2,Michael Jackson,Call On Me,blues,Beastie Boys,B-Boy Bouillabaisse: A.W.O.L. (2009 Digital Remaster),hip hop,315.6372022753729,False
TF-IDF dot product,1,The Black Keys,Oceans and Streams,blues,Eminem,8 Mile,hip hop,149.5988690591318,False
TF-IDF dot product,2,The Black Keys,Oceans and Streams,blues,Michael Jackson,Man In The Mirror,pop,137.75362349191556,False
TF-IDF dot product,1,The Black Keys,10 A.M. Automatic,blues,Lauryn Hill,Interlude 5,r&b/soul,151.9749950372209,False
TF-IDF dot product,2,The Black Keys,10 A.M. Automatic,blues,OutKast,Hey Ya!,hip hop,119.41702431327542,False
TF-IDF dot product,1,The Black Keys,Aeroplane Blues,blues,The Pharcyde,Otha Fish,hip hop,69.94024940338288,False
TF-IDF dot product,2,The Black Keys,Aeroplane Blues,blues,Eminem,8 Mile,hip hop,69.23213744542862,False
TF-IDF dot product,1,The Black Keys,All Hands Against His Own,blues,Lyfe Jennings,She Got Kids,r&b/soul,301.63555337323794,False
TF-IDF dot product,2,The Black Keys,All Hands Against His Own,blues,Jill Scott,Brotha,r&b/soul,269.3721923276803,False
TF-IDF dot product,1,The Black Keys,Black Door,blues,Masta Ace Incorporated,Jeep Ass Niguh,hip hop,92.00491687882672,False
TF-IDF dot product,2,The Black Keys,Black Door,blues,Michael Jackson,Man In The Mirror,pop,84.50928500481145,False
TF-IDF dot product,1,The Black Keys,Busted,blues,Beastie Boys,B-Boy Bouillabaisse: A.W.O.L. (2009 Digital Remaster),hip hop,311.7638795908028,False
TF-IDF dot product,2,The Black Keys,Busted,blues,Lauryn Hill,Interlude 5,r&b/soul,310.47891521588923,False
TF-IDF dot product,1,The Black Keys,Give Your Heart Away,blues,Michael Jackson,Man In The Mirror,pop,125.32897303728875,False
TF-IDF dot product,2,The Black Keys,Give Your Heart Away,blues,Brownstone,5 Miles To Empty,r&b/soul,91.37112785293054,False
TF-IDF dot product,1,The Black Keys,Grown So Ugly,blues,Lauryn Hill,Interlude 5,r&b/soul,145.31602378060185,False
TF-IDF dot product,2,The Black Keys,Grown So Ugly,blues,Snoop Dogg,Snoopafella (Edited),hip hop,138.67060131327636,False
TF-IDF dot product,1,The Black Keys,Hard Row,blues,Michael Jackson,Man In The Mirror,pop,169.67550623501444,False
TF-IDF dot product,2,The Black Keys,Hard Row,blues,Aceyalone,Mr. Outsider,hip hop,147.2831440900591,False
TF-IDF dot product,1,The Black Keys,I Got Mine,blues,The Maine,You Left Me,electronic,114.37569097531079,False
TF-IDF dot product,2,The Black Keys,I Got Mine,blues,The Simpsons,Do The Bartman,hip hop,105.97978663579781,False
TF-IDF dot product,1,The Black Keys,If You See Me,blues,Michael Jackson,Man In The Mirror,pop,115.49243408686775,False
TF-IDF dot product,2,The Black Keys,If You See Me,blues,Petey Pablo,Fool For Love,hip hop,110.75874164326608,False
TF-IDF dot product,1,The Black Keys,Lies,blues,Ja Rule,One of Us,hip hop,133.94897306491725,False
TF-IDF dot product,2,The Black Keys,Lies,blues,Lauryn Hill,Interlude 5,r&b/soul,121.8537181842568,False
TF-IDF dot product,1,The Black Keys,Next Girl,blues,Twiztid,She Ain't Afraid,hip hop,183.64447542779783,False
TF-IDF dot product,2,The Black Keys,Next Girl,blues,Beastie Boys,B-Boy Bouillabaisse: A.W.O.L. (2009 Digital Remaster),hip hop,182.49977402684848,False
TF-IDF dot product,1,The Black Keys,No Fun,blues,The Stooges,No Fun (Remasterd LP Version),punk,209.6796133760853,False
TF-IDF dot product,2,The Black Keys,No Fun,blues,Cyndi Lauper,Girls Just Want To Have Fun,pop,119.62478716033553,False
TF-IDF dot product,1,The Black Keys,Stack Shot Billy,blues,Bob Dylan,Shot Of Love,blues,123.600528850987,True
TF-IDF dot product,2,The Black Keys,Stack Shot Billy,blues,Onyx,Face Down,hip hop,117.55843660857778,False
TF-IDF dot product,1,The Black Keys,Ten Cent Pistol,blues,Beastie Boys,B-Boy Bouillabaisse: A.W.O.L. (2009 Digital Remaster),hip hop,216.57804614439536,False
TF-IDF dot product,2,The Black Keys,Ten Cent Pistol,blues,Twiztid,She Ain't Afraid,hip hop,180.21644772384553,False
TF-IDF dot product,1,The Black Keys,The Flame,blues,Lauryn Hill,Interlude 5,r&b/soul,107.75685593204494,False
TF-IDF dot product,2,The Black Keys,The Flame,blues,Beastie Boys,B-Boy Bouillabaisse: A.W.O.L. (2009 Digital Remaster),hip hop,97.97994526950497,False
TF-IDF dot product,1,The Black Keys,These Days,blues,Lauryn Hill,Interlude 5,r&b/soul,221.23296922537736,False
TF-IDF dot product,2,The Black Keys,These Days,blues,Beastie Boys,B-Boy Bouillabaisse: A.W.O.L. (2009 Digital Remaster),hip hop,184.20043579657576,False
TF-IDF dot product,1,The Black Keys,When The Lights Go Out,blues,Beastie Boys,B-Boy Bouillabaisse: A.W.O.L. (2009 Digital Remaster),hip hop,117.8844111836443,False
TF-IDF dot product,2,The Black Keys,When The Lights Go Out,blues,Lauryn Hill,Interlude 5,r&b/soul,116.29627701855419,False
TF-IDF dot product,1,The Black Keys,Have Love Will Travel,blues,KMD,Plumskinzz (Loose Hoe_ God & Cupid),hip hop,193.30564433264738,False
TF-IDF dot product,2,The Black Keys,Have Love Will Travel,blues,Onyx,Slam,hip hop,189.28379570452975,False
TF-IDF dot product,1,Ray Charles,C.C. Rider,blues,Beastie Boys,B-Boy Bouillabaisse: A.W.O.L. (2009 Digital Remaster),hip hop,206.36385099392737,False
TF-IDF dot product,2,Ray Charles,C.C. Rider,blues,Savatage,The Hourglass,metal,192.4842799510692,False
TF-IDF dot product,1,Ray Charles,I Got a Woman,blues,Beastie Boys,B-Boy Bouillabaisse: A.W.O.L. (2009 Digital Remaster),hip hop,221.3931687583286,False
TF-IDF dot product,2,Ray Charles,I Got a Woman,blues,Shaggy,Luv Me Up,reggae,179.6494375605286,False
TF-IDF dot product,1,Ray Charles,The Sun's Gonna Shine Again,blues,Hayseed Dixie,Black Dog,country,138.57148134751674,False
TF-IDF dot product,2,Ray Charles,The Sun's Gonna Shine Again,blues,Warren G,Keepin' It Strong,hip hop,128.00857569441874,False
TF-IDF dot product,1,Ray Charles,Losing Hand,blues,Lauryn Hill,Interlude 5,r&b/soul,150.95911798398558,False
TF-IDF dot product,2,Ray Charles,Losing Hand,blues,Keith Sweat,Caught Up,r&b/soul,148.83732808756906,False
TF-IDF dot product,1,Blake Shelton,Nobody But Me (Album Version),blues,Lauryn Hill,Interlude 5,r&b/soul,188.72763441896328,False
TF-IDF dot product,2,Blake Shelton,Nobody But Me (Album Version),blues,Beastie Boys,B-Boy Bouillabaisse: A.W.O.L. (2009 Digital Remaster),hip hop,165.68065722584464,False
TF-IDF dot product,1,Etta James,A Sunday Kind of Love,blues,Big Brovaz,Find A Way,hip hop,211.96369010441825,False
TF-IDF dot product,2,Etta James,A Sunday Kind of Love,blues,Mariah Carey,Sprung,r&b/soul,198.23838974841965,False
TF-IDF dot product,1,Etta James,I Just Want To Make Love To You,blues,Lauryn Hill,Interlude 5,r&b/soul,150.22731499091103,False
TF-IDF dot product,2,Etta James,I Just Want To Make Love To You,blues,Incognito,Blue (I'm Still Here With You),jazz,130.73627575323727,False
TF-IDF dot product,1,Etta James,My Dearest Darling,blues,Eminem,My Darling,hip hop,152.51649691909788,False
TF-IDF dot product,2,Etta James,My Dearest Darling,blues,Martin Jondo,Hold You,reggae,101.44192931450263,False
TF-IDF dot product,1,Etta James,W.O.M.A.N.,blues,Gyptian,Take My Money,reggae,152.32534121660063,False
TF-IDF dot product,2,Etta James,W.O.M.A.N.,blues,The Isley Brothers,Touch Me,blues,138.0647886861763,True
TF-IDF dot product,1,Eric Clapton,Alberta,blues,Brian McKnight,Try Our Love Again,r&b/soul,96.33294195918275,False
TF-IDF dot product,2,Eric Clapton,Alberta,blues,Connie Smith,Ain't Had No Lovin',country,84.89185849967308,False
TF-IDF dot product,1,Eric Clapton,Before You Accuse Me (Take A Look At Yourself),blues,Bo Diddley,Before You Accuse Me,blues,195.34258570626295,True
TF-IDF dot product,2,Eric Clapton,Before You Accuse Me (Take A Look At Yourself),blues,Beastie Boys,B-Boy Bouillabaisse: A.W.O.L. (2009 Digital Remaster),hip hop,134.73643097070266,False
TF-IDF dot product,1,Eric Clapton,Early In The Morning,blues,Beastie Boys,B-Boy Bouillabaisse: A.W.O.L. (2009 Digital Remaster),hip hop,177.3253408017631,False
TF-IDF dot product,2,Eric Clapton,Early In The Morning,blues,Brand Nubian,All For One (Explicit) (2006 Remastered LP Version),hip hop,135.4114122843105,False
TF-IDF dot product,1,Eric Clapton,Floating Bridge,blues,Beastie Boys,B-Boy Bouillabaisse: A.W.O.L. (2009 Digital Remaster),hip hop,176.58578830888158,False
TF-IDF dot product,2,Eric Clapton,Floating Bridge,blues,Lauryn Hill,Interlude 5,r&b/soul,167.98133773368295,False
TF-IDF dot product,1,Eric Clapton,Kind Hearted Woman Blues (Album Version),blues,Robert Johnson,Kindhearted Woman Blues,blues,160.17813471173756,True
TF-IDF dot product,2,Eric Clapton,Kind Hearted Woman Blues (Album Version),blues,Ryan Leslie,Just Right,r&b/soul,110.6742305996227,False
TF-IDF dot product,1,Michael Bublé,That's All (Album Version),classical,Lauryn Hill,Interlude 5,r&b/soul,119.45376472370819,False
TF-IDF dot product,2,Michael Bublé,That's All (Album Version),classical,Savatage,The Hourglass,metal,112.46379417760905,False
TF-IDF dot product,1,Josh Groban,America (Revised Live Version),classical,Beastie Boys,B-Boy Bouillabaisse: A.W.O.L. (2009 Digital Remaster),hip hop,216.2677907865719,False
TF-IDF dot product,2,Josh Groban,America (Revised Live Version),classical,Simon & Garfunkel,America,folk,196.05663187288664,False
TF-IDF dot product,1,Josh Groban,Broken Vow (Album Version),classical,G4,Broken Vow,classical,283.26176445407975,True
TF-IDF dot product,2,Josh Groban,Broken Vow (Album Version),classical,Beastie Boys,B-Boy Bouillabaisse: A.W.O.L. (2009 Digital Remaster),hip hop,227.82807632109305,False
TF-IDF dot product,1,Josh Groban,Gira Con Me Questa Notte (Album Version),classical,Gemelli Diversi,Istruzioni Per L'(Ill)uso,hip hop,502.3446325274821,False
TF-IDF dot product,2,Josh Groban,Gira Con Me Questa Notte (Album Version),classical,Fabrizio De Andrè,Sinan Capudan Pascià,folk,425.0526736911638,False
TF-IDF dot product,1,Josh Groban,Hymne A L'Amour (Album Version),classical,Sniper,Panam All Star,hip hop,583.6038496216968,False
TF-IDF dot product,2,Josh Groban,Hymne A L'Amour (Album Version),classical,Tryo,Yakamonéyé,reggae,578.8538584738045,False
TF-IDF dot product,1,Josh Groban,It Came Upon A Midnight Clear (Album Version),classical,Flipsyde,Angel,hip hop,208.75611914581904,False
TF-IDF dot product,2,Josh Groban,It Came Upon A Midnight Clear (Album Version),classical,Haste The Day,Chorus Of Angels,metal,201.45265804122465,False
TF-IDF dot product,1,Josh Groban,Let Me Fall (From Cirque du Soleil) (Album Version),classical,Company Flow,The Fire In Which You Burn (feat. J-Treds & The Brewin From The Juggaknots),hip hop,102.2649290359865,False
TF-IDF dot product,2,Josh Groban,Let Me Fall (From Cirque du Soleil) (Album Version),classical,Newton Faulkner,Dream Catch Me,folk,96.90794807856005,False
TF-IDF dot product,1,Josh Groban,Mi Mancherai (Il Postino) (Revised Live Version),classical,Flaminio Maphia,Quelli Che,hip hop,327.6076830895367,False
TF-IDF dot product,2,Josh Groban,Mi Mancherai (Il Postino) (Revised Live Version),classical,Fabrizio De Andrè,Sinan Capudan Pascià,folk,320.9461848853655,False
TF-IDF dot product,1,Josh Groban,My Confession (Album Version),classical,Lauryn Hill,Interlude 5,r&b/soul,176.3373980504818,False
TF-IDF dot product,2,Josh Groban,My Confession (Album Version),classical,Michael Jackson,Man In The Mirror,pop,149.65581176903606,False
TF-IDF dot product,1,Josh Groban,Oceano (Revised Live Version),classical,Flaminio Maphia,Quelli Che,hip hop,505.17712155067426,False
TF-IDF dot product,2,Josh Groban,Oceano (Revised Live Version),classical,Caparezza,Limiti,hip hop,502.9224929114248,False
TF-IDF dot product,1,Josh Groban,Remember When It Rained (Album Version),classical,Michael Jackson,Man In The Mirror,pop,206.99040348991926,False
TF-IDF dot product,2,Josh Groban,Remember When It Rained (Album Version),classical,Fun Lovin' Criminals,Blues For Suckers,blues,165.9765063057319,False
TF-IDF dot product,1,Josh Groban,Remember When It Rained (Revised Live Version),classical,Michael Jackson,Man In The Mirror,pop,206.99040348991926,False
TF-IDF dot product,2,Josh Groban,Remember When It Rained (Revised Live Version),classical,Fun Lovin' Criminals,Blues For Suckers,blues,165.9765063057319,False
TF-IDF dot product,1,Josh Groban,Smile,classical,Gabrielle,Don't Need The Sun To Shine (To Make Me Smile),r&b/soul,145.15776604992658,False
TF-IDF dot product,2,Josh Groban,Smile,classical,Jonny Lang,My Love Remains,blues,138.86501861671127,False
TF-IDF dot product,1,Josh Groban,Solo Por Ti (Album Version),classical,Violadores del Verso,Dale tiempo al rumor,hip hop,392.588026229006,False
TF-IDF dot product,2,Josh Groban,Solo Por Ti (Album Version),classical,Willie Colon,Gitana,latin,351.8123331660009,False
TF-IDF dot product,1,Josh Groban,Un Giorno Per Noi (Album Version),classical,Vinicio Capossela,L'uomo vivo (inno al gioia),folk,275.6771103798506,False
TF-IDF dot product,2,Josh Groban,Un Giorno Per Noi (Album Version),classical,Bluvertigo,Niente Per Scontato,electronic,270.324839472387,False
TF-IDF dot product,1,Josh Groban,Vincent (Starry_ Starry Night) (Album Version),classical,Lauryn Hill,Interlude 5,r&b/soul,259.06083403024076,False
TF-IDF dot product,2,Josh Groban,Vincent (Starry_ Starry Night) (Album Version),classical,Beastie Boys,B-Boy Bouillabaisse: A.W.O.L. (2009 Digital Remaster),hip hop,237.35486247709758,False
TF-IDF dot product,1,Josh Groban,When You Say You Love Me (Album Version),classical,Lauryn Hill,Interlude 5,r&b/soul,211.7715553763261,False
TF-IDF dot product,2,Josh Groban,When You Say You Love Me (Album Version),classical,Beastie Boys,B-Boy Bouillabaisse: A.W.O.L. (2009 Digital Remaster),hip hop,206.14594134522517,False
TF-IDF dot product,1,Josh Groban,You Raise Me Up (Album Version),classical,Russell Watson,You Raise Me Up,classical,288.0138629613063,True
TF-IDF dot product,2,Josh Groban,You Raise Me Up (Album Version),classical,The Pharcyde,Otha Fish,hip hop,143.359690105341,False
TF-IDF dot product,1,Josh Groban,Believe (Album Version),classical,Beastie Boys,B-Boy Bouillabaisse: A.W.O.L. (2009 Digital Remaster),hip hop,185.71197021597953,False
TF-IDF dot product,2,Josh Groban,Believe (Album Version),classical,Lauryn Hill,Interlude 5,r&b/soul,157.45476121832004,False
TF-IDF dot product,1,Johnny Cash,Away In A Manger,classical,Kenny G,Away In A Manger,jazz,250.8750151378946,False
TF-IDF dot product,2,Johnny Cash,Away In A Manger,classical,Ja Rule,One of Us,hip hop,141.06905466886687,False
TF-IDF dot product,1,Josh Groban,Cinema Paradiso (Se) (Album Version),classical,Gemelli Diversi,Istruzioni Per L'(Ill)uso,hip hop,292.55200316419916,False
TF-IDF dot product,2,Josh Groban,Cinema Paradiso (Se) (Album Version),classical,Flaminio Maphia,Quelli Che,hip hop,287.81813331820035,False
TF-IDF dot product,1,David Crowder*Band,All Around Me,classical,Recoil,Curse,electronic,150.0878883838765,False
TF-IDF dot product,2,David Crowder*Band,All Around Me,classical,The Cat Empire,Days Like These,reggae,147.14342353393056,False
TF-IDF dot product,1,The Game,Black Opera,classical,Twista,Overdose (Album Version),hip hop,687.7508086500246,False
TF-IDF dot product,2,The Game,Black Opera,classical,Ying Yang Twins,1st Booty On Duty,hip hop,684.2599473475988,False
TF-IDF dot product,1,David Bowie,Baal's Hymn,classical,Lauryn Hill,Interlude 5,r&b/soul,343.5186971779114,False
TF-IDF dot product,2,David Bowie,Baal's Hymn,classical,Beastie Boys,B-Boy Bouillabaisse: A.W.O.L. (2009 Digital Remaster),hip hop,307.8906117427846,False
TF-IDF dot product,1,Il Divo,Adagio,classical,Flaminio Maphia,Quelli Che,hip hop,420.9002890166623,False
TF-IDF dot product,2,Il Divo,Adagio,classical,Gemelli Diversi,Istruzioni Per L'(Ill)uso,hip hop,414.22698903855195,False
TF-IDF dot product,1,Il Divo,Adeste Fideles,classical,Paul Potts,O Holy Night,classical,111.1491107231244,True
TF-IDF dot product,2,Il Divo,Adeste Fideles,classical,João Gilberto,Aguas De Marco,latin,80.11810015952226,False
TF-IDF dot product,1,Il Divo,All By Myself (Solo Otra Vez),classical,Gilberto Santa Rosa,Amor Mio No Te Vayas,latin,419.34522950610284,False
TF-IDF dot product,2,Il Divo,All By Myself (Solo Otra Vez),classical,Rey Ruiz,Mienteme Otra Véz,latin,353.78701594018617,False
TF-IDF dot product,1,Il Divo,Amazing Grace,classical,Hayley Westenra,Amazing Grace,classical,215.94708186534604,True
TF-IDF dot product,2,Il Divo,Amazing Grace,classical,Recoil,Curse,electronic,152.05320916885194,False
TF-IDF dot product,1,Il Divo,Angelina,classical,Violadores del Verso,Cantando,hip hop,542.5164713796885,False
TF-IDF dot product,2,Il Divo,Angelina,classical,Violadores del Verso,Dale tiempo al rumor,hip hop,483.2703856131882,False
TF-IDF dot product,1,Il Divo,Ave Maria,classical,Gemelli Diversi,Istruzioni Per L'(Ill)uso,hip hop,313.7455844525342,False
TF-IDF dot product,2,Il Divo,Ave Maria,classical,Flaminio Maphia,Quelli Che,hip hop,297.99541299054926,False
TF-IDF dot product,1,Il Divo,Caruso,classical,Gemelli Diversi,Istruzioni Per L'(Ill)uso,hip hop,461.35881604505175,False
TF-IDF dot product,2,Il Divo,Caruso,classical,Fabrizio De Andrè,Sinan Capudan Pascià,folk,423.0641758440241,False
TF-IDF dot product,1,Il Divo,Come Primavera,classical,Gemelli Diversi,Istruzioni Per L'(Ill)uso,hip hop,356.14977675219086,False
TF-IDF dot product,2,Il Divo,Come Primavera,classical,Flaminio Maphia,Quelli Che,hip hop,317.38211975233236,False
TF-IDF dot product,1,Il Divo,Dentro Un Altro Si,classical,Caparezza,Gli Insetti Del Podere,hip hop,417.61662825616855,False
TF-IDF dot product,2,Il Divo,Dentro Un Altro Si,classical,Flaminio Maphia,Quelli Che,hip hop,409.3616707430786,False
TF-IDF dot product,1,Il Divo,En Aranjuez Con Tu Amor,classical,Violadores del Verso,Cantando,hip hop,512.5586910582268,False
TF-IDF dot product,2,Il Divo,En Aranjuez Con Tu Amor,classical,Violadores del Verso,Dale tiempo al rumor,hip hop,499.16656816613255,False
TF-IDF dot product,1,Il Divo,Enamorado,classical,Violadores del Verso,Dale tiempo al rumor,hip hop,366.1651750689192,False
TF-IDF dot product,2,Il Divo,Enamorado,classical,Camila,Alejate De Mi,latin,345.99549634595604,False
TF-IDF dot product,1,Il Divo,Esisti Dentro Me,classical,Gemelli Diversi,Istruzioni Per L'(Ill)uso,hip hop,310.7679735405636,False
TF-IDF dot product,2,Il Divo,Esisti Dentro Me,classical,Flaminio Maphia,Quelli Che,hip hop,287.835888070729,False
TF-IDF dot product,1,Il Divo,Everytime I Look At You,classical,Momus,Closer To You,electronic,161.44235232998562,False
TF-IDF dot product,2,Il Divo,Everytime I Look At You,classical,Lauryn Hill,Interlude 5,r&b/soul,160.75790968720753,False
TF-IDF dot product,1,Il Divo,Feelings,classical,Caparezza,Gli Insetti Del Podere,hip hop,477.3675756669864,False
TF-IDF dot product,2,Il Divo,Feelings,classical,Vinicio Capossela,L'uomo vivo (inno al gioia),folk,431.1222489071581,False
TF-IDF dot product,1,Il Divo,Hallelujah (Aleluya),classical,Violadores del Verso,Cantando,hip hop,442.4295434165369,False
TF-IDF dot product,2,Il Divo,Hallelujah (Aleluya),classical,Violadores del Verso,Dale tiempo al rumor,hip hop,426.4551386241691,False
TF-IDF dot product,1,Il Divo,Hasta Mi Final,classical,Violadores del Verso,Dale tiempo al rumor,hip hop,385.3602835487555,False
TF-IDF dot product,2,Il Divo,Hasta Mi Final,classical,Violadores del Verso,Cantando,hip hop,369.88529602038074,False
TF-IDF dot product,1,Taylor Swift,Crazier,country,Lauryn Hill,Interlude 5,r&b/soul,182.31688892175325,False
TF-IDF dot product,2,Taylor Swift,Crazier,country,Beastie Boys,B-Boy Bouillabaisse: A.W.O.L. (2009 Digital Remaster),hip hop,160.93417208613567,False
TF-IDF dot product,1,Taylor Swift,Fifteen,country,Lauryn Hill,Interlude 5,r&b/soul,409.98454640481884,False
TF-IDF dot product,2,Taylor Swift,Fifteen,country,Beastie Boys,B-Boy Bouillabaisse: A.W.O.L. (2009 Digital Remaster),hip hop,336.7766458828055,False
TF-IDF dot product,1,Taylor Swift,Change,country,Lauryn Hill,Interlude 5,r&b/soul,336.6116280069092,False
TF-IDF dot product,2,Taylor Swift,Change,country,Binary Star,Indy 500,hip hop,226.5926489440802,False
TF-IDF dot product,1,Toby Keith,You Can't Read My Mind,country,Beastie Boys,B-Boy Bouillabaisse: A.W.O.L. (2009 Digital Remaster),hip hop,300.95607568290416,False
TF-IDF dot product,2,Toby Keith,You Can't Read My Mind,country,Lauryn Hill,Interlude 5,r&b/soul,245.60440143769395,False
TF-IDF dot product,1,Johnny Cash,Man In White,country,Beastie Boys,B-Boy Bouillabaisse: A.W.O.L. (2009 Digital Remaster),hip hop,455.19074079626074,False
TF-IDF dot product,2,Johnny Cash,Man In White,country,Lauryn Hill,Interlude 5,r&b/soul,405.66073117575,False
TF-IDF dot product,1,Rascal Flatts,Holes,country,Lauryn Hill,Interlude 5,r&b/soul,213.6042193158489,False
TF-IDF dot product,2,Rascal Flatts,Holes,country,Beastie Boys,B-Boy Bouillabaisse: A.W.O.L. (2009 Digital Remaster),hip hop,163.4150845835972,False
TF-IDF dot product,1,Sugarland,Baby Girl,country,Beastie Boys,B-Boy Bouillabaisse: A.W.O.L. (2009 Digital Remaster),hip hop,348.11252549882136,False
TF-IDF dot product,2,Sugarland,Baby Girl,country,Momus,Closer To You,electronic,283.4860337578713,False
TF-IDF dot product,1,Billy Currington,Growin' Up Down There,country,Lauryn Hill,Interlude 5,r&b/soul,230.98524921550063,False
TF-IDF dot product,2,Billy Currington,Growin' Up Down There,country,Beastie Boys,B-Boy Bouillabaisse: A.W.O.L. (2009 Digital Remaster),hip hop,219.71417677651385,False
TF-IDF dot product,1,Billy Currington,Hangin' Around,country,Beastie Boys,B-Boy Bouillabaisse: A.W.O.L. (2009 Digital Remaster),hip hop,167.14690180918518,False
TF-IDF dot product,2,Billy Currington,Hangin' Around,country,Lauryn Hill,Interlude 5,r&b/soul,135.2182718810092,False
TF-IDF dot product,1,Billy Currington,Here I Am,country,Beastie Boys,B-Boy Bouillabaisse: A.W.O.L. (2009 Digital Remaster),hip hop,188.40898327801472,False
TF-IDF dot product,2,Billy Currington,Here I Am,country,Lauryn Hill,Interlude 5,r&b/soul,164.901256719453,False
TF-IDF dot product,1,Billy Currington,She's Got A Way With Me,country,Beastie Boys,B-Boy Bouillabaisse: A.W.O.L. (2009 Digital Remaster),hip hop,182.59790793888988,False
TF-IDF dot product,2,Billy Currington,She's Got A Way With Me,country,Lauryn Hill,Interlude 5,r&b/soul,177.99800098426263,False
TF-IDF dot product,1,Billy Currington,That's How Country Boys Roll,country,Beastie Boys,B-Boy Bouillabaisse: A.W.O.L. (2009 Digital Remaster),hip hop,213.6938158758553,False
TF-IDF dot product,2,Billy Currington,That's How Country Boys Roll,country,Lauryn Hill,Interlude 5,r&b/soul,176.62935323212346,False
TF-IDF dot product,1,Billy Currington,Where The Girls Are,country,Beastie Boys,B-Boy Bouillabaisse: A.W.O.L. (2009 Digital Remaster),hip hop,223.2602455142744,False
TF-IDF dot product,2,Billy Currington,Where The Girls Are,country,Eminem,8 Mile,hip hop,178.56151843098573,False
TF-IDF dot product,1,Johnny Cash,Daddy Sang Bass,country,Lauryn Hill,Interlude 5,r&b/soul,215.58942424447554,False
TF-IDF dot product,2,Johnny Cash,Daddy Sang Bass,country,Eminem,8 Mile,hip hop,212.13607791338606,False
TF-IDF dot product,1,Johnny Cash,I Don't Know Where I'm Bound,country,Beastie Boys,B-Boy Bouillabaisse: A.W.O.L. (2009 Digital Remaster),hip hop,145.0428722499425,False
TF-IDF dot product,2,Johnny Cash,I Don't Know Where I'm Bound,country,Louis Logic,Dos Factotum,jazz,139.1921460875548,False
TF-IDF dot product,1,Johnny Cash,I Was There When It Happened,country,Lauryn Hill,Interlude 5,r&b/soul,214.5820156334791,False
TF-IDF dot product,2,Johnny Cash,I Was There When It Happened,country,DJ Quik,Safe + Sound,hip hop,185.26762036818934,False
TF-IDF dot product,1,Johnny Cash,The Big Battle,country,Beastie Boys,B-Boy Bouillabaisse: A.W.O.L. (2009 Digital Remaster),hip hop,270.32827777011624,False
TF-IDF dot product,2,Johnny Cash,The Big Battle,country,Twista,Overdose (Album Version),hip hop,225.05753182727608,False
TF-IDF dot product,1,Johnny Cash,A Thing Called Love,country,Lauryn Hill,Interlude 5,r&b/soul,248.28833863966614,False
TF-IDF dot product,2,Johnny Cash,A Thing Called Love,country,Beastie Boys,B-Boy Bouillabaisse: A.W.O.L. (2009 Digital Remaster),hip hop,237.95063910669444,False
TF-IDF dot product,1,Johnny Cash,You Dreamer You,country,Beastie Boys,B-Boy Bouillabaisse: A.W.O.L. (2009 Digital Remaster),hip hop,199.23836052491757,False
TF-IDF dot product,2,Johnny Cash,You Dreamer You,country,Joe Bonamassa,Asking Around For You,blues,178.29634168948664,False
TF-IDF dot product,1,Johnny Cash,I Walk The Line,country,Beastie Boys,B-Boy Bouillabaisse: A.W.O.L. (2009 Digital Remaster),hip hop,173.62382778394092,False
TF-IDF dot product,2,Johnny Cash,I Walk The Line,country,Lauryn Hill,Interlude 5,r&b/soul,166.0996607746394,False
TF-IDF dot product,1,Johnny Cash,Life's Railway To Heaven,country,Flipsyde,Angel,hip hop,100.16752962518129,False
TF-IDF dot product,2,Johnny Cash,Life's Railway To Heaven,country,Lauryn Hill,Interlude 5,r&b/soul,77.66254968343665,False
TF-IDF dot product,1,Darius Rucker,If I Had Wings,country,Lauryn Hill,Interlude 5,r&b/soul,179.3083374111093,False
TF-IDF dot product,2,Darius Rucker,If I Had Wings,country,Beastie Boys,B-Boy Bouillabaisse: A.W.O.L. (2009 Digital Remaster),hip hop,155.148111399458,False
TF-IDF dot product,1,Luke Bryan,Pray About Everything,country,Savatage,The Hourglass,metal,200.0261879089735,False
TF-IDF dot product,2,Luke Bryan,Pray About Everything,country,Alicia Keys,Tell You Something (Nana's Reprise),r&b/soul,170.85215452089477,False
TF-IDF dot product,1,Keith Urban,Your Everything,country,Lauryn Hill,Interlude 5,r&b/soul,191.1397482177889,False
TF-IDF dot product,2,Keith Urban,Your Everything,country,Beastie Boys,B-Boy Bouillabaisse: A.W.O.L. (2009 Digital Remaster),hip hop,181.75734056733904,False
TF-IDF dot product,1,Toby Keith,A Little Too Late,country,Eminem,8 Mile,hip hop,220.52370643940537,False
TF-IDF dot product,2,Toby Keith,A Little Too Late,country,Lauryn Hill,Interlude 5,r&b/soul,209.90836873216514,False
TF-IDF dot product,1,Toby Keith,Who's Your Daddy?,country,Eminem,8 Mile,hip hop,197.09691477411832,False
TF-IDF dot product,2,Toby Keith,Who's Your Daddy?,country,Beastie Boys,B-Boy Bouillabaisse: A.W.O.L. (2009 Digital Remaster),hip hop,185.51757217305092,False
TF-IDF dot product,1,Toby Keith,A Woman's Touch,country,Lauryn Hill,Interlude 5,r&b/soul,271.9284434837044,False
TF-IDF dot product,2,Toby Keith,A Woman's Touch,country,The Isley Brothers,Touch Me,blues,227.9196722042728,False
TF-IDF dot product,1,Toby Keith,Big Ol' Truck,country,Beastie Boys,B-Boy Bouillabaisse: A.W.O.L. (2009 Digital Remaster),hip hop,270.03057198366946,False
TF-IDF dot product,2,Toby Keith,Big Ol' Truck,country,Eminem,8 Mile,hip hop,220.71546255572318,False
TF-IDF dot product,1,Toby Keith,Blue Bedroom,country,Jodeci,My Phone,jazz,162.15298295625834,False
TF-IDF dot product,2,Toby Keith,Blue Bedroom,country,Beastie Boys,B-Boy Bouillabaisse: A.W.O.L. (2009 Digital Remaster),hip hop,138.41109847100165,False
TF-IDF dot product,1,Toby Keith,It's All Good,country,Lauryn Hill,Interlude 5,r&b/soul,283.5155121468439,False
TF-IDF dot product,2,Toby Keith,It's All Good,country,Beastie Boys,B-Boy Bouillabaisse: A.W.O.L. (2009 Digital Remaster),hip hop,244.56339108431723,False
TF-IDF dot product,1,Toby Keith,Sweet,country,Lauryn Hill,Interlude 5,r&b/soul,331.894383041939,False
TF-IDF dot product,2,Toby Keith,Sweet,country,Twista,Overdose (Album Version),hip hop,318.1728257628172,False
TF-IDF dot product,1,Toby Keith,You Shouldn't Kiss Me Like This,country,Lauryn Hill,Interlude 5,r&b/soul,224.13625094732615,False
TF-IDF dot product,2,Toby Keith,You Shouldn't Kiss Me Like This,country,Beastie Boys,B-Boy Bouillabaisse: A.W.O.L. (2009 Digital Remaster),hip hop,222.87758720789043,False
TF-IDF dot product,1,Sara Evans,A Real Fine Place To Start,country,Michael Jackson,Man In The Mirror,pop,232.46666817765527,False
TF-IDF dot product,2,Sara Evans,A Real Fine Place To Start,country,Lauryn Hill,Interlude 5,r&b/soul,211.20113668370718,False
TF-IDF dot product,1,Kenny Rogers,Endless love,country,Lauryn Hill,Interlude 5,r&b/soul,141.4266058889233,False
TF-IDF dot product,2,Kenny Rogers,Endless love,country,Aceyalone,Mic Check,hip hop,128.9184395943236,False
TF-IDF dot product,1,Blake Shelton,Love Gets In The Way (Album Version),country,Beastie Boys,B-Boy Bouillabaisse: A.W.O.L. (2009 Digital Remaster),hip hop,242.07027978333528,False
TF-IDF dot product,2,Blake Shelton,Love Gets In The Way (Album Version),country,Eminem,8 Mile,hip hop,207.9436987818451,False
TF-IDF dot product,1,George Strait,I'd Like To Have That One Back,country,Beastie Boys,B-Boy Bouillabaisse: A.W.O.L. (2009 Digital Remaster),hip hop,273.4703370420398,False
TF-IDF dot product,2,George Strait,I'd Like To Have That One Back,country,Lauryn Hill,Interlude 5,r&b/soul,264.1988059629469,False
TF-IDF dot product,1,George Strait,Marina Del Rey,country,Beastie Boys,B-Boy Bouillabaisse: A.W.O.L. (2009 Digital Remaster),hip hop,162.06996233809582,False
TF-IDF dot product,2,George Strait,Marina Del Rey,country,OutKast,Mainstream,hip hop,128.22367338790065,False
TF-IDF dot product,1,George Strait,Milk Cow Blues,country,Beastie Boys,B-Boy Bouillabaisse: A.W.O.L. (2009 Digital Remaster),hip hop,241.756364349005,False
TF-IDF dot product,2,George Strait,Milk Cow Blues,country,Snoop Dogg,Snoopafella (Edited),hip hop,180.48558592876515,False
TF-IDF dot product,1,Josh Turner,Another Try,country,Eminem,8 Mile,hip hop,169.5311890817944,False
TF-IDF dot product,2,Josh Turner,Another Try,country,Kanye West,Diamonds From Sierra Leone,hip hop,168.16252557078653,False
TF-IDF dot product,1,Josh Turner,As Fast As I Could,country,Beastie Boys,B-Boy Bouillabaisse: A.W.O.L. (2009 Digital Remaster),hip hop,222.22047381216044,False
TF-IDF dot product,2,Josh Turner,As Fast As I Could,country,Lauryn Hill,Interlude 5,r&b/soul,218.58218908809616,False
TF-IDF dot product,1,Daft Punk,One More Time / Aerodynamic,electronic,Jodeci,It's Alright,jazz,102.99366696565036,False
TF-IDF dot product,2,Daft Punk,One More Time / Aerodynamic,electronic,Lauryn Hill,Interlude 5,r&b/soul,82.07794249333892,False
TF-IDF dot product,1,Daft Punk,One More Time (Romanthony's Unplugged),electronic,Lauryn Hill,Interlude 5,r&b/soul,225.38921869801533,False
TF-IDF dot product,2,Daft Punk,One More Time (Romanthony's Unplugged),electronic,Nelly,Splurge,hip hop,184.1092247447051,False
TF-IDF dot product,1,Daft Punk,Touch It / Technologic,electronic,Beastie Boys,B-Boy Bouillabaisse: A.W.O.L. (2009 Digital Remaster),hip hop,419.26629248576876,False
TF-IDF dot product,2,Daft Punk,Touch It / Technologic,electronic,Lauryn Hill,Interlude 5,r&b/soul,384.72702706530805,False
TF-IDF dot product,1,Ke$ha,Boots &  Boys,electronic,Ella Fitzgerald,Manhattan,jazz,226.64172327181686,False
TF-IDF dot product,2,Ke$ha,Boots &  Boys,electronic,Mariah Carey,Joy Ride,r&b/soul,221.23285128961103,False
TF-IDF dot product,1,Ke$ha,Animal,electronic,Beastie Boys,B-Boy Bouillabaisse: A.W.O.L. (2009 Digital Remaster),hip hop,164.85763691592345,False
TF-IDF dot product,2,Ke$ha,Animal,electronic,Lauryn Hill,Interlude 5,r&b/soul,157.34335989547986,False
TF-IDF dot product,1,Katy Perry,Hot N Cold (Innerpartysystem Main),electronic,Lauryn Hill,Interlude 5,r&b/soul,287.06959414307835,False
TF-IDF dot product,2,Katy Perry,Hot N Cold (Innerpartysystem Main),electronic,Beastie Boys,B-Boy Bouillabaisse: A.W.O.L. (2009 Digital Remaster),hip hop,280.71315236994366,False
TF-IDF dot product,1,Owl City,Captains and Cruise Ships,electronic,Beastie Boys,B-Boy Bouillabaisse: A.W.O.L. (2009 Digital Remaster),hip hop,220.34736165995287,False
TF-IDF dot product,2,Owl City,Captains and Cruise Ships,electronic,The Streets,Weak Become Heroes,hip hop,210.42618874003713,False
TF-IDF dot product,1,Owl City,Designer Skyline,electronic,Eminem,8 Mile,hip hop,101.93923517011757,False
TF-IDF dot product,2,Owl City,Designer Skyline,electronic,Dar Williams,Mortal City,folk,84.94462022860576,False
TF-IDF dot product,1,Owl City,Early Birdie,electronic,Lauryn Hill,Interlude 5,r&b/soul,189.27527065447438,False
TF-IDF dot product,2,Owl City,Early Birdie,electronic,Beastie Boys,B-Boy Bouillabaisse: A.W.O.L. (2009 Digital Remaster),hip hop,146.43345196372715,False
TF-IDF dot product,1,Owl City,Meteor Shower,electronic,Lauryn Hill,Interlude 5,r&b/soul,63.67663239192018,False
TF-IDF dot product,2,Owl City,Meteor Shower,electronic,Eminem,8 Mile,hip hop,58.35438406543565,False
TF-IDF dot product,1,Owl City,This Is The Future,electronic,Lauryn Hill,Interlude 5,r&b/soul,113.24063127101991,False
TF-IDF dot product,2,Owl City,This Is The Future,electronic,Eminem,8 Mile,hip hop,89.97390478700252,False
TF-IDF dot product,1,30 Seconds To Mars,Kings and Queens (Innerpartysystem Remix Main),electronic,Kurt Elling,Resolution,jazz,159.31219842993636,False
TF-IDF dot product,2,30 Seconds To Mars,Kings and Queens (Innerpartysystem Remix Main),electronic,Prince,I Love U In Me ( LP Version),r&b/soul,150.6865203606929,False
TF-IDF dot product,1,LMFAO,Bounce,electronic,2Pac,Strictly 4 My N.I.G.G.A.Z.,hip hop,419.3217218481028,False
TF-IDF dot product,2,LMFAO,Bounce,electronic,DMX,Keep Your Shit The Hardest,hip hop,405.23457928134343,False
TF-IDF dot product,1,Crystal Castles,Vanished,electronic,Dar Williams,Mortal City,folk,223.13512896948038,False
TF-IDF dot product,2,Crystal Castles,Vanished,electronic,Eminem,8 Mile,hip hop,207.10002379149222,False
TF-IDF dot product,1,Crystal Castles,Xxzxcuzx,electronic,Lauryn Hill,Interlude 5,r&b/soul,113.34502912159012,False
TF-IDF dot product,2,Crystal Castles,Xxzxcuzx,electronic,Clipse,Dirty Money,hip hop,103.05102964806271,False
TF-IDF dot product,1,Madonna,Die Another Day [Live],electronic,Lauryn Hill,Interlude 5,r&b/soul,196.14971368321497,False
TF-IDF dot product,2,Madonna,Die Another Day [Live],electronic,Beastie Boys,B-Boy Bouillabaisse: A.W.O.L. (2009 Digital Remaster),hip hop,182.82636771981282,False
TF-IDF dot product,1,The Smashing Pumpkins,Perfect (Nellee Hooper Instrumental),electronic,Lauryn Hill,Interlude 5,r&b/soul,145.41776012624746,False
TF-IDF dot product,2,The Smashing Pumpkins,Perfect (Nellee Hooper Instrumental),electronic,Momus,Closer To You,electronic,127.95992398353326,True
TF-IDF dot product,1,Kylie Minogue,Love At First Sight (The Scumfrog's Beauty And The Beast Vocal Edit),electronic,Lauryn Hill,Interlude 5,r&b/soul,275.4736481809744,False
TF-IDF dot product,2,Kylie Minogue,Love At First Sight (The Scumfrog's Beauty And The Beast Vocal Edit),electronic,R. Kelly,Kickin' It With Your Girlfriend,r&b/soul,222.60356888886523,False
TF-IDF dot product,1,LMFAO,I Am Not A Whore,electronic,Eminem,8 Mile,hip hop,131.00532506010427,False
TF-IDF dot product,2,LMFAO,I Am Not A Whore,electronic,Lauryn Hill,Interlude 5,r&b/soul,99.8549480389867,False
TF-IDF dot product,1,Cascada,Fever,electronic,Lauryn Hill,Interlude 5,r&b/soul,239.1600314835871,False
TF-IDF dot product,2,Cascada,Fever,electronic,Beastie Boys,B-Boy Bouillabaisse: A.W.O.L. (2009 Digital Remaster),hip hop,234.77934564245024,False
TF-IDF dot product,1,Depeche Mode,Freestate,electronic,Aceyalone,Mr. Outsider,hip hop,127.62049683095827,False
TF-IDF dot product,2,Depeche Mode,Freestate,electronic,Michael Jackson,Man In The Mirror,pop,121.16608010207747,False
TF-IDF dot product,1,Depeche Mode,Personal Jesus,electronic,Lollipop Lust Kill,Personal Jesus,metal,380.04131267677946,False
TF-IDF dot product,2,Depeche Mode,Personal Jesus,electronic,Aretha Franklin,Reach Out And Touch (Live @ Fillmore West),jazz,136.95508324849544,False
TF-IDF dot product,1,Gorillaz,Broken,electronic,Pain of Salvation,Spitfall,metal,177.77718170976814,False
TF-IDF dot product,2,Gorillaz,Broken,electronic,Beastie Boys,B-Boy Bouillabaisse: A.W.O.L. (2009 Digital Remaster),hip hop,167.16972425110706,False
TF-IDF dot product,1,Gorillaz,Kids With Guns (Quiet Village Remix),electronic,Lauryn Hill,Interlude 5,r&b/soul,204.41340613238597,False
TF-IDF dot product,2,Gorillaz,Kids With Guns (Quiet Village Remix),electronic,KeKe Wyatt,Push Me Away,r&b/soul,189.56821956593234,False
TF-IDF dot product,1,Gorillaz,Rhinestone Eyes,electronic,Lauryn Hill,Interlude 5,r&b/soul,211.9339475470195,False
TF-IDF dot product,2,Gorillaz,Rhinestone Eyes,electronic,Beastie Boys,B-Boy Bouillabaisse: A.W.O.L. (2009 Digital Remaster),hip hop,181.89601421132005,False
TF-IDF dot product,1,The Prodigy,Invaders Must Die,electronic,UB40,The Earth Dies Screaming,reggae,66.69748153327708,False
TF-IDF dot product,2,The Prodigy,Invaders Must Die,electronic,Grace Jones,Nipple To The Bottle,r&b/soul,66.47623233293108,False
TF-IDF dot product,1,The Prodigy,Wake Up Call (Album Version),electronic,Fatboy Slim,Right Here Right Now,electronic,66.53728136644654,True
TF-IDF dot product,2,The Prodigy,Wake Up Call (Album Version),electronic,Haste The Day,Chorus Of Angels,metal,61.29516466563742,False
TF-IDF dot product,1,The Prodigy,We Gonna Rock,electronic,The Foreign Exchange,The Answer,hip hop,189.035316771614,False
TF-IDF dot product,2,The Prodigy,We Gonna Rock,electronic,Bob Marley & The Wailers,Baby We've Got A Date (Rock It Baby),reggae,180.002538242739,False
TF-IDF dot product,1,Nine Inch Nails,The Great Collapse,electronic,Gyptian,Take My Money,reggae,63.21509600329282,False
TF-IDF dot product,2,Nine Inch Nails,The Great Collapse,electronic,Gary Moore,That Kind Of Woman,blues,58.09105971709026,False
TF-IDF dot product,1,Duran Duran,Electric Barbarella (Radio Edit),electronic,Lauryn Hill,Interlude 5,r&b/soul,172.6031031731676,False
TF-IDF dot product,2,Duran Duran,Electric Barbarella (Radio Edit),electronic,Beastie Boys,B-Boy Bouillabaisse: A.W.O.L. (2009 Digital Remaster),hip hop,158.91219985293344,False
TF-IDF dot product,1,Björk,Pluto,electronic,Hollywood Undead,Undead,hip hop,52.81882331866291,False
TF-IDF dot product,2,Björk,Pluto,electronic,Eminem,8 Mile,hip hop,49.71297668748815,False
TF-IDF dot product,1,Empire Of The Sun,Delta Bay,electronic,Beastie Boys,B-Boy Bouillabaisse: A.W.O.L. (2009 Digital Remaster),hip hop,238.83333763928727,False
TF-IDF dot product,2,Empire Of The Sun,Delta Bay,electronic,Lauryn Hill,Interlude 5,r&b/soul,165.40293684714683,False
TF-IDF dot product,1,Empire Of The Sun,We Are The People (Shazam Remix),electronic,Lauryn Hill,Interlude 5,r&b/soul,237.1749834381805,False
TF-IDF dot product,2,Empire Of The Sun,We Are The People (Shazam Remix),electronic,Beastie Boys,B-Boy Bouillabaisse: A.W.O.L. (2009 Digital Remaster),hip hop,234.5691484372025,False
TF-IDF dot product,1,The Maine,You Left Me,electronic,The Isley Brothers,Touch Me,blues,377.4792119188556,False
TF-IDF dot product,2,The Maine,You Left Me,electronic,Mary J. Blige,Can't Get You Off My Mind,r&b/soul,349.00735958729734,False
TF-IDF dot product,1,Hot Chip,The Warning,electronic,Beastie Boys,B-Boy Bouillabaisse: A.W.O.L. (2009 Digital Remaster),hip hop,208.85106802297767,False
TF-IDF dot product,2,Hot Chip,The Warning,electronic,Digable Planets,"Pacifics (Sdtrk ""N.Y. Is Red Hot"")",hip hop,199.2061810683037,False
TF-IDF dot product,1,Enter Shikari,Keep It On Ice,electronic,Twiztid,She Ain't Afraid,hip hop,121.23163416557938,False
TF-IDF dot product,2,Enter Shikari,Keep It On Ice,electronic,Eminem,8 Mile,hip hop,110.1769330837184,False
TF-IDF dot product,1,Enter Shikari,The Jester,electronic,Lauryn Hill,Interlude 5,r&b/soul,181.50829313039551,False
TF-IDF dot product,2,Enter Shikari,The Jester,electronic,Twista,Overdose (Album Version),hip hop,176.42946928174143,False
TF-IDF dot product,1,Enya,Lazy Days,electronic,Beastie Boys,B-Boy Bouillabaisse: A.W.O.L. (2009 Digital Remaster),hip hop,76.99578484263115,False
TF-IDF dot product,2,Enya,Lazy Days,electronic,Nelly,St. Louie,hip hop,63.934243381128326,False
TF-IDF dot product,1,Enya,Someone Said Goodbye,electronic,Maxi Priest,Never Did Say Goodbye,reggae,176.62202905194314,False
TF-IDF dot product,2,Enya,Someone Said Goodbye,electronic,Miami Sound Machine,Words Get In The Way,pop,167.30741708187114,False
TF-IDF dot product,1,Enya,The Magic Of The Night,electronic,Matisyahu,Close My Eyes,reggae,175.41421305747173,False
TF-IDF dot product,2,Enya,The Magic Of The Night,electronic,Flipsyde,Angel,hip hop,159.32847281748656,False
TF-IDF dot product,1,Bruce Springsteen,Gave It A Name,folk,Beastie Boys,B-Boy Bouillabaisse: A.W.O.L. (2009 Digital Remaster),hip hop,133.567681742384,False
TF-IDF dot product,2,Bruce Springsteen,Gave It A Name,folk,Ja Rule,One of Us,hip hop,130.0544113208159,False
TF-IDF dot product,1,Johnny Cash,The Vanishing Race,folk,Beastie Boys,B-Boy Bouillabaisse: A.W.O.L. (2009 Digital Remaster),hip hop,162.98310891715147,False
TF-IDF dot product,2,Johnny Cash,The Vanishing Race,folk,Alabama,Roll On (Eighteen Wheeler),country,114.26305099379374,False
TF-IDF dot product,1,John Mayer,All We Ever Do Is Say Goodbye,folk,Kelly Price,Don't Say Goodbye,r&b/soul,180.24430206928514,False
TF-IDF dot product,2,John Mayer,All We Ever Do Is Say Goodbye,folk,Lauryn Hill,Interlude 5,r&b/soul,170.62780228579226,False
TF-IDF dot product,1,John Mayer,Clarity,folk,Tavares,Don't Take Away The Music,r&b/soul,210.610332625489,False
TF-IDF dot product,2,John Mayer,Clarity,folk,Alicia Keys,Tell You Something (Nana's Reprise),r&b/soul,208.13738723007177,False
TF-IDF dot product,1,John Mayer,Why Georgia,folk,Eminem,8 Mile,hip hop,199.77976454468478,False
TF-IDF dot product,2,John Mayer,Why Georgia,folk,Lauryn Hill,Interlude 5,r&b/soul,182.27748219342737,False
TF-IDF dot product,1,Jack Johnson,Mudfootball (For Moe Lerner),folk,Lauryn Hill,Interlude 5,r&b/soul,340.7155117996389,False
TF-IDF dot product,2,Jack Johnson,Mudfootball (For Moe Lerner),folk,Beastie Boys,B-Boy Bouillabaisse: A.W.O.L. (2009 Digital Remaster),hip hop,240.01358116234522,False
TF-IDF dot product,1,Sufjan Stevens,Sister Winter,folk,Incognito,Stone Cold Heart,r&b/soul,115.16622048911093,False
TF-IDF dot product,2,Sufjan Stevens,Sister Winter,folk,Brick & Lace,Love Is Wicked,r&b/soul,112.54983681986005,False
TF-IDF dot product,1,Rufus Wainwright,In A Graveyard,folk,The Streets,Weak Become Heroes,hip hop,111.94654881792685,False
TF-IDF dot product,2,Rufus Wainwright,In A Graveyard,folk,T Bone Burnett,I'm Going On A Long Journey Never To Return,blues,87.8568212763781,False
TF-IDF dot product,1,Rufus Wainwright,Baby,folk,Beastie Boys,B-Boy Bouillabaisse: A.W.O.L. (2009 Digital Remaster),hip hop,208.71315954220634,False
TF-IDF dot product,2,Rufus Wainwright,Baby,folk,Lauryn Hill,Interlude 5,r&b/soul,191.8056718815248,False
TF-IDF dot product,1,Edward Sharpe & The Magnetic Zeros,Janglin,folk,Lauryn Hill,Interlude 5,r&b/soul,175.77796105238795,False
TF-IDF dot product,2,Edward Sharpe & The Magnetic Zeros,Janglin,folk,Dolly Parton,Daddy's Moonshine Still,country,143.73433398328118,False
TF-IDF dot product,1,Bob Dylan,Ballad In Plain D,folk,Beastie Boys,B-Boy Bouillabaisse: A.W.O.L. (2009 Digital Remaster),hip hop,339.3361676610126,False
TF-IDF dot product,2,Bob Dylan,Ballad In Plain D,folk,Lauryn Hill,Interlude 5,r&b/soul,331.3249124560037,False
TF-IDF dot product,1,Bob Dylan,One Of Us Must Know (Sooner Or Later),folk,Lauryn Hill,Interlude 5,r&b/soul,343.3574837341741,False
TF-IDF dot product,2,Bob Dylan,One Of Us Must Know (Sooner Or Later),folk,Eminem,8 Mile,hip hop,223.35633658421605,False
TF-IDF dot product,1,James Taylor,It's Growing,folk,Lauryn Hill,Interlude 5,r&b/soul,295.4894528590804,False
TF-IDF dot product,2,James Taylor,It's Growing,folk,Beastie Boys,Hey Ladies (2009 Digital Remaster),hip hop,190.04396009560924,False
TF-IDF dot product,1,James Taylor,Oh_ Susannah (LP Version),folk,Beastie Boys,B-Boy Bouillabaisse: A.W.O.L. (2009 Digital Remaster),hip hop,153.1602106865457,False
TF-IDF dot product,2,James Taylor,Oh_ Susannah (LP Version),folk,Twista,Overdose (Album Version),hip hop,145.9016385648593,False
TF-IDF dot product,1,James Taylor,Something In The Way She Moves,folk,Lauryn Hill,Interlude 5,r&b/soul,275.30180702816136,False
TF-IDF dot product,2,James Taylor,Something In The Way She Moves,folk,Beastie Boys,B-Boy Bouillabaisse: A.W.O.L. (2009 Digital Remaster),hip hop,274.046451458833,False
TF-IDF dot product,1,David Gray,Draw The Line,folk,Lauryn Hill,Interlude 5,r&b/soul,191.8133470541132,False
TF-IDF dot product,2,David Gray,Draw The Line,folk,Beastie Boys,B-Boy Bouillabaisse: A.W.O.L. (2009 Digital Remaster),hip hop,191.19847189165054,False
TF-IDF dot product,1,David Gray,Sail Away,folk,Janis Joplin,Kozmic Blues,blues,173.04798650455666,False
TF-IDF dot product,2,David Gray,Sail Away,folk,Keri Noble,Piece Of My Heart,jazz,170.47049789996035,False
TF-IDF dot product,1,David Gray,Stella The Artist,folk,Beastie Boys,B-Boy Bouillabaisse: A.W.O.L. (2009 Digital Remaster),hip hop,155.05705659531193,False
TF-IDF dot product,2,David Gray,Stella The Artist,folk,Lauryn Hill,Interlude 5,r&b/soul,144.17071674873955,False
TF-IDF dot product,1,Rise Against,Swing Life Away (Acoustic),folk,Lauryn Hill,Interlude 5,r&b/soul,264.3623515797914,False
TF-IDF dot product,2,Rise Against,Swing Life Away (Acoustic),folk,Eminem,8 Mile,hip hop,228.55649239402587,False
TF-IDF dot product,1,Bob Dylan,Billy 4,folk,Beastie Boys,B-Boy Bouillabaisse: A.W.O.L. (2009 Digital Remaster),hip hop,283.085508821287,False
TF-IDF dot product,2,Bob Dylan,Billy 4,folk,Savatage,The Hourglass,metal,222.76604678842043,False
TF-IDF dot product,1,Bob Dylan,Stuck Inside Of Mobile With The Memphis Blues Again,folk,Beastie Boys,B-Boy Bouillabaisse: A.W.O.L. (2009 Digital Remaster),hip hop,522.9782054898213,False
TF-IDF dot product,2,Bob Dylan,Stuck Inside Of Mobile With The Memphis Blues Again,folk,Lauryn Hill,Interlude 5,r&b/soul,505.56092146270186,False
TF-IDF dot product,1,Bob Dylan,Pretty Peggy-O,folk,Beastie Boys,B-Boy Bouillabaisse: A.W.O.L. (2009 Digital Remaster),hip hop,161.24898321054891,False
TF-IDF dot product,2,Bob Dylan,Pretty Peggy-O,folk,Lauryn Hill,Interlude 5,r&b/soul,154.5955826789673,False
TF-IDF dot product,1,Bob Dylan,She Belongs To Me,folk,Twiztid,She Ain't Afraid,hip hop,158.6665799458677,False
TF-IDF dot product,2,Bob Dylan,She Belongs To Me,folk,Ying Yang Twins,1st Booty On Duty,hip hop,142.98479378855285,False
TF-IDF dot product,1,Bob Dylan,When The Deal Goes Down,folk,Lauryn Hill,Interlude 5,r&b/soul,232.64456769345824,False
TF-IDF dot product,2,Bob Dylan,When The Deal Goes Down,folk,Beastie Boys,B-Boy Bouillabaisse: A.W.O.L. (2009 Digital Remaster),hip hop,231.3473324388894,False
TF-IDF dot product,1,Bob Dylan,With God On Our Side,folk,Lauryn Hill,Interlude 5,r&b/soul,296.70954033375693,False
TF-IDF dot product,2,Bob Dylan,With God On Our Side,folk,Savatage,The Hourglass,metal,279.1964354717966,False
TF-IDF dot product,1,The Smashing Pumpkins,Terrapin,folk,DJ Quik,Safe + Sound,hip hop,130.19833104809933,False
TF-IDF dot product,2,The Smashing Pumpkins,Terrapin,folk,Atmosphere,Hair,hip hop,102.29540173669152,False
TF-IDF dot product,1,James Taylor,On The 4th of July,folk,Eminem,8 Mile,hip hop,220.4338774858224,False
TF-IDF dot product,2,James Taylor,On The 4th of July,folk,Lauryn Hill,Interlude 5,r&b/soul,210.57064127325938,False
TF-IDF dot product,1,James Taylor,Company Man,folk,Beastie Boys,B-Boy Bouillabaisse: A.W.O.L. (2009 Digital Remaster),hip hop,251.21155926889284,False
TF-IDF dot product,2,James Taylor,Company Man,folk,Michael Jackson,Man In The Mirror,pop,206.40383222413573,False
TF-IDF dot product,1,Jimmy Buffett,Ace,folk,Beastie Boys,B-Boy Bouillabaisse: A.W.O.L. (2009 Digital Remaster),hip hop,339.9164650183136,False
TF-IDF dot product,2,Jimmy Buffett,Ace,folk,Savatage,The Hourglass,metal,323.9386871511196,False
TF-IDF dot product,1,Ryan Adams,How Do You Keep Love Alive,folk,Lauryn Hill,Interlude 5,r&b/soul,199.75588117818916,False
TF-IDF dot product,2,Ryan Adams,How Do You Keep Love Alive,folk,Beastie Boys,B-Boy Bouillabaisse: A.W.O.L. (2009 Digital Remaster),hip hop,189.48810209680622,False
TF-IDF dot product,1,Ryan Adams,When The Stars Go Blue,folk,Jon Secada,Where Do I Go From You,pop,122.48872988793089,False
TF-IDF dot product,2,Ryan Adams,When The Stars Go Blue,folk,Katie Melua,Blue Shoes,jazz,112.45210647644487,False
TF-IDF dot product,1,Ray LaMontagne,Forever My Friend,folk,Lauryn Hill,Interlude 5,r&b/soul,274.23941276249286,False
TF-IDF dot product,2,Ray LaMontagne,Forever My Friend,folk,Alicia Keys,Tell You Something (Nana's Reprise),r&b/soul,186.58594889353446,False
TF-IDF dot product,1,Ray LaMontagne,How Come [Acoustic Mix],folk,Lauryn Hill,Interlude 5,r&b/soul,271.4584171988927,False
TF-IDF dot product,2,Ray LaMontagne,How Come [Acoustic Mix],folk,Beastie Boys,B-Boy Bouillabaisse: A.W.O.L. (2009 Digital Remaster),hip hop,222.42409991226012,False
TF-IDF dot product,1,Leonard Cohen,Chelsea Hotel #2,folk,Lauryn Hill,Interlude 5,r&b/soul,209.05614695798448,False
TF-IDF dot product,2,Leonard Cohen,Chelsea Hotel #2,folk,Snoop Dogg,Snoopafella (Edited),hip hop,174.08542309863782,False
TF-IDF dot product,1,We Are Scientists,Lethal Enforcer (Live From Union Chapel_ London),folk,Lauryn Hill,Interlude 5,r&b/soul,262.6365636970392,False
TF-IDF dot product,2,We Are Scientists,Lethal Enforcer (Live From Union Chapel_ London),folk,Vanilla Ice,Ice Is Workin' It,hip hop,176.98423447190015,False
TF-IDF dot product,1,KT Tunstall,Change,folk,Lauryn Hill,Interlude 5,r&b/soul,251.29293245575724,False
TF-IDF dot product,2,KT Tunstall,Change,folk,Eminem,8 Mile,hip hop,168.59469651653185,False
TF-IDF dot product,1,KT Tunstall,Under The Weather,folk,Beastie Boys,B-Boy Bouillabaisse: A.W.O.L. (2009 Digital Remaster),hip hop,165.6833192434049,False
TF-IDF dot product,2,KT Tunstall,Under The Weather,folk,Eminem,8 Mile,hip hop,146.16883628628605,False
TF-IDF dot product,1,The Verve,So Sister,folk,Beastie Boys,B-Boy Bouillabaisse: A.W.O.L. (2009 Digital Remaster),hip hop,168.2066787030149,False
TF-IDF dot product,2,The Verve,So Sister,folk,Johnny Winter,Miss Ann,blues,150.33871525987388,False
TF-IDF dot product,1,Liz Phair,Lost Tonight,folk,Beastie Boys,B-Boy Bouillabaisse: A.W.O.L. (2009 Digital Remaster),hip hop,181.87319703571671,False
TF-IDF dot product,2,Liz Phair,Lost Tonight,folk,Afroman,Let's All Get Drunk,hip hop,171.159355515067,False
TF-IDF dot product,1,The Pogues,Sunnyside Of The Street,folk,Beastie Boys,B-Boy Bouillabaisse: A.W.O.L. (2009 Digital Remaster),hip hop,158.44237508012125,False
TF-IDF dot product,2,The Pogues,Sunnyside Of The Street,folk,Lauryn Hill,Interlude 5,r&b/soul,150.4310228775702,False
TF-IDF dot product,1,Kanye West,Can't Tell Me Nothing,hip hop,Lauryn Hill,Interlude 5,r&b/soul,550.3720678195742,False
TF-IDF dot product,2,Kanye West,Can't Tell Me Nothing,hip hop,Beastie Boys,B-Boy Bouillabaisse: A.W.O.L. (2009 Digital Remaster),hip hop,378.86187419296044,True
TF-IDF dot product,1,Kanye West,Graduation Day,hip hop,Lauryn Hill,Interlude 5,r&b/soul,229.72069018529714,False
TF-IDF dot product,2,Kanye West,Graduation Day,hip hop,Twista,Overdose (Album Version),hip hop,226.8859461632527,True
TF-IDF dot product,1,Kanye West,Wake Up Mr. West,hip hop,DMX,Keep Your Shit The Hardest,hip hop,212.93690720331963,True
TF-IDF dot product,2,Kanye West,Wake Up Mr. West,hip hop,Binary Star,Honest Expression,hip hop,187.09766406023644,True
TF-IDF dot product,1,Black Eyed Peas,A8,hip hop,Lauryn Hill,Interlude 5,r&b/soul,546.1811320192694,False
TF-IDF dot product,2,Black Eyed Peas,A8,hip hop,Michael Jackson,Man In The Mirror,pop,522.7680003150881,False
TF-IDF dot product,1,Black Eyed Peas,Boom Boom Guetta,hip hop,Twista,Overdose (Album Version),hip hop,305.5774566458638,True
TF-IDF dot product,2,Black Eyed Peas,Boom Boom Guetta,hip hop,The Foreign Exchange,The Answer,hip hop,247.1035538868147,True
TF-IDF dot product,1,Black Eyed Peas,Communication,hip hop,Beastie Boys,B-Boy Bouillabaisse: A.W.O.L. (2009 Digital Remaster),hip hop,355.13316268456947,True
TF-IDF dot product,2,Black Eyed Peas,Communication,hip hop,Twista,Overdose (Album Version),hip hop,330.46982613331534,True
TF-IDF dot product,1,Black Eyed Peas,One Tribe,hip hop,Lauryn Hill,Interlude 5,r&b/soul,481.54412251018204,False
TF-IDF dot product,2,Black Eyed Peas,One Tribe,hip hop,Beastie Boys,B-Boy Bouillabaisse: A.W.O.L. (2009 Digital Remaster),hip hop,394.64818698465706,True
TF-IDF dot product,1,Black Eyed Peas,Sexy,hip hop,Lauryn Hill,Interlude 5,r&b/soul,349.6406508345043,False
TF-IDF dot product,2,Black Eyed Peas,Sexy,hip hop,Twista,Overdose (Album Version),hip hop,338.588246810052,True
TF-IDF dot product,1,Black Eyed Peas,Tell Your Momma Come,hip hop,Twista,Overdose (Album Version),hip hop,361.10326349947576,True
TF-IDF dot product,2,Black Eyed Peas,Tell Your Momma Come,hip hop,The Simpsons,Do The Bartman,hip hop,353.6591219611171,True
TF-IDF dot product,1,Black Eyed Peas,The Apl Song,hip hop,Lauryn Hill,Interlude 5,r&b/soul,309.0221131206492,False
TF-IDF dot product,2,Black Eyed Peas,The Apl Song,hip hop,Twista,Overdose (Album Version),hip hop,291.47544514647984,True
TF-IDF dot product,1,Kanye West,Diamonds From Sierra Leone,hip hop,Beastie Boys,B-Boy Bouillabaisse: A.W.O.L. (2009 Digital Remaster),hip hop,571.1110348675971,True
TF-IDF dot product,2,Kanye West,Diamonds From Sierra Leone,hip hop,Lauryn Hill,Interlude 5,r&b/soul,557.7282832977685,False
TF-IDF dot product,1,Eminem,If I Had,hip hop,Beastie Boys,B-Boy Bouillabaisse: A.W.O.L. (2009 Digital Remaster),hip hop,505.86737157854674,True
TF-IDF dot product,2,Eminem,If I Had,hip hop,Lauryn Hill,Interlude 5,r&b/soul,497.90009314009615,False
TF-IDF dot product,1,Eminem,Ken Kaniff,hip hop,Twista,Overdose (Album Version),hip hop,462.48702456654485,True
TF-IDF dot product,2,Eminem,Ken Kaniff,hip hop,Beastie Boys,B-Boy Bouillabaisse: A.W.O.L. (2009 Digital Remaster),hip hop,458.6122652456058,True
TF-IDF dot product,1,Eminem,My Darling,hip hop,Lauryn Hill,Interlude 5,r&b/soul,723.1319973716296,False
TF-IDF dot product,2,Eminem,My Darling,hip hop,Beastie Boys,B-Boy Bouillabaisse: A.W.O.L. (2009 Digital Remaster),hip hop,664.5240751486317,True
TF-IDF dot product,1,Eminem,8 Mile,hip hop,Beastie Boys,B-Boy Bouillabaisse: A.W.O.L. (2009 Digital Remaster),hip hop,808.9468899169306,True
TF-IDF dot product,2,Eminem,8 Mile,hip hop,Lauryn Hill,Interlude 5,r&b/soul,797.624629791682,False
TF-IDF dot product,1,Usher,Love Was Here,hip hop,Lauryn Hill,Interlude 5,r&b/soul,321.3380048562633,False
TF-IDF dot product,2,Usher,Love Was Here,hip hop,Michael Jackson,Man In The Mirror,pop,303.58810368600206,False
TF-IDF dot product,1,Akon,Be With You,hip hop,Lauryn Hill,Interlude 5,r&b/soul,357.8350840336722,False
TF-IDF dot product,2,Akon,Be With You,hip hop,Beastie Boys,B-Boy Bouillabaisse: A.W.O.L. (2009 Digital Remaster),hip hop,300.9127685960191,True
TF-IDF dot product,1,Akon,Locked Up,hip hop,Kurupt,It Ain't About You,hip hop,317.23726179216055,True
TF-IDF dot product,2,Akon,Locked Up,hip hop,Lloyd Banks,Make A Move,hip hop,299.47580394568735,True
TF-IDF dot product,1,Jay-Z,So Ghetto,hip hop,Twista,Overdose (Album Version),hip hop,565.0259605174278,True
TF-IDF dot product,2,Jay-Z,So Ghetto,hip hop,Beastie Boys,B-Boy Bouillabaisse: A.W.O.L. (2009 Digital Remaster),hip hop,550.1051298642453,True
TF-IDF dot product,1,Jay-Z,Heart Of The City (Ain't No Love),hip hop,Twista,Overdose (Album Version),hip hop,531.5139805634909,True
TF-IDF dot product,2,Jay-Z,Heart Of The City (Ain't No Love),hip hop,Ying Yang Twins,1st Booty On Duty,hip hop,527.4709024193706,True
TF-IDF dot product,1,Eminem,Rabbit Run,hip hop,Twista,Overdose (Album Version),hip hop,569.3920002358544,True
TF-IDF dot product,2,Eminem,Rabbit Run,hip hop,Twiztid,She Ain't Afraid,hip hop,553.6878584430433,True
TF-IDF dot product,1,Nelly,Splurge,hip hop,Ying Yang Twins,1st Booty On Duty,hip hop,554.508260473084,True
TF-IDF dot product,2,Nelly,Splurge,hip hop,DMX,Keep Your Shit The Hardest,hip hop,547.3862716930713,True
TF-IDF dot product,1,Nelly,St. Louie,hip hop,Beastie Boys,B-Boy Bouillabaisse: A.W.O.L. (2009 Digital Remaster),hip hop,534.8903486283186,True
TF-IDF dot product,2,Nelly,St. Louie,hip hop,Twista,Overdose (Album Version),hip hop,474.78761677941407,True
TF-IDF dot product,1,Nelly,Wrap Sumden,hip hop,Twista,Overdose (Album Version),hip hop,473.9995370575688,True
TF-IDF dot product,2,Nelly,Wrap Sumden,hip hop,Ying Yang Twins,1st Booty On Duty,hip hop,429.1281167174917,True
TF-IDF dot product,1,Jay-Z,Soon You'll Understand,hip hop,Lauryn Hill,Interlude 5,r&b/soul,646.2360206841572,False
TF-IDF dot product,2,Jay-Z,Soon You'll Understand,hip hop,Eminem,8 Mile,hip hop,521.4832588085809,True
TF-IDF dot product,1,Jay-Z,Encore,hip hop,Twista,Overdose (Album Version),hip hop,513.4109557142903,True
TF-IDF dot product,2,Jay-Z,Encore,hip hop,Lauryn Hill,Interlude 5,r&b/soul,496.7875890556921,False
TF-IDF dot product,1,Nelly,Say Now,hip hop,Michael Jackson,Man In The Mirror,pop,537.6366216256878,False
TF-IDF dot product,2,Nelly,Say Now,hip hop,Lauryn Hill,Interlude 5,r&b/soul,496.8694938811651,False
TF-IDF dot product,1,Dr. Dre,Been There Done That,hip hop,Beastie Boys,B-Boy Bouillabaisse: A.W.O.L. (2009 Digital Remaster),hip hop,429.62519894106714,True
TF-IDF dot product,2,Dr. Dre,Been There Done That,hip hop,Twista,Overdose (Album Version),hip hop,404.1944161898849,True
TF-IDF dot product,1,Sean Kingston,Magical,hip hop,Lauryn Hill,Interlude 5,r&b/soul,326.4766511511499,False
TF-IDF dot product,2,Sean Kingston,Magical,hip hop,Beastie Boys,B-Boy Bouillabaisse: A.W.O.L. (2009 Digital Remaster),hip hop,233.15067837450115,True
TF-IDF dot product,1,Sean Kingston,Over,hip hop,Beastie Boys,B-Boy Bouillabaisse: A.W.O.L. (2009 Digital Remaster),hip hop,356.67081651684776,True
TF-IDF dot product,2,Sean Kingston,Over,hip hop,Lauryn Hill,Interlude 5,r&b/soul,292.221982219706,False
TF-IDF dot product,1,Sean Kingston,Wrap U Around Me,hip hop,Prince,I Love U In Me ( LP Version),r&b/soul,268.5280863389824,False
TF-IDF dot product,2,Sean Kingston,Wrap U Around Me,hip hop,Lauryn Hill,Interlude 5,r&b/soul,258.64637328189644,False
TF-IDF dot product,1,M.I.A.,Paper Planes,hip hop,Beastie Boys,B-Boy Bouillabaisse: A.W.O.L. (2009 Digital Remaster),hip hop,253.24546214729418,True
TF-IDF dot product,2,M.I.A.,Paper Planes,hip hop,KMD,Plumskinzz (Loose Hoe_ God & Cupid),hip hop,248.24231857414594,True
TF-IDF dot product,1,Thousand Foot Krutch,Set It Off,hip hop,Beastie Boys,B-Boy Bouillabaisse: A.W.O.L. (2009 Digital Remaster),hip hop,467.24977970494933,True
TF-IDF dot product,2,Thousand Foot Krutch,Set It Off,hip hop,Twista,Overdose (Album Version),hip hop,356.5795419282702,True
TF-IDF dot product,1,Ludacris,Ho,hip hop,Big Bad Voodoo Daddy,Mambo Swing,jazz,345.9327586687606,False
TF-IDF dot product,2,Ludacris,Ho,hip hop,DMX,Keep Your Shit The Hardest,hip hop,333.03127039630834,True
TF-IDF dot product,1,Wu-Tang Clan,The What,hip hop,Ying Yang Twins,1st Booty On Duty,hip hop,503.90941258874096,True
TF-IDF dot product,2,Wu-Tang Clan,The What,hip hop,Twista,Overdose (Album Version),hip hop,486.49503365366235,True
TF-IDF dot product,1,50 Cent,Rowdy Rowdy,hip hop,DMX,Keep Your Shit The Hardest,hip hop,631.2361109425407,True
TF-IDF dot product,2,50 Cent,Rowdy Rowdy,hip hop,DJ Quik,Safe + Sound,hip hop,628.7484258935212,True
TF-IDF dot product,1,Snoop Dogg,Bang Out,hip hop,Ying Yang Twins,1st Booty On Duty,hip hop,579.7554700807657,True
TF-IDF dot product,2,Snoop Dogg,Bang Out,hip hop,Twista,Overdose (Album Version),hip hop,511.71913666462586,True
TF-IDF dot product,1,Snoop Dogg,Snoopafella (Edited),hip hop,Beastie Boys,B-Boy Bouillabaisse: A.W.O.L. (2009 Digital Remaster),hip hop,732.9143327058463,True
TF-IDF dot product,2,Snoop Dogg,Snoopafella (Edited),hip hop,Lauryn Hill,Interlude 5,r&b/soul,681.0683421470001,False
TF-IDF dot product,1,Atmosphere,Hair,hip hop,Lauryn Hill,Interlude 5,r&b/soul,616.1442595917337,False
TF-IDF dot product,2,Atmosphere,Hair,hip hop,Beastie Boys,B-Boy Bouillabaisse: A.W.O.L. (2009 Digital Remaster),hip hop,560.5686076981954,True
TF-IDF dot product,1,Atmosphere,Happymess,hip hop,Lauryn Hill,Interlude 5,r&b/soul,458.49763303997696,False
TF-IDF dot product,2,Atmosphere,Happymess,hip hop,Beastie Boys,B-Boy Bouillabaisse: A.W.O.L. (2009 Digital Remaster),hip hop,360.7406267158168,True
TF-IDF dot product,1,Michael Bublé,Put Your Head On My Shoulder (Album Version),jazz,Lauryn Hill,Interlude 5,r&b/soul,148.24382585511935,False
TF-IDF dot product,2,Michael Bublé,Put Your Head On My Shoulder (Album Version),jazz,Binary Star,Indy 500,hip hop,135.36416338974126,False
TF-IDF dot product,1,Michael Bublé,Stuck In The Middle With You (Non-Album Track),jazz,Lauryn Hill,Interlude 5,r&b/soul,232.01872798019326,False
TF-IDF dot product,2,Michael Bublé,Stuck In The Middle With You (Non-Album Track),jazz,Beastie Boys,B-Boy Bouillabaisse: A.W.O.L. (2009 Digital Remaster),hip hop,204.1596877636303,False
TF-IDF dot product,1,Michael Bublé,You'll Never Find Another Love Like Mine (Album Version),jazz,Janis Joplin,Kozmic Blues,blues,270.86104712870116,False
TF-IDF dot product,2,Michael Bublé,You'll Never Find Another Love Like Mine (Album Version),jazz,Lauryn Hill,Interlude 5,r&b/soul,253.1821513177305,False
TF-IDF dot product,1,Ray Charles,Kiss me baby,jazz,Beastie Boys,B-Boy Bouillabaisse: A.W.O.L. (2009 Digital Remaster),hip hop,157.41910180732702,False
TF-IDF dot product,2,Ray Charles,Kiss me baby,jazz,Jay-Z,So Ghetto,hip hop,117.51155860042905,False
TF-IDF dot product,1,Ray Charles,Let's Go,jazz,Beastie Boys,B-Boy Bouillabaisse: A.W.O.L. (2009 Digital Remaster),hip hop,122.96690931163815,False
TF-IDF dot product,2,Ray Charles,Let's Go,jazz,Lauryn Hill,Interlude 5,r&b/soul,113.03421836070297,False
TF-IDF dot product,1,Ray Charles,Moon Over Miami,jazz,The Streets,Weak Become Heroes,hip hop,94.07435492805853,False
TF-IDF dot product,2,Ray Charles,Moon Over Miami,jazz,Ella Fitzgerald,How High The Moon,jazz,84.62905631850755,True
TF-IDF dot product,1,Nat King Cole,Hit That Jive Jack,jazz,The Simpsons,Do The Bartman,hip hop,190.4851812764006,False
TF-IDF dot product,2,Nat King Cole,Hit That Jive Jack,jazz,Twiztid,She Ain't Afraid,hip hop,176.54215565240588,False
TF-IDF dot product,1,Nat King Cole,The Christmas Song,jazz,Lauryn Hill,Interlude 5,r&b/soul,140.55452283788892,False
TF-IDF dot product,2,Nat King Cole,The Christmas Song,jazz,Billy Gilman,The Christmas Song,country,119.47036806497667,False
TF-IDF dot product,1,Nat King Cole,Too Young,jazz,Beastie Boys,B-Boy Bouillabaisse: A.W.O.L. (2009 Digital Remaster),hip hop,137.38381431707708,False
TF-IDF dot product,2,Nat King Cole,Too Young,jazz,Lauryn Hill,Interlude 5,r&b/soul,133.62233500680802,False
TF-IDF dot product,1,Nat King Cole,Unforgettable,jazz,Lauryn Hill,Interlude 5,r&b/soul,119.68201383766203,False
TF-IDF dot product,2,Nat King Cole,Unforgettable,jazz,Eminem,My Darling,hip hop,112.928038163136,False
TF-IDF dot product,1,Nat King Cole,Autumn Leaves,jazz,Eminem,My Darling,hip hop,108.4702471385991,False
TF-IDF dot product,2,Nat King Cole,Autumn Leaves,jazz,Beastie Boys,B-Boy Bouillabaisse: A.W.O.L. (2009 Digital Remaster),hip hop,106.83382730569576,False
TF-IDF dot product,1,Nat King Cole,Love Is A Many Splendored Thing,jazz,Beastie Boys,B-Boy Bouillabaisse: A.W.O.L. (2009 Digital Remaster),hip hop,134.97277943337247,False
TF-IDF dot product,2,Nat King Cole,Love Is A Many Splendored Thing,jazz,Recoil,Curse,electronic,108.19392764540054,False
TF-IDF dot product,1,Nat King Cole,Smoke Gets in Your Eyes,jazz,Bryan Ferry,Smoke Gets In Your Eyes,folk,211.53018990585542,False
TF-IDF dot product,2,Nat King Cole,Smoke Gets in Your Eyes,jazz,Lauryn Hill,Interlude 5,r&b/soul,146.1500272354245,False
TF-IDF dot product,1,Nat King Cole,If You Can't Smile And Say Yes,jazz,Lauryn Hill,Interlude 5,r&b/soul,136.58115404504608,False
TF-IDF dot product,2,Nat King Cole,If You Can't Smile And Say Yes,jazz,Atmosphere,Hair,hip hop,125.90272306384962,False
TF-IDF dot product,1,Nat King Cole,She's Funny That Way,jazz,Natalie Cole,Your Eyes,r&b/soul,135.76900224601647,False
TF-IDF dot product,2,Nat King Cole,She's Funny That Way,jazz,Beastie Boys,B-Boy Bouillabaisse: A.W.O.L. (2009 Digital Remaster),hip hop,127.2046199896791,False
TF-IDF dot product,1,Nat King Cole,The Ruby And The Pearl (2003 Digital Remaster),jazz,Beastie Boys,B-Boy Bouillabaisse: A.W.O.L. (2009 Digital Remaster),hip hop,89.62135042658404,False
TF-IDF dot product,2,Nat King Cole,The Ruby And The Pearl (2003 Digital Remaster),jazz,Paul Anka,Love Me Warm And Tender,punk,84.87687021965766,False
TF-IDF dot product,1,Nat King Cole,The Very Thought Of You,jazz,Beastie Boys,B-Boy Bouillabaisse: A.W.O.L. (2009 Digital Remaster),hip hop,136.87228209839523,False
TF-IDF dot product,2,Nat King Cole,The Very Thought Of You,jazz,Lauryn Hill,Interlude 5,r&b/soul,117.61888041043049,False
TF-IDF dot product,1,Bing Crosby,Rudolph The Red-Nosed Reindeer,jazz,Beastie Boys,B-Boy Bouillabaisse: A.W.O.L. (2009 Digital Remaster),hip hop,245.95829135656967,False
TF-IDF dot product,2,Bing Crosby,Rudolph The Red-Nosed Reindeer,jazz,Lauryn Hill,Interlude 5,r&b/soul,216.99588554358527,False
TF-IDF dot product,1,Norah Jones,December,jazz,Spice Girls,Take Me Home,pop,101.25688285508971,False
TF-IDF dot product,2,Norah Jones,December,jazz,Momus,Closer To You,electronic,97.7690527557045,False
TF-IDF dot product,1,Norah Jones,Don't Know Why (Live),jazz,The Pharcyde,Otha Fish,hip hop,126.53968304300484,False
TF-IDF dot product,2,Norah Jones,Don't Know Why (Live),jazz,Beastie Boys,B-Boy Bouillabaisse: A.W.O.L. (2009 Digital Remaster),hip hop,122.18812075992047,False
TF-IDF dot product,1,Norah Jones,Humble Me,jazz,Eminem,8 Mile,hip hop,183.7077375810813,False
TF-IDF dot product,2,Norah Jones,Humble Me,jazz,R. Kelly,Kickin' It With Your Girlfriend,r&b/soul,172.412758401551,False
TF-IDF dot product,1,Norah Jones,I've Got To See You Again,jazz,Beastie Boys,B-Boy Bouillabaisse: A.W.O.L. (2009 Digital Remaster),hip hop,146.3877787801968,False
TF-IDF dot product,2,Norah Jones,I've Got To See You Again,jazz,Recoil,Curse,electronic,129.36188249217125,False
TF-IDF dot product,1,Norah Jones,Sinkin' Soon (iTunes Live Session),jazz,Beastie Boys,B-Boy Bouillabaisse: A.W.O.L. (2009 Digital Remaster),hip hop,166.74153025094623,False
TF-IDF dot product,2,Norah Jones,Sinkin' Soon (iTunes Live Session),jazz,Lauryn Hill,Interlude 5,r&b/soul,145.75266448082124,False
TF-IDF dot product,1,Norah Jones,The Long Way Home,jazz,Lauryn Hill,Interlude 5,r&b/soul,205.47261491174157,False
TF-IDF dot product,2,Norah Jones,The Long Way Home,jazz,Beastie Boys,B-Boy Bouillabaisse: A.W.O.L. (2009 Digital Remaster),hip hop,202.21551373077324,False
TF-IDF dot product,1,Norah Jones,Those Sweet Words,jazz,Lauryn Hill,Interlude 5,r&b/soul,142.51205591724306,False
TF-IDF dot product,2,Norah Jones,Those Sweet Words,jazz,Beastie Boys,B-Boy Bouillabaisse: A.W.O.L. (2009 Digital Remaster),hip hop,138.28225229629555,False
TF-IDF dot product,1,Norah Jones,Wish I Could (Live),jazz,Beastie Boys,B-Boy Bouillabaisse: A.W.O.L. (2009 Digital Remaster),hip hop,191.61927899577353,False
TF-IDF dot product,2,Norah Jones,Wish I Could (Live),jazz,Eminem,8 Mile,hip hop,179.73888872052436,False
TF-IDF dot product,1,Norah Jones,My Dear Country,jazz,Lauryn Hill,Interlude 5,r&b/soul,246.81449631597027,False
TF-IDF dot product,2,Norah Jones,My Dear Country,jazz,Beastie Boys,B-Boy Bouillabaisse: A.W.O.L. (2009 Digital Remaster),hip hop,206.51467145443846,False
TF-IDF dot product,1,Dean Martin,I Love The Way You Say Goodnight,jazz,Lauryn Hill,Interlude 5,r&b/soul,193.38687228843767,False
TF-IDF dot product,2,Dean Martin,I Love The Way You Say Goodnight,jazz,Beastie Boys,B-Boy Bouillabaisse: A.W.O.L. (2009 Digital Remaster),hip hop,189.85361489939118,False
TF-IDF dot product,1,Dean Martin,White Christmas,jazz,Tryo,Yakamonéyé,reggae,393.32651410806966,False
TF-IDF dot product,2,Dean Martin,White Christmas,jazz,Fonky Family,Sans Rémission,hip hop,385.856464269451,False
TF-IDF dot product,1,Dean Martin,Memories Are Made Of This,jazz,Beastie Boys,B-Boy Bouillabaisse: A.W.O.L. (2009 Digital Remaster),hip hop,131.7131543774416,False
TF-IDF dot product,2,Dean Martin,Memories Are Made Of This,jazz,Ella Fitzgerald,Manhattan,jazz,112.8148760623811,True
TF-IDF dot product,1,Norah Jones,Little Room,jazz,Lauryn Hill,Interlude 5,r&b/soul,215.98852038262933,False
TF-IDF dot product,2,Norah Jones,Little Room,jazz,Beastie Boys,B-Boy Bouillabaisse: A.W.O.L. (2009 Digital Remaster),hip hop,172.8837743796293,False
TF-IDF dot product,1,The Puppini Sisters,Bei Mir Bist Du Schön,jazz,Lauryn Hill,Interlude 5,r&b/soul,222.5177644176887,False
TF-IDF dot product,2,The Puppini Sisters,Bei Mir Bist Du Schön,jazz,Sido,Mein Testament,hip hop,200.389155489715,False
TF-IDF dot product,1,The Puppini Sisters,Don't Sit Under The Apple Tree,jazz,Jackson 5,(You Were Made) Especially For Me,r&b/soul,201.39091191071603,False
TF-IDF dot product,2,The Puppini Sisters,Don't Sit Under The Apple Tree,jazz,Julia Fordham,Where Does The Time Go?,pop,175.20627337076118,False
TF-IDF dot product,1,The Puppini Sisters,Falling In Love Again,jazz,Danni Carlos,Falling In Love Again,pop,336.28869647694097,False
TF-IDF dot product,2,The Puppini Sisters,Falling In Love Again,jazz,Beastie Boys,B-Boy Bouillabaisse: A.W.O.L. (2009 Digital Remaster),hip hop,205.08739534103663,False
TF-IDF dot product,1,The Puppini Sisters,Heebie Jeebies,jazz,Lauryn Hill,Interlude 5,r&b/soul,228.31889178298928,False
TF-IDF dot product,2,The Puppini Sisters,Heebie Jeebies,jazz,The Simpsons,Do The Bartman,hip hop,210.44765214675016,False
TF-IDF dot product,1,The Puppini Sisters,I Will Survive,jazz,Lauryn Hill,Interlude 5,r&b/soul,402.8011412966414,False
TF-IDF dot product,2,The Puppini Sisters,I Will Survive,jazz,Beastie Boys,B-Boy Bouillabaisse: A.W.O.L. (2009 Digital Remaster),hip hop,351.5228531346514,False
TF-IDF dot product,1,The Puppini Sisters,In The Mood,jazz,Lauryn Hill,Interlude 5,r&b/soul,267.4363446209493,False
TF-IDF dot product,2,The Puppini Sisters,In The Mood,jazz,Beastie Boys,B-Boy Bouillabaisse: A.W.O.L. (2009 Digital Remaster),hip hop,226.37092833747036,False
TF-IDF dot product,1,Dean Martin,Kiss,jazz,Lauryn Hill,Interlude 5,r&b/soul,371.76248399747124,False
TF-IDF dot product,2,Dean Martin,Kiss,jazz,R. Kelly,Kickin' It With Your Girlfriend,r&b/soul,281.0747237739477,False
TF-IDF dot product,1,Dean Martin,Let Me Go Lover,jazz,Lauryn Hill,Interlude 5,r&b/soul,109.10501663112953,False
TF-IDF dot product,2,Dean Martin,Let Me Go Lover,jazz,Beastie Boys,B-Boy Bouillabaisse: A.W.O.L. (2009 Digital Remaster),hip hop,106.67863873036687,False
TF-IDF dot product,1,Dean Martin,On An Evening In Roma (Sott'er Celo De Roma),jazz,Fabrizio De Andrè,Sinan Capudan Pascià,folk,173.2671674070346,False
TF-IDF dot product,2,Dean Martin,On An Evening In Roma (Sott'er Celo De Roma),jazz,Gemelli Diversi,Istruzioni Per L'(Ill)uso,hip hop,170.42372935050432,False
TF-IDF dot product,1,Enrique Iglesias,No Puedo Mas Sin Ti (I'm Your Man),latin,Violadores del Verso,Dale tiempo al rumor,hip hop,653.068705187495,False
TF-IDF dot product,2,Enrique Iglesias,No Puedo Mas Sin Ti (I'm Your Man),latin,Violadores del Verso,Cantando,hip hop,631.9307890801299,False
TF-IDF dot product,1,Shakira,En Tus Pupilas,latin,Violadores del Verso,Dale tiempo al rumor,hip hop,559.9514344721199,False
TF-IDF dot product,2,Shakira,En Tus Pupilas,latin,Violadores del Verso,Cantando,hip hop,516.0634078317853,False
TF-IDF dot product,1,Shakira,Que Me Quedes Tu,latin,Violadores del Verso,Dale tiempo al rumor,hip hop,613.4900258830596,False
TF-IDF dot product,2,Shakira,Que Me Quedes Tu,latin,Violadores del Verso,Cantando,hip hop,565.0241588028721,False
TF-IDF dot product,1,Shakira,Sombra De Ti,latin,Violadores del Verso,Dale tiempo al rumor,hip hop,653.7299967133686,False
TF-IDF dot product,2,Shakira,Sombra De Ti,latin,Daddy Yankee,Todos Quieren A Raymond,reggae,602.4075495353925,False
TF-IDF dot product,1,Shakira,Te Dejo Madrid,latin,Violadores del Verso,Cantando,hip hop,557.8329980450915,False
TF-IDF dot product,2,Shakira,Te Dejo Madrid,latin,Beatriz Luengo,Pretendo Hablarte,pop,514.948215722667,False
TF-IDF dot product,1,Shakira,Tú,latin,Violadores del Verso,Dale tiempo al rumor,hip hop,465.0835469896919,False
TF-IDF dot product,2,Shakira,Tú,latin,Violadores del Verso,Cantando,hip hop,432.0265049664385,False
TF-IDF dot product,1,Enrique Iglesias,La Chica De Ayer,latin,Violadores del Verso,Dale tiempo al rumor,hip hop,441.8974634511785,False
TF-IDF dot product,2,Enrique Iglesias,La Chica De Ayer,latin,Violadores del Verso,Cantando,hip hop,387.37417067738005,False
TF-IDF dot product,1,Enrique Iglesias,Adicto,latin,Violadores del Verso,Cantando,hip hop,596.42351396081,False
TF-IDF dot product,2,Enrique Iglesias,Adicto,latin,Violadores del Verso,Dale tiempo al rumor,hip hop,582.2547896996788,False
TF-IDF dot product,1,Enrique Iglesias,Al Despertar,latin,Violadores del Verso,Dale tiempo al rumor,hip hop,513.8795136324835,False
TF-IDF dot product,2,Enrique Iglesias,Al Despertar,latin,Violadores del Verso,Cantando,hip hop,496.82855107071913,False
TF-IDF dot product,1,Enrique Iglesias,Alguien Como Tú,latin,Willie Colon,Gitana,latin,477.39783476437367,True
TF-IDF dot product,2,Enrique Iglesias,Alguien Como Tú,latin,Violadores del Verso,Dale tiempo al rumor,hip hop,474.4881401951478,False
TF-IDF dot product,1,Enrique Iglesias,Inalcanzable,latin,Violadores del Verso,Dale tiempo al rumor,hip hop,368.4251541579082,False
TF-IDF dot product,2,Enrique Iglesias,Inalcanzable,latin,Violadores del Verso,Cantando,hip hop,336.2623122245224,False
TF-IDF dot product,1,Enrique Iglesias,Lloro Por Ti,latin,Violadores del Verso,Dale tiempo al rumor,hip hop,640.0130267626988,False
TF-IDF dot product,2,Enrique Iglesias,Lloro Por Ti,latin,Daddy Yankee,Todos Quieren A Raymond,reggae,613.5025668064668,False
TF-IDF dot product,1,Enrique Iglesias,Mamacita,latin,Violadores del Verso,Cantando,hip hop,556.6558290774824,False
TF-IDF dot product,2,Enrique Iglesias,Mamacita,latin,Violadores del Verso,Dale tiempo al rumor,hip hop,523.3039219885742,False
TF-IDF dot product,1,Enrique Iglesias,Miss You,latin,Lauryn Hill,Interlude 5,r&b/soul,237.97554019213982,False
TF-IDF dot product,2,Enrique Iglesias,Miss You,latin,Eminem,8 Mile,hip hop,213.00758723246182,False
TF-IDF dot product,1,Enrique Iglesias,Para De Jugar,latin,Violadores del Verso,Dale tiempo al rumor,hip hop,490.468949644783,False
TF-IDF dot product,2,Enrique Iglesias,Para De Jugar,latin,Violadores del Verso,Cantando,hip hop,489.4081464391703,False
TF-IDF dot product,1,Enrique Iglesias,She Be The One,latin,Beastie Boys,B-Boy Bouillabaisse: A.W.O.L. (2009 Digital Remaster),hip hop,311.2500410087147,False
TF-IDF dot product,2,Enrique Iglesias,She Be The One,latin,Twiztid,She Ain't Afraid,hip hop,288.0934628261127,False
TF-IDF dot product,1,Enrique Iglesias,Trapecista,latin,Violadores del Verso,Dale tiempo al rumor,hip hop,597.6163018459958,False
TF-IDF dot product,2,Enrique Iglesias,Trapecista,latin,Violadores del Verso,Cantando,hip hop,577.4167599889448,False
TF-IDF dot product,1,Enrique Iglesias,Tu Vacio,latin,Violadores del Verso,Dale tiempo al rumor,hip hop,697.8285580148566,False
TF-IDF dot product,2,Enrique Iglesias,Tu Vacio,latin,Violadores del Verso,Cantando,hip hop,590.8676491561304,False
TF-IDF dot product,1,Enrique Iglesias,Volveré,latin,Violadores del Verso,Dale tiempo al rumor,hip hop,663.647221160196,False
TF-IDF dot product,2,Enrique Iglesias,Volveré,latin,Violadores del Verso,Cantando,hip hop,612.6312554231239,False
TF-IDF dot product,1,Shakira,Estoy Aquí,latin,Ana Carolina,Rosas,pop,372.0106568266398,False
TF-IDF dot product,2,Shakira,Estoy Aquí,latin,O Rappa,Eu Quero Ver Gol,reggae,327.60709877193653,False
TF-IDF dot product,1,Santana,Life Is Anew,latin,Lauryn Hill,Interlude 5,r&b/soul,140.86980975189792,False
TF-IDF dot product,2,Santana,Life Is Anew,latin,Beastie Boys,B-Boy Bouillabaisse: A.W.O.L. (2009 Digital Remaster),hip hop,126.94527406989488,False
TF-IDF dot product,1,Shakira,Donde Estas Corazon,latin,Violadores del Verso,La ciudad nunca duerme,hip hop,556.9757268300414,False
TF-IDF dot product,2,Shakira,Donde Estas Corazon,latin,Daddy Yankee,Todos Quieren A Raymond,reggae,550.8988519816469,False
TF-IDF dot product,1,Shakira,Octavo Día,latin,Violadores del Verso,Cantando,hip hop,579.4883671178757,False
TF-IDF dot product,2,Shakira,Octavo Día,latin,Violadores del Verso,Dale tiempo al rumor,hip hop,509.9565974051946,False
TF-IDF dot product,1,Shakira,Te Necesito,latin,Violadores del Verso,Dale tiempo al rumor,hip hop,651.7098294624886,False
TF-IDF dot product,2,Shakira,Te Necesito,latin,Daddy Yankee,Todos Quieren A Raymond,reggae,587.0703444490948,False
TF-IDF dot product,1,Santana,Evil Ways,latin,Beastie Boys,B-Boy Bouillabaisse: A.W.O.L. (2009 Digital Remaster),hip hop,168.34884501295087,False
TF-IDF dot product,2,Santana,Evil Ways,latin,Lauryn Hill,Interlude 5,r&b/soul,146.82394980561733,False
TF-IDF dot product,1,Pink Martini,Anna (el negro zumbon),latin,Violadores del Verso,La ciudad nunca duerme,hip hop,296.6609272301105,False
TF-IDF dot product,2,Pink Martini,Anna (el negro zumbon),latin,Violadores del Verso,Cantando,hip hop,283.5613626209924,False
TF-IDF dot product,1,Chavela Vargas,Piensa en mi,latin,Violadores del Verso,Dale tiempo al rumor,hip hop,287.4308521144123,False
TF-IDF dot product,2,Chavela Vargas,Piensa en mi,latin,Frank Reyes,Que Voy A hacer Sin Tí,latin,272.9363310905544,True
TF-IDF dot product,1,Santana,Esperando,latin,Violadores del Verso,Cantando,hip hop,271.52927849143737,False
TF-IDF dot product,2,Santana,Esperando,latin,Tego Calderon,Al Natural (Amended Version),latin,270.21805312299125,True
TF-IDF dot product,1,Beyoncé,Beautiful Liar (Bello Embustero),latin,Violadores del Verso,Cantando,hip hop,697.4056678718886,False
TF-IDF dot product,2,Beyoncé,Beautiful Liar (Bello Embustero),latin,Violadores del Verso,Dale tiempo al rumor,hip hop,667.3065871161174,False
TF-IDF dot product,1,Juanes,Rosario Tijeras,latin,Violadores del Verso,La ciudad nunca duerme,hip hop,580.5162714703971,False
TF-IDF dot product,2,Juanes,Rosario Tijeras,latin,Gilberto Santa Rosa,Un Montón de Estrellas,latin,579.2673652660634,True
TF-IDF dot product,1,Ricardo Arjona,Animal Nocturno,latin,Violadores del Verso,Dale tiempo al rumor,hip hop,593.7730655231278,False
TF-IDF dot product,2,Ricardo Arjona,Animal Nocturno,latin,Violadores del Verso,Cantando,hip hop,581.8188171914792,False
TF-IDF dot product,1,Camila,Alejate De Mi,latin,Violadores del Verso,Dale tiempo al rumor,hip hop,743.8804612428358,False
TF-IDF dot product,2,Camila,Alejate De Mi,latin,Daddy Yankee,Como Y Vete,reggae,663.473688256411,False
TF-IDF dot product,1,Camila,Entre Tus Alas,latin,Violadores del Verso,Dale tiempo al rumor,hip hop,492.2421250051935,False
TF-IDF dot product,2,Camila,Entre Tus Alas,latin,Violadores del Verso,Cantando,hip hop,490.5261126846101,False
TF-IDF dot product,1,Camila,Me Basto,latin,Violadores del Verso,Dale tiempo al rumor,hip hop,528.551162469587,False
TF-IDF dot product,2,Camila,Me Basto,latin,Violadores del Verso,Cantando,hip hop,473.02451290621525,False
TF-IDF dot product,1,Camila,Va Para Ti,latin,Violadores del Verso,Cantando,hip hop,526.2208836306183,False
TF-IDF dot product,2,Camila,Va Para Ti,latin,Willie Colon,Gitana,latin,488.91701432542345,True
TF-IDF dot product,1,Reik,Fui,latin,Violadores del Verso,La ciudad nunca duerme,hip hop,385.8546915483394,False
TF-IDF dot product,2,Reik,Fui,latin,Violadores del Verso,Cantando,hip hop,380.53080573036345,False
TF-IDF dot product,1,Reik,Ilusionado,latin,Daddy Yankee,Todos Quieren A Raymond,reggae,518.7700244854651,False
TF-IDF dot product,2,Reik,Ilusionado,latin,Violadores del Verso,Dale tiempo al rumor,hip hop,480.93339047714557,False
TF-IDF dot product,1,Reik,Piel De Ciudad,latin,Violadores del Verso,Cantando,hip hop,591.1201497328944,False
TF-IDF dot product,2,Reik,Piel De Ciudad,latin,Juanes,Tu Y Yo,latin,501.13955845446344,True
TF-IDF dot product,1,Reik,Quedate,latin,Violadores del Verso,Dale tiempo al rumor,hip hop,601.943218694525,False
TF-IDF dot product,2,Reik,Quedate,latin,Violadores del Verso,Cantando,hip hop,550.3739782498799,False
TF-IDF dot product,1,Animal Collective,Brother Sport,latin,Gang Starr,The Illest Brother,hip hop,141.21818268596556,False
TF-IDF dot product,2,Animal Collective,Brother Sport,latin,Twiztid,She Ain't Afraid,hip hop,131.18492461878165,False
TF-IDF dot product,1,Metallica,The Prince,metal,Beastie Boys,B-Boy Bouillabaisse: A.W.O.L. (2009 Digital Remaster),hip hop,148.36288961330567,False
TF-IDF dot product,2,Metallica,The Prince,metal,Savatage,The Hourglass,metal,124.53723403959893,True
TF-IDF dot product,1,Avenged Sevenfold,Second Heartbeat,metal,Savatage,The Hourglass,metal,253.71388398180065,True
TF-IDF dot product,2,Avenged Sevenfold,Second Heartbeat,metal,Eminem,8 Mile,hip hop,249.77491780224557,False
TF-IDF dot product,1,Avenged Sevenfold,To End The Rapture,metal,Savatage,The Hourglass,metal,52.1592229583585,True
TF-IDF dot product,2,Avenged Sevenfold,To End The Rapture,metal,Josh Groban,It Came Upon A Midnight Clear (Album Version),classical,43.67713846339686,False
TF-IDF dot product,1,blessthefall,Witness,metal,Ja Rule,One of Us,hip hop,203.3061826526858,False
TF-IDF dot product,2,blessthefall,Witness,metal,Lauryn Hill,Interlude 5,r&b/soul,171.5620095680997,False
TF-IDF dot product,1,HIM,Heartache Every Moment,metal,Keith Anderson,Lost In This Moment,country,155.15467997718426,False
TF-IDF dot product,2,HIM,Heartache Every Moment,metal,Sebadoh,Showtape '91,electronic,126.52793411416674,False
TF-IDF dot product,1,HIM,Sigillum Diaboli,metal,Eminem,My Darling,hip hop,158.52594317466952,False
TF-IDF dot product,2,HIM,Sigillum Diaboli,metal,Beastie Boys,B-Boy Bouillabaisse: A.W.O.L. (2009 Digital Remaster),hip hop,134.32969603506163,False
TF-IDF dot product,1,As I Lay Dying,Refined By Your Embrace,metal,Patrizio Buanne,A Man Without Love,pop,52.555380522498844,False
TF-IDF dot product,2,As I Lay Dying,Refined By Your Embrace,metal,Juice Newton,Lay Back In The Arms Of Someone,country,51.00385519263833,False
TF-IDF dot product,1,As I Lay Dying,The Innocence Spilled,metal,Hollywood Undead,Pain,hip hop,109.28505766146196,False
TF-IDF dot product,2,As I Lay Dying,The Innocence Spilled,metal,Ja Rule,One of Us,hip hop,98.07047828492144,False
TF-IDF dot product,1,August Burns Red,An American Dream,metal,The Streets,Weak Become Heroes,hip hop,113.064137134768,False
TF-IDF dot product,2,August Burns Red,An American Dream,metal,Ja Rule,One of Us,hip hop,107.69256631441469,False
TF-IDF dot product,1,Underoath,The Changing Of Times,metal,Lauryn Hill,Interlude 5,r&b/soul,167.73421440141564,False
TF-IDF dot product,2,Underoath,The Changing Of Times,metal,Beastie Boys,B-Boy Bouillabaisse: A.W.O.L. (2009 Digital Remaster),hip hop,154.77216546114684,False
TF-IDF dot product,1,Haste The Day,Autumn,metal,Blumentopf,Von Disco Zu Disco,hip hop,482.0068922004344,False
TF-IDF dot product,2,Haste The Day,Autumn,metal,Rapsoul,Gott schenk ihr Flügel,hip hop,453.0322948507623,False
TF-IDF dot product,1,Haste The Day,Chorus Of Angels,metal,Prince,I Love U In Me ( LP Version),r&b/soul,253.09812656072734,False
TF-IDF dot product,2,Haste The Day,Chorus Of Angels,metal,Lauryn Hill,Interlude 5,r&b/soul,234.07865487934532,False
TF-IDF dot product,1,Demon Hunter,Follow The Wolves,metal,Cross Canadian Ragweed,17,country,143.43863542910378,False
TF-IDF dot product,2,Demon Hunter,Follow The Wolves,metal,Savatage,The Hourglass,metal,132.19471565743828,True
TF-IDF dot product,1,Demon Hunter,I Am You,metal,Flobots,Rise,hip hop,189.167114043802,False
TF-IDF dot product,2,Demon Hunter,I Am You,metal,R. Kelly,Rise Up,r&b/soul,181.50496017692151,False
TF-IDF dot product,1,Demon Hunter,The Science Of Lies,metal,Lauryn Hill,Interlude 5,r&b/soul,205.91065406809696,False
TF-IDF dot product,2,Demon Hunter,The Science Of Lies,metal,Ja Rule,One of Us,hip hop,187.0999653784974,False
TF-IDF dot product,1,Ozzy Osbourne,Slow Down,metal,Beastie Boys,B-Boy Bouillabaisse: A.W.O.L. (2009 Digital Remaster),hip hop,201.89148178691076,False
TF-IDF dot product,2,Ozzy Osbourne,Slow Down,metal,OutKast,Mainstream,hip hop,192.34953440992,False
TF-IDF dot product,1,Ozzy Osbourne,Steal Away (The Night),metal,The Brand New Heavies,Last to Know,jazz,124.73269276771089,False
TF-IDF dot product,2,Ozzy Osbourne,Steal Away (The Night),metal,Beastie Boys,B-Boy Bouillabaisse: A.W.O.L. (2009 Digital Remaster),hip hop,114.76603991181723,False
TF-IDF dot product,1,Megadeth,Black Curtains (2004 Digital Remaster),metal,Beastie Boys,B-Boy Bouillabaisse: A.W.O.L. (2009 Digital Remaster),hip hop,121.57927069057025,False
TF-IDF dot product,2,Megadeth,Black Curtains (2004 Digital Remaster),metal,Jeru The Damaja,Me Or The Papes,hip hop,116.27247413646536,False
TF-IDF dot product,1,Megadeth,Die Dead Enough,metal,Onyx,Face Down,hip hop,228.29648699286105,False
TF-IDF dot product,2,Megadeth,Die Dead Enough,metal,Twista,Overdose (Album Version),hip hop,213.4455956985688,False
TF-IDF dot product,1,Drowning Pool,Bodies,metal,Will Smith,Switch,hip hop,243.25381019761463,False
TF-IDF dot product,2,Drowning Pool,Bodies,metal,Marques Houston,Naked,r&b/soul,227.42104463046087,False
TF-IDF dot product,1,Cannibal Corpse,Rotting Head,metal,Beastie Boys,B-Boy Bouillabaisse: A.W.O.L. (2009 Digital Remaster),hip hop,117.36857663018212,False
TF-IDF dot product,2,Cannibal Corpse,Rotting Head,metal,Insane Clown Posse,Piggy Pie,hip hop,105.85456313600265,False
TF-IDF dot product,1,Slipknot,Gehenna,metal,Jill Scott,Brotha,r&b/soul,349.9894177687306,False
TF-IDF dot product,2,Slipknot,Gehenna,metal,Lyfe Jennings,She Got Kids,r&b/soul,347.0706694889686,False
TF-IDF dot product,1,Slipknot,[sic] [Explicit],metal,Twista,Overdose (Album Version),hip hop,273.010243954634,False
TF-IDF dot product,2,Slipknot,[sic] [Explicit],metal,Twiztid,She Ain't Afraid,hip hop,260.3357690992651,False
TF-IDF dot product,1,Nine Inch Nails,Gunshots by Computer,metal,Lauryn Hill,Interlude 5,r&b/soul,182.84553145749052,False
TF-IDF dot product,2,Nine Inch Nails,Gunshots by Computer,metal,Afroman,Let's All Get Drunk,hip hop,170.9585932218781,False
TF-IDF dot product,1,Killswitch Engage,Hope Is... (Album Version),metal,R. Kelly,Rise Up,r&b/soul,130.47799805605803,False
TF-IDF dot product,2,Killswitch Engage,Hope Is... (Album Version),metal,Jamiroquai,(Don't) Give Hate A Chance,r&b/soul,108.73001663245435,False
TF-IDF dot product,1,Opeth,The Moor,metal,Beastie Boys,B-Boy Bouillabaisse: A.W.O.L. (2009 Digital Remaster),hip hop,181.2719857152588,False
TF-IDF dot product,2,Opeth,The Moor,metal,Lauryn Hill,Interlude 5,r&b/soul,157.56970076130088,False
TF-IDF dot product,1,Atreyu,This Flesh A Tomb (Instrumental Version),metal,Eminem,8 Mile,hip hop,219.34325658449964,False
TF-IDF dot product,2,Atreyu,This Flesh A Tomb (Instrumental Version),metal,Lauryn Hill,Interlude 5,r&b/soul,201.03289568313858,False
TF-IDF dot product,1,For Today,A Higher Standard,metal,Ja Rule,One of Us,hip hop,148.74866210284603,False
TF-IDF dot product,2,For Today,A Higher Standard,metal,Beastie Boys,B-Boy Bouillabaisse: A.W.O.L. (2009 Digital Remaster),hip hop,147.7393290990431,False
TF-IDF dot product,1,For Today,Redemption,metal,Lauryn Hill,Interlude 5,r&b/soul,102.87494246908408,False
TF-IDF dot product,2,For Today,Redemption,metal,Twista,Overdose (Album Version),hip hop,92.50766248326603,False
TF-IDF dot product,1,Lamb Of God,We Die Alone (Bonus Track),metal,Savatage,The Hourglass,metal,133.7074461738904,True
TF-IDF dot product,2,Lamb Of God,We Die Alone (Bonus Track),metal,Beastie Boys,B-Boy Bouillabaisse: A.W.O.L. (2009 Digital Remaster),hip hop,128.70078387794342,False
TF-IDF dot product,1,STRATOVARIUS,Elements,metal,Moonsorrow,Tuleen Ajettu Maa,metal,169.8514266092605,True
TF-IDF dot product,2,STRATOVARIUS,Elements,metal,Joni Mitchell,Paprika Plains  (Remix),folk,146.81290852349346,False
TF-IDF dot product,1,STRATOVARIUS,Know The Difference,metal,Lauryn Hill,Interlude 5,r&b/soul,178.47205509578245,False
TF-IDF dot product,2,STRATOVARIUS,Know The Difference,metal,Conjure One,One Word,electronic,131.8241637791693,False
TF-IDF dot product,1,System of a Down,Peephole,metal,Marvin Sease,Stuck In The Middle,blues,185.4966308559197,False
TF-IDF dot product,2,System of a Down,Peephole,metal,Saliva,Bleed For Me,rock,154.24238485840684,False
TF-IDF dot product,1,Children Of Bodom,Hellhounds on My Trail,metal,Lauryn Hill,Interlude 5,r&b/soul,347.23060202146206,False
TF-IDF dot product,2,Children Of Bodom,Hellhounds on My Trail,metal,Beastie Boys,B-Boy Bouillabaisse: A.W.O.L. (2009 Digital Remaster),hip hop,268.27306202338156,False
TF-IDF dot product,1,Children Of Bodom,No Commands,metal,Lauryn Hill,Interlude 5,r&b/soul,201.4593257037503,False
TF-IDF dot product,2,Children Of Bodom,No Commands,metal,Beastie Boys,B-Boy Bouillabaisse: A.W.O.L. (2009 Digital Remaster),hip hop,151.47726491240923,False
TF-IDF dot product,1,Tori Amos,Mother (2006 Remastered Alternate Mix),metal,Lauryn Hill,Interlude 5,r&b/soul,274.76296982346605,False
TF-IDF dot product,2,Tori Amos,Mother (2006 Remastered Alternate Mix),metal,Beastie Boys,B-Boy Bouillabaisse: A.W.O.L. (2009 Digital Remaster),hip hop,247.34040894658474,False
TF-IDF dot product,1,Iron Maiden,Lord Of The Flies (Live In Dortmund),metal,Lauryn Hill,Oh Jerusalem,r&b/soul,184.96323021155504,False
TF-IDF dot product,2,Iron Maiden,Lord Of The Flies (Live In Dortmund),metal,Lauryn Hill,Interlude 5,r&b/soul,180.36894634035306,False
TF-IDF dot product,1,Iron Maiden,Phantom Of The Opera (Live) (1998 Digital Remaster),metal,Onyx,Slam Harder,hip hop,164.3431252988251,False
TF-IDF dot product,2,Iron Maiden,Phantom Of The Opera (Live) (1998 Digital Remaster),metal,Onyx,Slam,hip hop,164.3431252988251,False
TF-IDF dot product,1,Ill Niño,Re-Birth,metal,Lauryn Hill,Interlude 5,r&b/soul,282.301772237736,False
TF-IDF dot product,2,Ill Niño,Re-Birth,metal,Beastie Boys,B-Boy Bouillabaisse: A.W.O.L. (2009 Digital Remaster),hip hop,228.03162946677256,False
TF-IDF dot product,1,Kamelot,This Pain,metal,Lauryn Hill,Interlude 5,r&b/soul,159.08222087003665,False
TF-IDF dot product,2,Kamelot,This Pain,metal,Twista,Overdose (Album Version),hip hop,155.63689624947816,False
TF-IDF dot product,1,Michael Jackson,You Are Not Alone,pop,Lauryn Hill,Interlude 5,r&b/soul,236.08213408875218,False
TF-IDF dot product,2,Michael Jackson,You Are Not Alone,pop,Nivea,So Far,r&b/soul,221.13312001221848,False
TF-IDF dot product,1,Michael Jackson,Baby Be Mine,pop,Ryan Leslie,Just Right,r&b/soul,217.66494315247542,False
TF-IDF dot product,2,Michael Jackson,Baby Be Mine,pop,Beastie Boys,B-Boy Bouillabaisse: A.W.O.L. (2009 Digital Remaster),hip hop,210.8650615884547,False
TF-IDF dot product,1,Michael Jackson,Man In The Mirror,pop,Lauryn Hill,Interlude 5,r&b/soul,586.4028698272314,False
TF-IDF dot product,2,Michael Jackson,Man In The Mirror,pop,Nelly,Say Now,hip hop,537.6366216256878,False
TF-IDF dot product,1,Michael Jackson,Why You Wanna Trip On Me,pop,Lauryn Hill,Interlude 5,r&b/soul,291.9243734267072,False
TF-IDF dot product,2,Michael Jackson,Why You Wanna Trip On Me,pop,Beastie Boys,B-Boy Bouillabaisse: A.W.O.L. (2009 Digital Remaster),hip hop,190.831265639159,False
TF-IDF dot product,1,Ke$ha,TiK ToK,pop,Lauryn Hill,Interlude 5,r&b/soul,326.08827992462466,False
TF-IDF dot product,2,Ke$ha,TiK ToK,pop,Beastie Boys,B-Boy Bouillabaisse: A.W.O.L. (2009 Digital Remaster),hip hop,311.4759360375377,False
TF-IDF dot product,1,Maroon 5,Nothing Lasts Forever,pop,Lauryn Hill,Interlude 5,r&b/soul,290.7282049674188,False
TF-IDF dot product,2,Maroon 5,Nothing Lasts Forever,pop,Beastie Boys,B-Boy Bouillabaisse: A.W.O.L. (2009 Digital Remaster),hip hop,285.7694297828769,False
TF-IDF dot product,1,Enrique Iglesias,Roamer,pop,Beastie Boys,B-Boy Bouillabaisse: A.W.O.L. (2009 Digital Remaster),hip hop,312.51579873589634,False
TF-IDF dot product,2,Enrique Iglesias,Roamer,pop,Eminem,8 Mile,hip hop,283.36993896432426,False
TF-IDF dot product,1,Jason Mraz,Live High (Album Version),pop,Beastie Boys,B-Boy Bouillabaisse: A.W.O.L. (2009 Digital Remaster),hip hop,264.51452010204804,False
TF-IDF dot product,2,Jason Mraz,Live High (Album Version),pop,Lauryn Hill,Interlude 5,r&b/soul,211.20113725431244,False
TF-IDF dot product,1,Mariah Carey,Did I Do That?,pop,Lauryn Hill,Interlude 5,r&b/soul,384.24041647492555,False
TF-IDF dot product,2,Mariah Carey,Did I Do That?,pop,Beastie Boys,B-Boy Bouillabaisse: A.W.O.L. (2009 Digital Remaster),hip hop,332.80538277238173,False
TF-IDF dot product,1,Mariah Carey,I'll Be There,pop,RyanDan,I'll Be There,classical,227.44109683580837,False
TF-IDF dot product,2,Mariah Carey,I'll Be There,pop,Beastie Boys,B-Boy Bouillabaisse: A.W.O.L. (2009 Digital Remaster),hip hop,184.56002881181226,False
TF-IDF dot product,1,Natasha Bedingfield,I Think They're Thinking - Interlude,pop,Lauryn Hill,Interlude 5,r&b/soul,92.28922178177794,False
TF-IDF dot product,2,Natasha Bedingfield,I Think They're Thinking - Interlude,pop,Hollywood Undead,Undead,hip hop,75.11352783455268,False
TF-IDF dot product,1,Natasha Bedingfield,Silent Movie,pop,Lauryn Hill,Interlude 5,r&b/soul,251.65677526475622,False
TF-IDF dot product,2,Natasha Bedingfield,Silent Movie,pop,Beastie Boys,B-Boy Bouillabaisse: A.W.O.L. (2009 Digital Remaster),hip hop,244.68023441418583,False
TF-IDF dot product,1,Natasha Bedingfield,Stumble,pop,Lauryn Hill,Interlude 5,r&b/soul,262.7615920329205,False
TF-IDF dot product,2,Natasha Bedingfield,Stumble,pop,Beastie Boys,B-Boy Bouillabaisse: A.W.O.L. (2009 Digital Remaster),hip hop,240.79425961156176,False
TF-IDF dot product,1,Enrique Iglesias,Heroe,pop,Ja Rule,One of Us,hip hop,188.17176597287207,False
TF-IDF dot product,2,Enrique Iglesias,Heroe,pop,Afroman,Let's All Get Drunk,hip hop,180.33718681938385,False
TF-IDF dot product,1,Enrique Iglesias,Little Girl,pop,Ja Rule,One of Us,hip hop,176.46327781276196,False
TF-IDF dot product,2,Enrique Iglesias,Little Girl,pop,Afroman,Let's All Get Drunk,hip hop,160.9388904123069,False
TF-IDF dot product,1,Enrique Iglesias,Ruleta Rusa,pop,Violadores del Verso,Cantando,hip hop,668.2403620902737,False
TF-IDF dot product,2,Enrique Iglesias,Ruleta Rusa,pop,Violadores del Verso,Dale tiempo al rumor,hip hop,652.3646701577759,False
TF-IDF dot product,1,Enrique Iglesias,Contigo,pop,Violadores del Verso,Dale tiempo al rumor,hip hop,801.0532314885153,False
TF-IDF dot product,2,Enrique Iglesias,Contigo,pop,Violadores del Verso,Cantando,hip hop,696.2476006776737,False
TF-IDF dot product,1,Shakira,Años Luz,pop,Violadores del Verso,Cantando,hip hop,600.008141144653,False
TF-IDF dot product,2,Shakira,Años Luz,pop,Violadores del Verso,Dale tiempo al rumor,hip hop,556.1888153416518,False
TF-IDF dot product,1,Sara Bareilles,Love Song,pop,Lauryn Hill,Interlude 5,r&b/soul,299.8359306221931,False
TF-IDF dot product,2,Sara Bareilles,Love Song,pop,Beastie Boys,B-Boy Bouillabaisse: A.W.O.L. (2009 Digital Remaster),hip hop,277.09797888268736,False
TF-IDF dot product,1,Christina Aguilera,Candyman,pop,KMD,Plumskinzz (Loose Hoe_ God & Cupid),hip hop,315.44831535705583,False
TF-IDF dot product,2,Christina Aguilera,Candyman,pop,The Chi-Lites,Have You Seen Her,r&b/soul,308.0908538494562,False
TF-IDF dot product,1,Selena Gomez & The Scene,Tell Me Something I Don't Know,pop,Lauryn Hill,Interlude 5,r&b/soul,309.61597322077836,False
TF-IDF dot product,2,Selena Gomez & The Scene,Tell Me Something I Don't Know,pop,Eminem,8 Mile,hip hop,226.02549645459183,False
TF-IDF dot product,1,Kelly Clarkson,Cry,pop,Lauryn Hill,Interlude 5,r&b/soul,378.74963254423466,False
TF-IDF dot product,2,Kelly Clarkson,Cry,pop,Eminem,My Darling,hip hop,324.38935477348195,False
TF-IDF dot product,1,Céline Dion,Zora sourit,pop,Sniper,Panam All Star,hip hop,723.0766972003081,False
TF-IDF dot product,2,Céline Dion,Zora sourit,pop,Fonky Family,L'Amour Du Risque,hip hop,693.8899196810887,False
TF-IDF dot product,1,Newsboys,Dance,pop,Lauryn Hill,Interlude 5,r&b/soul,243.9648575782353,False
TF-IDF dot product,2,Newsboys,Dance,pop,Eminem,My Darling,hip hop,203.6779977357819,False
TF-IDF dot product,1,Céline Dion,Partout Je Vois,pop,Fonky Family,Sans Rémission,hip hop,928.0916745958764,False
TF-IDF dot product,2,Céline Dion,Partout Je Vois,pop,Sniper,Panam All Star,hip hop,908.6992074073186,False
TF-IDF dot product,1,Kelly Clarkson,Anytime,pop,Lauryn Hill,Interlude 5,r&b/soul,250.12274416588377,False
TF-IDF dot product,2,Kelly Clarkson,Anytime,pop,Danity Kane,Hold Me Down (Album Version),r&b/soul,208.62469056949337,False
TF-IDF dot product,1,Edward Sharpe & The Magnetic Zeros,Simplest Love,pop,Billy Paul,Your Song,r&b/soul,65.6248354526677,False
TF-IDF dot product,2,Edward Sharpe & The Magnetic Zeros,Simplest Love,pop,Atmosphere,Hair,hip hop,63.786097623832944,False
TF-IDF dot product,1,Colbie Caillat,Midnight Bottle,pop,Lauryn Hill,Interlude 5,r&b/soul,254.92353854758028,False
TF-IDF dot product,2,Colbie Caillat,Midnight Bottle,pop,Afroman,Let's All Get Drunk,hip hop,210.8185251092331,False
TF-IDF dot product,1,Britney Spears,Let Me Be,pop,Eminem,8 Mile,hip hop,294.11219380869045,False
TF-IDF dot product,2,Britney Spears,Let Me Be,pop,Lauryn Hill,Interlude 5,r&b/soul,250.806626482096,False
TF-IDF dot product,1,Annie Lennox,Big Sky,pop,Lauryn Hill,Interlude 5,r&b/soul,190.13654415370075,False
TF-IDF dot product,2,Annie Lennox,Big Sky,pop,Beastie Boys,B-Boy Bouillabaisse: A.W.O.L. (2009 Digital Remaster),hip hop,169.81797246207682,False
TF-IDF dot product,1,Whitney Houston,Thinking About You,pop,Mos Def,The Easy Spell,hip hop,366.80845538835473,False
TF-IDF dot product,2,Whitney Houston,Thinking About You,pop,Kurupt,It Ain't About You,hip hop,311.87365466818505,False
TF-IDF dot product,1,Phil Collins,A Groovy Kind Of Love (Live),pop,Michael Jackson,Man In The Mirror,pop,171.47576468691022,True
TF-IDF dot product,2,Phil Collins,A Groovy Kind Of Love (Live),pop,Anastacia,Club Megamix,rock,117.00767284120255,False
TF-IDF dot product,1,Beyoncé,That's Why You're Beautiful,pop,Lauryn Hill,Interlude 5,r&b/soul,174.38669520204442,False
TF-IDF dot product,2,Beyoncé,That's Why You're Beautiful,pop,Michael Jackson,Man In The Mirror,pop,142.41337238305343,True
TF-IDF dot product,1,Whitney Houston,Step By Step,pop,Eminem,8 Mile,hip hop,303.8349686625635,False
TF-IDF dot product,2,Whitney Houston,Step By Step,pop,Organized Konfusion,Soundman,r&b/soul,263.04887261121536,False
TF-IDF dot product,1,Britney Spears,Piece Of Me (Main Version),pop,DMX,Bring Your Whole Crew,hip hop,233.9140304128001,False
TF-IDF dot product,2,Britney Spears,Piece Of Me (Main Version),pop,Twista,Overdose (Album Version),hip hop,230.41227727611397,False
TF-IDF dot product,1,Britney Spears,Can't Make You Love Me,pop,Lauryn Hill,Interlude 5,r&b/soul,293.6541265205658,False
TF-IDF dot product,2,Britney Spears,Can't Make You Love Me,pop,Beastie Boys,B-Boy Bouillabaisse: A.W.O.L. (2009 Digital Remaster),hip hop,267.2543894882444,False
TF-IDF dot product,1,Britney Spears,Girl In The Mirror,pop,Lauryn Hill,Interlude 5,r&b/soul,211.63835685046743,False
TF-IDF dot product,2,Britney Spears,Girl In The Mirror,pop,Twiztid,She Ain't Afraid,hip hop,191.84453619508665,False
TF-IDF dot product,1,Britney Spears,Radar,pop,Beastie Boys,B-Boy Bouillabaisse: A.W.O.L. (2009 Digital Remaster),hip hop,299.99590780988734,False
TF-IDF dot product,2,Britney Spears,Radar,pop,Lauryn Hill,Interlude 5,r&b/soul,276.40020795746506,False
TF-IDF dot product,1,Britney Spears,When Your Eyes Say It,pop,Lauryn Hill,Interlude 5,r&b/soul,191.14545713494743,False
TF-IDF dot product,2,Britney Spears,When Your Eyes Say It,pop,Beastie Boys,B-Boy Bouillabaisse: A.W.O.L. (2009 Digital Remaster),hip hop,177.90665097114294,False
TF-IDF dot product,1,Depeche Mode,Precious (Live In Milan),pop,Lauryn Hill,Interlude 5,r&b/soul,216.6830564760307,False
TF-IDF dot product,2,Depeche Mode,Precious (Live In Milan),pop,Savatage,The Hourglass,metal,165.75966592273386,False
TF-IDF dot product,1,Crystal Castles,Insectica,punk,Beastie Boys,B-Boy Bouillabaisse: A.W.O.L. (2009 Digital Remaster),hip hop,95.57797345688864,False
TF-IDF dot product,2,Crystal Castles,Insectica,punk,Snow Patrol,The Lightning Strike,rock,84.30799061321994,False
TF-IDF dot product,1,Motion City Soundtrack,Cambridge (Album Version),punk,Binary Star,Masters Of The Universe,hip hop,123.4363264769134,False
TF-IDF dot product,2,Motion City Soundtrack,Cambridge (Album Version),punk,Beastie Boys,B-Boy Bouillabaisse: A.W.O.L. (2009 Digital Remaster),hip hop,120.4799963760842,False
TF-IDF dot product,1,Motion City Soundtrack,Disappear,punk,Lauryn Hill,Interlude 5,r&b/soul,158.88483812616454,False
TF-IDF dot product,2,Motion City Soundtrack,Disappear,punk,Murs,The Dance,hip hop,131.08391374695435,False
TF-IDF dot product,1,Motion City Soundtrack,Fell in Love Without You (Cd),punk,Beastie Boys,B-Boy Bouillabaisse: A.W.O.L. (2009 Digital Remaster),hip hop,131.03081555946588,False
TF-IDF dot product,2,Motion City Soundtrack,Fell in Love Without You (Cd),punk,Binary Star,Indy 500,hip hop,118.12957204294074,False
TF-IDF dot product,1,Motion City Soundtrack,Point Of Extinction (Cd),punk,Lauryn Hill,Interlude 5,r&b/soul,239.1907823592908,False
TF-IDF dot product,2,Motion City Soundtrack,Point Of Extinction (Cd),punk,Eminem,If I Had,hip hop,227.0593960197238,False
TF-IDF dot product,1,Motion City Soundtrack,Stand Too Close,punk,Binary Star,Indy 500,hip hop,220.29688290682634,False
TF-IDF dot product,2,Motion City Soundtrack,Stand Too Close,punk,Lauryn Hill,Interlude 5,r&b/soul,214.08117752126142,False
TF-IDF dot product,1,Motion City Soundtrack,Worker Bee,punk,Beastie Boys,B-Boy Bouillabaisse: A.W.O.L. (2009 Digital Remaster),hip hop,173.27470226809015,False
TF-IDF dot product,2,Motion City Soundtrack,Worker Bee,punk,Binary Star,Indy 500,hip hop,128.74203693249993,False
TF-IDF dot product,1,Interpol,Mind Over Time,punk,Beastie Boys,B-Boy Bouillabaisse: A.W.O.L. (2009 Digital Remaster),hip hop,90.77168671334528,False
TF-IDF dot product,2,Interpol,Mind Over Time,punk,Tree63,All Over The World,rock,90.58444794026383,False
TF-IDF dot product,1,The Clash,I Fought The Law,punk,Tyrese,All Ghetto Girl,r&b/soul,91.80289362912924,False
TF-IDF dot product,2,The Clash,I Fought The Law,punk,Kurupt,It Ain't About You,hip hop,78.19535479927764,False
TF-IDF dot product,1,The Clash,The Magnificent Seven,punk,Lauryn Hill,Interlude 5,r&b/soul,397.03261961266116,False
TF-IDF dot product,2,The Clash,The Magnificent Seven,punk,Beastie Boys,B-Boy Bouillabaisse: A.W.O.L. (2009 Digital Remaster),hip hop,360.3548180644584,False
TF-IDF dot product,1,Yellowcard,Believe,punk,Lauryn Hill,Interlude 5,r&b/soul,391.8499983367552,False
TF-IDF dot product,2,Yellowcard,Believe,punk,Ledisi,Alright,r&b/soul,327.3321082832427,False
TF-IDF dot product,1,Yellowcard,Empty Apartment,punk,Lauryn Hill,Interlude 5,r&b/soul,224.25634628859103,False
TF-IDF dot product,2,Yellowcard,Empty Apartment,punk,Eminem,8 Mile,hip hop,175.67340910775178,False
TF-IDF dot product,1,Rise Against,But Tonight We Dance,punk,Afroman,Let's All Get Drunk,hip hop,179.84974683009415,False
TF-IDF dot product,2,Rise Against,But Tonight We Dance,punk,Savatage,The Hourglass,metal,169.05652245383982,False
TF-IDF dot product,1,Rise Against,Faint Resemblance,punk,Lauryn Hill,Interlude 5,r&b/soul,194.63782865315298,False
TF-IDF dot product,2,Rise Against,Faint Resemblance,punk,Eminem,8 Mile,hip hop,139.33465011074293,False
TF-IDF dot product,1,Rise Against,Survive,punk,Eminem,8 Mile,hip hop,263.55743748582086,False
TF-IDF dot product,2,Rise Against,Survive,punk,Lauryn Hill,Interlude 5,r&b/soul,213.4640349865858,False
TF-IDF dot product,1,Rise Against,The Dirt Whispered,punk,Ja Rule,One of Us,hip hop,207.83550046166116,False
TF-IDF dot product,2,Rise Against,The Dirt Whispered,punk,Dar Williams,Mortal City,folk,206.70075354589002,False
TF-IDF dot product,1,The Offspring,Get It Right (Album Version),punk,Beastie Boys,B-Boy Bouillabaisse: A.W.O.L. (2009 Digital Remaster),hip hop,221.65290079941795,False
TF-IDF dot product,2,The Offspring,Get It Right (Album Version),punk,Lauryn Hill,Interlude 5,r&b/soul,211.81107830949702,False
TF-IDF dot product,1,The Offspring,Want You Bad,punk,Lauryn Hill,Interlude 5,r&b/soul,163.73942493126978,False
TF-IDF dot product,2,The Offspring,Want You Bad,punk,Beastie Boys,B-Boy Bouillabaisse: A.W.O.L. (2009 Digital Remaster),hip hop,156.86181840672552,False
TF-IDF dot product,1,The Offspring,Staring At The Sun,punk,Beastie Boys,B-Boy Bouillabaisse: A.W.O.L. (2009 Digital Remaster),hip hop,255.0632273220033,False
TF-IDF dot product,2,The Offspring,Staring At The Sun,punk,Recoil,Curse,electronic,203.13890200925994,False
TF-IDF dot product,1,Bad Religion,Operation Rescue,punk,Lauryn Hill,Interlude 5,r&b/soul,201.6056465926667,False
TF-IDF dot product,2,Bad Religion,Operation Rescue,punk,Recoil,Curse,electronic,148.29847680314688,False
TF-IDF dot product,1,Silverstein,When Broken Is Easily Fixed (Album Version),punk,Recoil,Curse,electronic,143.6090047042941,False
TF-IDF dot product,2,Silverstein,When Broken Is Easily Fixed (Album Version),punk,Eminem,My Darling,hip hop,140.51368817306715,False
TF-IDF dot product,1,The Cure,Want,punk,Tricky,Tricky Versus Lynx (Live),hip hop,130.40612011296065,False
TF-IDF dot product,2,The Cure,Want,punk,Ludacris,Ho,hip hop,120.84003396748636,False
TF-IDF dot product,1,Hey Monday,Josey,punk,Beastie Boys,B-Boy Bouillabaisse: A.W.O.L. (2009 Digital Remaster),hip hop,230.62804737594203,False
TF-IDF dot product,2,Hey Monday,Josey,punk,Twista,Overdose (Album Version),hip hop,203.36609830047507,False
TF-IDF dot product,1,The Clash,1-2 Crush On You,punk,Lauryn Hill,Interlude 5,r&b/soul,238.91918364462452,False
TF-IDF dot product,2,The Clash,1-2 Crush On You,punk,Michael Jackson,Man In The Mirror,pop,234.4887196479823,False
TF-IDF dot product,1,The Clash,Brand New Cadillac,punk,Jeru The Damaja,Me Or The Papes,hip hop,168.27043734263512,False
TF-IDF dot product,2,The Clash,Brand New Cadillac,punk,Kurupt,It Ain't About You,hip hop,161.17954229758627,False
TF-IDF dot product,1,The Clash,Cool Confusion,punk,Beastie Boys,B-Boy Bouillabaisse: A.W.O.L. (2009 Digital Remaster),hip hop,247.3833343342871,False
TF-IDF dot product,2,The Clash,Cool Confusion,punk,Big Brovaz,Find A Way,hip hop,234.08447451596734,False
TF-IDF dot product,1,The Clash,First Night Back In London,punk,Beastie Boys,B-Boy Bouillabaisse: A.W.O.L. (2009 Digital Remaster),hip hop,197.7473186679395,False
TF-IDF dot product,2,The Clash,First Night Back In London,punk,Lauryn Hill,Interlude 5,r&b/soul,170.373057119797,False
TF-IDF dot product,1,The Clash,Inoculated City,punk,Beastie Boys,B-Boy Bouillabaisse: A.W.O.L. (2009 Digital Remaster),hip hop,136.0030266515662,False
TF-IDF dot product,2,The Clash,Inoculated City,punk,Pain of Salvation,Spitfall,metal,133.15857044568102,False
TF-IDF dot product,1,The Clash,Lost In The Supermarket,punk,Lauryn Hill,Interlude 5,r&b/soul,185.11568907851617,False
TF-IDF dot product,2,The Clash,Lost In The Supermarket,punk,Snoop Dogg,Snoopafella (Edited),hip hop,151.56331249937404,False
TF-IDF dot product,1,The Clash,Overpowered By Funk,punk,Fatboy Slim,The Rockafeller Skank,electronic,297.1762779879203,False
TF-IDF dot product,2,The Clash,Overpowered By Funk,punk,Cameo,Funk Funk,r&b/soul,271.7671766506446,False
TF-IDF dot product,1,Bad Religion,Automatic Man (Album Version),punk,Beastie Boys,B-Boy Bouillabaisse: A.W.O.L. (2009 Digital Remaster),hip hop,205.4675657599785,False
TF-IDF dot product,2,Bad Religion,Automatic Man (Album Version),punk,Lauryn Hill,Interlude 5,r&b/soul,166.33454906550813,False
TF-IDF dot product,1,Bad Religion,Chimaera (Album Version),punk,Lauryn Hill,Interlude 5,r&b/soul,207.49837305304638,False
TF-IDF dot product,2,Bad Religion,Chimaera (Album Version),punk,Beastie Boys,B-Boy Bouillabaisse: A.W.O.L. (2009 Digital Remaster),hip hop,173.88523636998087,False
TF-IDF dot product,1,Bad Religion,Damned to Be Free (Album Version),punk,Lauryn Hill,Interlude 5,r&b/soul,181.53702601040106,False
TF-IDF dot product,2,Bad Religion,Damned to Be Free (Album Version),punk,Recoil,Curse,electronic,159.75905417230697,False
TF-IDF dot product,1,Bad Religion,Get Off,punk,Lauryn Hill,Interlude 5,r&b/soul,148.034006403279,False
TF-IDF dot product,2,Bad Religion,Get Off,punk,Beastie Boys,B-Boy Bouillabaisse: A.W.O.L. (2009 Digital Remaster),hip hop,146.7436251947388,False
TF-IDF dot product,1,Funeral For A Friend,Juneau,punk,Eminem,My Darling,hip hop,124.11536247840147,False
TF-IDF dot product,2,Funeral For A Friend,Juneau,punk,Recoil,Curse,electronic,121.91175868818162,False
TF-IDF dot product,1,Wire,Another The letter,punk,Suicidal Tendencies,Where's The Truth,metal,106.21249872157297,False
TF-IDF dot product,2,Wire,Another The letter,punk,Beastie Boys,B-Boy Bouillabaisse: A.W.O.L. (2009 Digital Remaster),hip hop,93.40809975851506,False
TF-IDF dot product,1,Wire,Strange,punk,Beastie Boys,B-Boy Bouillabaisse: A.W.O.L. (2009 Digital Remaster),hip hop,105.26960770885199,False
TF-IDF dot product,2,Wire,Strange,punk,The Corrs,Queen Of Hollywood ( LP Version ),pop,98.3882423947859,False
TF-IDF dot product,1,The Wonder Years,Dude_ What Is a Land Pirate?,punk,Lauryn Hill,Interlude 5,r&b/soul,243.45826175082604,False
TF-IDF dot product,2,The Wonder Years,Dude_ What Is a Land Pirate?,punk,Twiztid,She Ain't Afraid,hip hop,196.1977079880567,False
TF-IDF dot product,1,Dashboard Confessional,Again I Go Unnoticed,punk,Beastie Boys,B-Boy Bouillabaisse: A.W.O.L. (2009 Digital Remaster),hip hop,194.96353205050494,False
TF-IDF dot product,2,Dashboard Confessional,Again I Go Unnoticed,punk,Recoil,Curse,electronic,169.65868381633018,False
TF-IDF dot product,1,Dashboard Confessional,Carry This Picture,punk,Binary Star,Honest Expression,hip hop,145.87346592503204,False
TF-IDF dot product,2,Dashboard Confessional,Carry This Picture,punk,Kanye West,Diamonds From Sierra Leone,hip hop,141.65722887248452,False
TF-IDF dot product,1,Usher,U R The One,r&b/soul,Prince,I Love U In Me ( LP Version),r&b/soul,428.61138342910556,True
TF-IDF dot product,2,Usher,U R The One,r&b/soul,N-Dubz,Feva Las Vegas,reggae,334.33561133840675,False
TF-IDF dot product,1,Chris Brown,Ain't No Way (You Won't Love Me),r&b/soul,Lauryn Hill,Interlude 5,r&b/soul,369.96547144721836,True
TF-IDF dot product,2,Chris Brown,Ain't No Way (You Won't Love Me),r&b/soul,Beastie Boys,B-Boy Bouillabaisse: A.W.O.L. (2009 Digital Remaster),hip hop,317.00441674052934,False
TF-IDF dot product,1,Usher,Nice & Slow,r&b/soul,Beastie Boys,B-Boy Bouillabaisse: A.W.O.L. (2009 Digital Remaster),hip hop,340.3842602982796,False
TF-IDF dot product,2,Usher,Nice & Slow,r&b/soul,Eminem,8 Mile,hip hop,338.10726932174964,False
TF-IDF dot product,1,Usher,Roni,r&b/soul,Lauryn Hill,Interlude 5,r&b/soul,274.51638997164747,True
TF-IDF dot product,2,Usher,Roni,r&b/soul,Atmosphere,Hair,hip hop,254.27395602604324,False
TF-IDF dot product,1,Chris Brown,Damage,r&b/soul,Lauryn Hill,Interlude 5,r&b/soul,385.9815181368234,True
TF-IDF dot product,2,Chris Brown,Damage,r&b/soul,Beastie Boys,B-Boy Bouillabaisse: A.W.O.L. (2009 Digital Remaster),hip hop,350.0188097333116,False
TF-IDF dot product,1,Chris Brown,Gotta Be Ur Man,r&b/soul,Beastie Boys,B-Boy Bouillabaisse: A.W.O.L. (2009 Digital Remaster),hip hop,283.4737330478692,False
TF-IDF dot product,2,Chris Brown,Gotta Be Ur Man,r&b/soul,Lauryn Hill,Interlude 5,r&b/soul,281.7471775929743,True
TF-IDF dot product,1,Akon,Birthmark,r&b/soul,Lauryn Hill,Interlude 5,r&b/soul,397.5830233429393,True
TF-IDF dot product,2,Akon,Birthmark,r&b/soul,Murs,The Dance,hip hop,306.1772474085768,False
TF-IDF dot product,1,R. Kelly,Don't You Say No,r&b/soul,Lauryn Hill,Interlude 5,r&b/soul,306.4194159885708,True
TF-IDF dot product,2,R. Kelly,Don't You Say No,r&b/soul,Beastie Boys,B-Boy Bouillabaisse: A.W.O.L. (2009 Digital Remaster),hip hop,298.07740520844663,False
TF-IDF dot product,1,R. Kelly,Kickin' It With Your Girlfriend,r&b/soul,Lauryn Hill,Interlude 5,r&b/soul,558.7945561456543,True
TF-IDF dot product,2,R. Kelly,Kickin' It With Your Girlfriend,r&b/soul,Beastie Boys,B-Boy Bouillabaisse: A.W.O.L. (2009 Digital Remaster),hip hop,362.9961482926253,False
TF-IDF dot product,1,R. Kelly,Rise Up,r&b/soul,Lauryn Hill,Interlude 5,r&b/soul,373.78033599012764,True
TF-IDF dot product,2,R. Kelly,Rise Up,r&b/soul,The Simpsons,Do The Bartman,hip hop,351.8160143144079,False
TF-IDF dot product,1,Mariah Carey,Joy Ride,r&b/soul,Beastie Boys,B-Boy Bouillabaisse: A.W.O.L. (2009 Digital Remaster),hip hop,293.29429835599535,False
TF-IDF dot product,2,Mariah Carey,Joy Ride,r&b/soul,Lauryn Hill,Interlude 5,r&b/soul,290.5273899399548,True
TF-IDF dot product,1,Mariah Carey,Sprung,r&b/soul,Big Brovaz,Find A Way,hip hop,439.2249573056319,False
TF-IDF dot product,2,Mariah Carey,Sprung,r&b/soul,Fats Domino,I'm Ready,rock,399.54211696101356,False
TF-IDF dot product,1,Luther Vandross,Never Too Much,r&b/soul,Beastie Boys,B-Boy Bouillabaisse: A.W.O.L. (2009 Digital Remaster),hip hop,234.68481097526322,False
TF-IDF dot product,2,Luther Vandross,Never Too Much,r&b/soul,Lauryn Hill,Interlude 5,r&b/soul,230.02910017399276,True
TF-IDF dot product,1,R. Kelly,Chocolate Factory,r&b/soul,Prince,I Love U In Me ( LP Version),r&b/soul,403.3703576307845,True
TF-IDF dot product,2,R. Kelly,Chocolate Factory,r&b/soul,N-Dubz,Feva Las Vegas,reggae,329.48546516114715,False
TF-IDF dot product,1,R. Kelly,I Mean (I Don't Mean It),r&b/soul,Lauryn Hill,Interlude 5,r&b/soul,500.7263201223468,True
TF-IDF dot product,2,R. Kelly,I Mean (I Don't Mean It),r&b/soul,Beastie Boys,B-Boy Bouillabaisse: A.W.O.L. (2009 Digital Remaster),hip hop,411.4645120829095,False
TF-IDF dot product,1,R. Kelly,In The Kitchen,r&b/soul,Twista,Overdose (Album Version),hip hop,262.8975529492862,False
TF-IDF dot product,2,R. Kelly,In The Kitchen,r&b/soul,Beastie Boys,B-Boy Bouillabaisse: A.W.O.L. (2009 Digital Remaster),hip hop,245.18908576572403,False
TF-IDF dot product,1,Alicia Keys,Distance And Time,r&b/soul,Eminem,8 Mile,hip hop,221.79335720548386,False
TF-IDF dot product,2,Alicia Keys,Distance And Time,r&b/soul,Lauryn Hill,Interlude 5,r&b/soul,214.84260961132426,True
TF-IDF dot product,1,Alicia Keys,Lover Man,r&b/soul,Lauryn Hill,Interlude 5,r&b/soul,244.73448057198604,True
TF-IDF dot product,2,Alicia Keys,Lover Man,r&b/soul,Beastie Boys,B-Boy Bouillabaisse: A.W.O.L. (2009 Digital Remaster),hip hop,223.5557766464905,False
TF-IDF dot product,1,Alicia Keys,Nobody Not Really (Interlude),r&b/soul,Lauryn Hill,Interlude 5,r&b/soul,123.95858571012673,True
TF-IDF dot product,2,Alicia Keys,Nobody Not Really (Interlude),r&b/soul,Eminem,If I Had,hip hop,103.59041313123252,False
TF-IDF dot product,1,Alicia Keys,Piano & I,r&b/soul,Lauryn Hill,Interlude 5,r&b/soul,175.6638236803296,True
TF-IDF dot product,2,Alicia Keys,Piano & I,r&b/soul,KMD,Plumskinzz (Loose Hoe_ God & Cupid),hip hop,172.26309915696,False
TF-IDF dot product,1,Alicia Keys,Tell You Something (Nana's Reprise),r&b/soul,Lauryn Hill,Interlude 5,r&b/soul,423.35565703812625,True
TF-IDF dot product,2,Alicia Keys,Tell You Something (Nana's Reprise),r&b/soul,Anastacia,Club Megamix,rock,359.4098923965321,False
TF-IDF dot product,1,Alicia Keys,Try Sleeping With A Broken Heart,r&b/soul,Lauryn Hill,Interlude 5,r&b/soul,220.29714730429373,True
TF-IDF dot product,2,Alicia Keys,Try Sleeping With A Broken Heart,r&b/soul,Eminem,My Darling,hip hop,211.2739749849935,False
TF-IDF dot product,1,Alicia Keys,Why Do I Feel So Sad,r&b/soul,Lauryn Hill,Interlude 5,r&b/soul,265.2915059987735,True
TF-IDF dot product,2,Alicia Keys,Why Do I Feel So Sad,r&b/soul,Eminem,8 Mile,hip hop,220.84626573578134,False
TF-IDF dot product,1,Alicia Keys,Lovin U,r&b/soul,Commodores,Easy,r&b/soul,133.52164498261845,True
TF-IDF dot product,2,Alicia Keys,Lovin U,r&b/soul,Lauryn Hill,Interlude 5,r&b/soul,130.0620847146248,True
TF-IDF dot product,1,Jeremih,My Ride,r&b/soul,Beastie Boys,B-Boy Bouillabaisse: A.W.O.L. (2009 Digital Remaster),hip hop,472.2573754395757,False
TF-IDF dot product,2,Jeremih,My Ride,r&b/soul,Kurupt,Who Ride Wit Us,hip hop,376.2428814003424,False
TF-IDF dot product,1,Jeremih,Starting All Over,r&b/soul,Lauryn Hill,Interlude 5,r&b/soul,344.3650297567398,True
TF-IDF dot product,2,Jeremih,Starting All Over,r&b/soul,KMD,Plumskinzz (Loose Hoe_ God & Cupid),hip hop,297.9443199207326,False
TF-IDF dot product,1,Duffy,Oh Boy,r&b/soul,Lauryn Hill,Interlude 5,r&b/soul,180.06660045760947,True
TF-IDF dot product,2,Duffy,Oh Boy,r&b/soul,Beastie Boys,B-Boy Bouillabaisse: A.W.O.L. (2009 Digital Remaster),hip hop,152.97581986562219,False
TF-IDF dot product,1,Jay Sean,Maybe,r&b/soul,Beastie Boys,B-Boy Bouillabaisse: A.W.O.L. (2009 Digital Remaster),hip hop,261.33115732740225,False
TF-IDF dot product,2,Jay Sean,Maybe,r&b/soul,Lauryn Hill,Interlude 5,r&b/soul,242.29758877133133,True
TF-IDF dot product,1,Jay Sean,Stuck In the Middle,r&b/soul,Lauryn Hill,Interlude 5,r&b/soul,400.5723634903155,True
TF-IDF dot product,2,Jay Sean,Stuck In the Middle,r&b/soul,Beastie Boys,B-Boy Bouillabaisse: A.W.O.L. (2009 Digital Remaster),hip hop,399.5316928725318,False
TF-IDF dot product,1,Fantasia,Bump What Your Friends Say,r&b/soul,Lauryn Hill,Interlude 5,r&b/soul,284.8549163243093,True
TF-IDF dot product,2,Fantasia,Bump What Your Friends Say,r&b/soul,Beastie Boys,B-Boy Bouillabaisse: A.W.O.L. (2009 Digital Remaster),hip hop,261.3754754637549,False
TF-IDF dot product,1,Ray Charles,Smack Dab In The Middle,r&b/soul,Beastie Boys,B-Boy Bouillabaisse: A.W.O.L. (2009 Digital Remaster),hip hop,191.0755890727922,False
TF-IDF dot product,2,Ray Charles,Smack Dab In The Middle,r&b/soul,Lauryn Hill,Interlude 5,r&b/soul,167.88169343180377,True
TF-IDF dot product,1,Ray Charles,Don't You Know,r&b/soul,Beastie Boys,B-Boy Bouillabaisse: A.W.O.L. (2009 Digital Remaster),hip hop,175.57530984190328,False
TF-IDF dot product,2,Ray Charles,Don't You Know,r&b/soul,Snoop Dogg,Snoopafella (Edited),hip hop,161.83312301908308,False
TF-IDF dot product,1,Chrisette Michele,All I Ever Think About,r&b/soul,Lauryn Hill,Interlude 5,r&b/soul,364.4309352430656,True
TF-IDF dot product,2,Chrisette Michele,All I Ever Think About,r&b/soul,Binary Star,Honest Expression,hip hop,304.99525295754427,False
TF-IDF dot product,1,Jackson 5,(You Were Made) Especially For Me,r&b/soul,The Puppini Sisters,Don't Sit Under The Apple Tree,jazz,201.39091191071603,False
TF-IDF dot product,2,Jackson 5,(You Were Made) Especially For Me,r&b/soul,Newton Faulkner,Dream Catch Me,folk,196.1197568278907,False
TF-IDF dot product,1,Jackson 5,I Was Made To Love Her,r&b/soul,Lauryn Hill,Interlude 5,r&b/soul,264.89032443208595,True
TF-IDF dot product,2,Jackson 5,I Was Made To Love Her,r&b/soul,Beastie Boys,B-Boy Bouillabaisse: A.W.O.L. (2009 Digital Remaster),hip hop,194.81095633296027,False
TF-IDF dot product,1,Jackson 5,Bridge Over Troubled Water,r&b/soul,OutKast,Mainstream,hip hop,157.74497535305628,False
TF-IDF dot product,2,Jackson 5,Bridge Over Troubled Water,r&b/soul,Warren G,Keepin' It Strong,hip hop,153.88423717369182,False
TF-IDF dot product,1,Jackson 5,Goin' Back To Indiana,r&b/soul,The Simpsons,Do The Bartman,hip hop,202.89698328984426,False
TF-IDF dot product,2,Jackson 5,Goin' Back To Indiana,r&b/soul,The Isley Brothers,Touch Me,blues,182.6024182662785,False
TF-IDF dot product,1,Jackson 5,Lookin' Through The Windows,r&b/soul,Houston,Twizala,r&b/soul,212.8590071732256,True
TF-IDF dot product,2,Jackson 5,Lookin' Through The Windows,r&b/soul,Willie Nelson,Remember Me,country,195.81304171329268,False
TF-IDF dot product,1,Jackson 5,You've Changed,r&b/soul,Michael Jackson,Man In The Mirror,pop,217.13569869154784,False
TF-IDF dot product,2,Jackson 5,You've Changed,r&b/soul,Lauryn Hill,Interlude 5,r&b/soul,211.2122727253648,True
TF-IDF dot product,1,Jazmine Sullivan,Switch!,r&b/soul,Lauryn Hill,Interlude 5,r&b/soul,417.69009455444103,True
TF-IDF dot product,2,Jazmine Sullivan,Switch!,r&b/soul,The Simpsons,Do The Bartman,hip hop,312.2673011810847,False
TF-IDF dot product,1,The Police,One World (Not Three),reggae,Eminem,8 Mile,hip hop,206.93492858913154,False
TF-IDF dot product,2,The Police,One World (Not Three),reggae,Lauryn Hill,Interlude 5,r&b/soul,186.083988762961,False
TF-IDF dot product,1,Matisyahu,Close My Eyes,reggae,Beastie Boys,B-Boy Bouillabaisse: A.W.O.L. (2009 Digital Remaster),hip hop,697.3150897477747,False
TF-IDF dot product,2,Matisyahu,Close My Eyes,reggae,Lauryn Hill,Interlude 5,r&b/soul,565.0741513090494,False
TF-IDF dot product,1,Matisyahu,Exaltation,reggae,Savatage,The Hourglass,metal,210.1930806005803,False
TF-IDF dot product,2,Matisyahu,Exaltation,reggae,Ja Rule,One of Us,hip hop,179.21674968871758,False
TF-IDF dot product,1,Matisyahu,Fire and Heights,reggae,Lauryn Hill,Interlude 5,r&b/soul,379.33831093617954,False
TF-IDF dot product,2,Matisyahu,Fire and Heights,reggae,Beastie Boys,B-Boy Bouillabaisse: A.W.O.L. (2009 Digital Remaster),hip hop,370.3650595993255,False
TF-IDF dot product,1,Matisyahu,Jerusalem,reggae,Beastie Boys,B-Boy Bouillabaisse: A.W.O.L. (2009 Digital Remaster),hip hop,308.2866958581811,False
TF-IDF dot product,2,Matisyahu,Jerusalem,reggae,Lauryn Hill,Interlude 5,r&b/soul,307.91036962726685,False
TF-IDF dot product,1,Matisyahu,Warrior,reggae,Beastie Boys,B-Boy Bouillabaisse: A.W.O.L. (2009 Digital Remaster),hip hop,280.2944647522853,False
TF-IDF dot product,2,Matisyahu,Warrior,reggae,Savatage,The Hourglass,metal,202.4021668089502,False
TF-IDF dot product,1,Sublime,Don't Push,reggae,Beastie Boys,B-Boy Bouillabaisse: A.W.O.L. (2009 Digital Remaster),hip hop,570.8619740817198,False
TF-IDF dot product,2,Sublime,Don't Push,reggae,Lauryn Hill,Interlude 5,r&b/soul,466.9042370470876,False
TF-IDF dot product,1,Sublime,Pawn Shop,reggae,G-Unit,Beg For Mercy,hip hop,158.30565009285036,False
TF-IDF dot product,2,Sublime,Pawn Shop,reggae,Ginuwine,Do You Remember,r&b/soul,142.1657707256545,False
TF-IDF dot product,1,Michael Franti & Spearhead,See you in the Light,reggae,Lauryn Hill,Interlude 5,r&b/soul,208.5326922188868,False
TF-IDF dot product,2,Michael Franti & Spearhead,See you in the Light,reggae,Beastie Boys,B-Boy Bouillabaisse: A.W.O.L. (2009 Digital Remaster),hip hop,198.0735220372882,False
TF-IDF dot product,1,Michael Franti & Spearhead,Sweet Little Lies,reggae,Lauryn Hill,Interlude 5,r&b/soul,234.78142139857232,False
TF-IDF dot product,2,Michael Franti & Spearhead,Sweet Little Lies,reggae,Beastie Boys,B-Boy Bouillabaisse: A.W.O.L. (2009 Digital Remaster),hip hop,204.3175248969143,False
TF-IDF dot product,1,McFly,The Way You Make Me Feel,reggae,Lauryn Hill,Interlude 5,r&b/soul,250.4230855117101,False
TF-IDF dot product,2,McFly,The Way You Make Me Feel,reggae,Beastie Boys,B-Boy Bouillabaisse: A.W.O.L. (2009 Digital Remaster),hip hop,243.33227125639857,False
TF-IDF dot product,1,Daddy Yankee,Grito Mundial,reggae,Violadores del Verso,Dale tiempo al rumor,hip hop,710.7839927481539,False
TF-IDF dot product,2,Daddy Yankee,Grito Mundial,reggae,Violadores del Verso,La ciudad nunca duerme,hip hop,631.132506613819,False
TF-IDF dot product,1,tobyMac,Get This Party Started: Ghost Remix,reggae,Lauryn Hill,Interlude 5,r&b/soul,251.87376980285956,False
TF-IDF dot product,2,tobyMac,Get This Party Started: Ghost Remix,reggae,George Clinton,Flashlight,r&b/soul,229.91238616659902,False
TF-IDF dot product,1,Bob Marley & The Wailers,Africa Unite,reggae,Lauryn Hill,Interlude 5,r&b/soul,160.8816668024107,False
TF-IDF dot product,2,Bob Marley & The Wailers,Africa Unite,reggae,Jah Cure,Sticky,reggae,153.4155103828522,True
TF-IDF dot product,1,Bob Marley & The Wailers,Could You Be Loved,reggae,Lauryn Hill,Interlude 5,r&b/soul,323.8895028883473,False
TF-IDF dot product,2,Bob Marley & The Wailers,Could You Be Loved,reggae,Eminem,8 Mile,hip hop,243.74532903413373,False
TF-IDF dot product,1,Bob Marley,No Water,reggae,R. Kelly,I Mean (I Don't Mean It),r&b/soul,124.85090340581345,False
TF-IDF dot product,2,Bob Marley,No Water,reggae,LL Cool J,Lollipop,hip hop,111.3145014491798,False
TF-IDF dot product,1,Bob Marley & The Wailers,One Love / People Get Ready,reggae,Lauryn Hill,Interlude 5,r&b/soul,236.13157905086555,False
TF-IDF dot product,2,Bob Marley & The Wailers,One Love / People Get Ready,reggae,Yellowcard,Believe,punk,203.34718203514342,False
TF-IDF dot product,1,Bob Marley,Try Me,reggae,Lauryn Hill,Interlude 5,r&b/soul,140.2632496316609,False
TF-IDF dot product,2,Bob Marley,Try Me,reggae,Beastie Boys,B-Boy Bouillabaisse: A.W.O.L. (2009 Digital Remaster),hip hop,107.14404090675943,False
TF-IDF dot product,1,Bob Marley & The Wailers,Baby We've Got A Date (Rock It Baby),reggae,Ashanti,Rock Wit U (Awww Baby),r&b/soul,271.21514746916245,False
TF-IDF dot product,2,Bob Marley & The Wailers,Baby We've Got A Date (Rock It Baby),reggae,Ryan Leslie,Just Right,r&b/soul,216.49234802777045,False
TF-IDF dot product,1,Bob Marley & The Wailers,Johnny Was,reggae,Gyptian,Take My Money,reggae,227.2505633987057,True
TF-IDF dot product,2,Bob Marley & The Wailers,Johnny Was,reggae,Lauryn Hill,Interlude 5,r&b/soul,221.70829361037167,False
TF-IDF dot product,1,Bob Marley,Riding High,reggae,Beastie Boys,B-Boy Bouillabaisse: A.W.O.L. (2009 Digital Remaster),hip hop,227.97489741978654,False
TF-IDF dot product,2,Bob Marley,Riding High,reggae,Lauryn Hill,Interlude 5,r&b/soul,183.75208308936627,False
TF-IDF dot product,1,Bob Marley,Soul Shakedown,reggae,Vanilla Ice,It's A Party,hip hop,169.40927107823222,False
TF-IDF dot product,2,Bob Marley,Soul Shakedown,reggae,The Cool Kids,Bassment Party,hip hop,149.3940411872558,False
TF-IDF dot product,1,Bob Marley & The Wailers,Trenchtown Rock,reggae,Lauryn Hill,Interlude 5,r&b/soul,294.13148511727644,False
TF-IDF dot product,2,Bob Marley & The Wailers,Trenchtown Rock,reggae,Twista,Overdose (Album Version),hip hop,244.71088255861133,False
TF-IDF dot product,1,Massive Attack,Eternal Feedback (Sly),reggae,Lauryn Hill,Interlude 5,r&b/soul,200.66566736412273,False
TF-IDF dot product,2,Massive Attack,Eternal Feedback (Sly),reggae,Beastie Boys,B-Boy Bouillabaisse: A.W.O.L. (2009 Digital Remaster),hip hop,129.02316153644162,False
TF-IDF dot product,1,Bob Marley & The Wailers,Black Progress,reggae,Public Enemy,Fight The Power,hip hop,204.00611192833878,False
TF-IDF dot product,2,Bob Marley & The Wailers,Black Progress,reggae,Big Brovaz,Find A Way,hip hop,196.68361238846862,False
TF-IDF dot product,1,Bob Marley & The Wailers,Reggae On Broadway,reggae,The Isley Brothers,Touch Me,blues,173.94010080727455,False
TF-IDF dot product,2,Bob Marley & The Wailers,Reggae On Broadway,reggae,Marques Houston,Naked,r&b/soul,154.37805379632323,False
TF-IDF dot product,1,Bob Marley,Rebels Hop,reggae,R. Kelly,I Mean (I Don't Mean It),r&b/soul,124.85090340581345,False
TF-IDF dot product,2,Bob Marley,Rebels Hop,reggae,Lauryn Hill,Interlude 5,r&b/soul,122.59489261422601,False
TF-IDF dot product,1,Bob Marley,Stop The Train,reggae,Beastie Boys,B-Boy Bouillabaisse: A.W.O.L. (2009 Digital Remaster),hip hop,188.4404680281346,False
TF-IDF dot product,2,Bob Marley,Stop The Train,reggae,Lauryn Hill,Interlude 5,r&b/soul,160.11688836106578,False
TF-IDF dot product,1,Bob Marley & The Wailers,This Train,reggae,Gerry Rafferty,City To City,folk,143.0849020035077,False
TF-IDF dot product,2,Bob Marley & The Wailers,This Train,reggae,Beastie Boys,B-Boy Bouillabaisse: A.W.O.L. (2009 Digital Remaster),hip hop,125.50741823998298,False
TF-IDF dot product,1,N-Dubz,Defeat You,reggae,Young Jeezy,Still On It,hip hop,480.6859926958758,False
TF-IDF dot product,2,N-Dubz,Defeat You,reggae,Fabrizio De Andrè,Sinan Capudan Pascià,folk,414.71148698032033,False
TF-IDF dot product,1,N-Dubz,Don't Get Nine,reggae,Lauryn Hill,Interlude 5,r&b/soul,477.21476325487964,False
TF-IDF dot product,2,N-Dubz,Don't Get Nine,reggae,Beastie Boys,B-Boy Bouillabaisse: A.W.O.L. (2009 Digital Remaster),hip hop,397.0873353740212,False
TF-IDF dot product,1,N-Dubz,Feva Las Vegas,reggae,Lauryn Hill,Interlude 5,r&b/soul,559.1009899444839,False
TF-IDF dot product,2,N-Dubz,Feva Las Vegas,reggae,Young Jeezy,Still On It,hip hop,513.735497217123,False
TF-IDF dot product,1,N-Dubz,Secrets,reggae,Lauryn Hill,Interlude 5,r&b/soul,502.1481159322982,False
TF-IDF dot product,2,N-Dubz,Secrets,reggae,Beastie Boys,B-Boy Bouillabaisse: A.W.O.L. (2009 Digital Remaster),hip hop,443.99629098028447,False
TF-IDF dot product,1,N-Dubz,Work Work,reggae,Lauryn Hill,Interlude 5,r&b/soul,545.1998300722199,False
TF-IDF dot product,2,N-Dubz,Work Work,reggae,Vanilla Ice,Ice Is Workin' It,hip hop,403.6963404081788,False
TF-IDF dot product,1,Dropkick Murphys,Good Rats (Live),reggae,Beastie Boys,B-Boy Bouillabaisse: A.W.O.L. (2009 Digital Remaster),hip hop,217.8072512747864,False
TF-IDF dot product,2,Dropkick Murphys,Good Rats (Live),reggae,Lauryn Hill,Interlude 5,r&b/soul,205.24273062235721,False
TF-IDF dot product,1,Tito El Bambino,Sol_ Playa Y Arena,reggae,Violadores del Verso,Dale tiempo al rumor,hip hop,527.3817911252643,False
TF-IDF dot product,2,Tito El Bambino,Sol_ Playa Y Arena,reggae,Violadores del Verso,Cantando,hip hop,491.052816446029,False
TF-IDF dot product,1,UB40,I Don't Want To See You Cry,reggae,Tech N9ne,One Good Time,hip hop,200.1361094886025,False
TF-IDF dot product,2,UB40,I Don't Want To See You Cry,reggae,Beastie Boys,B-Boy Bouillabaisse: A.W.O.L. (2009 Digital Remaster),hip hop,198.12197357165167,False
TF-IDF dot product,1,UB40,Come Back Darling,reggae,Eminem,My Darling,hip hop,182.22274598018186,False
TF-IDF dot product,2,UB40,Come Back Darling,reggae,Keri Noble,Piece Of My Heart,jazz,136.28218366141814,False
TF-IDF dot product,1,UB40,Here I Am (Come And Take Me),reggae,Lauryn Hill,Interlude 5,r&b/soul,194.72114862296738,False
TF-IDF dot product,2,UB40,Here I Am (Come And Take Me),reggae,Beastie Boys,B-Boy Bouillabaisse: A.W.O.L. (2009 Digital Remaster),hip hop,183.5268865288602,False
TF-IDF dot product,1,UB40,Light My Fire,reggae,Beastie Boys,B-Boy Bouillabaisse: A.W.O.L. (2009 Digital Remaster),hip hop,140.25476193103606,False
TF-IDF dot product,2,UB40,Light My Fire,reggae,Thousand Foot Krutch,Set It Off,hip hop,125.71378939664868,False
TF-IDF dot product,1,Coldplay,Til Kingdom Come,rock,Lauryn Hill,Interlude 5,r&b/soul,211.94465623097366,False
TF-IDF dot product,2,Coldplay,Til Kingdom Come,rock,Beastie Boys,B-Boy Bouillabaisse: A.W.O.L. (2009 Digital Remaster),hip hop,153.77478061046958,False
TF-IDF dot product,1,Bruce Springsteen,Brothers Under The Bridges ('83),rock,Beastie Boys,B-Boy Bouillabaisse: A.W.O.L. (2009 Digital Remaster),hip hop,291.49915554773094,False
TF-IDF dot product,2,Bruce Springsteen,Brothers Under The Bridges ('83),rock,Snoop Dogg,Snoopafella (Edited),hip hop,253.5806504423578,False
TF-IDF dot product,1,Bruce Springsteen,The Big Payback,rock,Beastie Boys,B-Boy Bouillabaisse: A.W.O.L. (2009 Digital Remaster),hip hop,211.23711852180938,False
TF-IDF dot product,2,Bruce Springsteen,The Big Payback,rock,Lauryn Hill,Interlude 5,r&b/soul,184.39767452744383,False
TF-IDF dot product,1,Bruce Springsteen,The Ties That Bind,rock,Beastie Boys,B-Boy Bouillabaisse: A.W.O.L. (2009 Digital Remaster),hip hop,171.6754043162,False
TF-IDF dot product,2,Bruce Springsteen,The Ties That Bind,rock,Lauryn Hill,Interlude 5,r&b/soul,160.81109765324553,False
TF-IDF dot product,1,The Killers,Sam's Town,rock,Beastie Boys,B-Boy Bouillabaisse: A.W.O.L. (2009 Digital Remaster),hip hop,346.99305117853675,False
TF-IDF dot product,2,The Killers,Sam's Town,rock,Lauryn Hill,Interlude 5,r&b/soul,244.50318121265195,False
TF-IDF dot product,1,Muse,Pink Ego Box,rock,Beastie Boys,B-Boy Bouillabaisse: A.W.O.L. (2009 Digital Remaster),hip hop,102.41011576851919,False
TF-IDF dot product,2,Muse,Pink Ego Box,rock,Aaron Carter,That's How I Beat Shaq,pop,94.54485739345975,False
TF-IDF dot product,1,OneRepublic,Secrets,rock,Beastie Boys,B-Boy Bouillabaisse: A.W.O.L. (2009 Digital Remaster),hip hop,271.0653632873345,False
TF-IDF dot product,2,OneRepublic,Secrets,rock,Lauryn Hill,Interlude 5,r&b/soul,254.6676783877678,False
TF-IDF dot product,1,Bon Jovi,Come Back,rock,Beastie Boys,B-Boy Bouillabaisse: A.W.O.L. (2009 Digital Remaster),hip hop,201.5426151824211,False
TF-IDF dot product,2,Bon Jovi,Come Back,rock,Lauryn Hill,Interlude 5,r&b/soul,175.29892870459494,False
TF-IDF dot product,1,The Rolling Stones,Time Is On My Side,rock,Lauryn Hill,Interlude 5,r&b/soul,214.6208393311095,False
TF-IDF dot product,2,The Rolling Stones,Time Is On My Side,rock,Matisyahu,Close My Eyes,reggae,168.65677196373127,False
TF-IDF dot product,1,The Rolling Stones,Fight (1994 Digital Remaster),rock,Public Enemy,Fight The Power,hip hop,196.20071875185616,False
TF-IDF dot product,2,The Rolling Stones,Fight (1994 Digital Remaster),rock,Beastie Boys,B-Boy Bouillabaisse: A.W.O.L. (2009 Digital Remaster),hip hop,194.54167325487194,False
TF-IDF dot product,1,Bon Jovi,This Ain't A Love Song,rock,Lauryn Hill,Interlude 5,r&b/soul,288.4863481339311,False
TF-IDF dot product,2,Bon Jovi,This Ain't A Love Song,rock,Tech N9ne,One Good Time,hip hop,226.69557573769478,False
TF-IDF dot product,1,Bon Jovi,Superman Tonight,rock,Beastie Boys,B-Boy Bouillabaisse: A.W.O.L. (2009 Digital Remaster),hip hop,217.96399879387747,False
TF-IDF dot product,2,Bon Jovi,Superman Tonight,rock,Lauryn Hill,Interlude 5,r&b/soul,211.7983066816239,False
TF-IDF dot product,1,Guns N' Roses,Bad Obsession,rock,Lauryn Hill,Interlude 5,r&b/soul,220.30824589571273,False
TF-IDF dot product,2,Guns N' Roses,Bad Obsession,rock,Twista,Overdose (Album Version),hip hop,219.52012204574982,False
TF-IDF dot product,1,Elvis Presley,Anything That's Part Of You,rock,Lauryn Hill,Interlude 5,r&b/soul,116.16941250630128,False
TF-IDF dot product,2,Elvis Presley,Anything That's Part Of You,rock,N-Dubz,Work Work,reggae,83.89587812150121,False
TF-IDF dot product,1,Flyleaf,So I Thought,rock,Lauryn Hill,Interlude 5,r&b/soul,297.18202113261685,False
TF-IDF dot product,2,Flyleaf,So I Thought,rock,Beastie Boys,B-Boy Bouillabaisse: A.W.O.L. (2009 Digital Remaster),hip hop,283.8741171662171,False
TF-IDF dot product,1,The Smashing Pumpkins,You're All I've Got Tonight,rock,Lloyd Cole,I Didn't Know That You Cared,electronic,102.44242251896485,False
TF-IDF dot product,2,The Smashing Pumpkins,You're All I've Got Tonight,rock,Afroman,Let's All Get Drunk,hip hop,100.66777959591332,False
TF-IDF dot product,1,Snow Patrol,Signal Fire,rock,Kanye West,Diamonds From Sierra Leone,hip hop,154.52471869048895,False
TF-IDF dot product,2,Snow Patrol,Signal Fire,rock,Lauryn Hill,Interlude 5,r&b/soul,152.34778900942342,False
TF-IDF dot product,1,Snow Patrol,The Lightning Strike,rock,Lauryn Hill,Interlude 5,r&b/soul,423.92301783541114,False
TF-IDF dot product,2,Snow Patrol,The Lightning Strike,rock,Eminem,8 Mile,hip hop,412.59072517091306,False
TF-IDF dot product,1,Nirvana,Dumb,rock,Aqua,Happy Boys & Girls,pop,142.38900708251722,False
TF-IDF dot product,2,Nirvana,Dumb,rock,Classified,All About U,hip hop,125.17750510831897,False
TF-IDF dot product,1,Nirvana,Something In The Way,rock,Whitney Houston,Thinking About You,pop,162.70602691447817,False
TF-IDF dot product,2,Nirvana,Something In The Way,rock,Kurupt,It Ain't About You,hip hop,149.04111699627452,False
TF-IDF dot product,1,Switchfoot,Oh! Gravity.,rock,Beastie Boys,B-Boy Bouillabaisse: A.W.O.L. (2009 Digital Remaster),hip hop,176.576924009299,False
TF-IDF dot product,2,Switchfoot,Oh! Gravity.,rock,Lauryn Hill,Interlude 5,r&b/soul,144.7436881953949,False
TF-IDF dot product,1,The White Stripes,Hotel Yorba,rock,Lauryn Hill,Interlude 5,r&b/soul,264.37814506928476,False
TF-IDF dot product,2,The White Stripes,Hotel Yorba,rock,Beastie Boys,B-Boy Bouillabaisse: A.W.O.L. (2009 Digital Remaster),hip hop,209.5434401497894,False
TF-IDF dot product,1,The White Stripes,Prickly Thorn_ But Sweetly Worn (Live),rock,Prince,I Love U In Me ( LP Version),r&b/soul,83.79730184552692,False
TF-IDF dot product,2,The White Stripes,Prickly Thorn_ But Sweetly Worn (Live),rock,Momus,Closer To You,electronic,81.1703874161026,False
TF-IDF dot product,1,The White Stripes,St. Andrew (This Battle Is In The Air),rock,Prince,I Love U In Me ( LP Version),r&b/soul,66.4349952915838,False
TF-IDF dot product,2,The White Stripes,St. Andrew (This Battle Is In The Air),rock,All-4-One,When I Needed an Angel,blues,56.53697506436716,False
TF-IDF dot product,1,The Decemberists,I Was Meant For the Stage,rock,Eminem,My Darling,hip hop,171.03839567746599,False
TF-IDF dot product,2,The Decemberists,I Was Meant For the Stage,rock,Mobb Deep,Trife Life,hip hop,160.10712042640913,False
TF-IDF dot product,1,Cake,Alpha Beta Parking Lot,rock,Atmosphere,Breathing,hip hop,123.1073907876425,False
TF-IDF dot product,2,Cake,Alpha Beta Parking Lot,rock,Kurupt,It Ain't About You,hip hop,120.78723568455842,False
TF-IDF dot product,1,The Smashing Pumpkins,An Ode To No One,rock,Eminem,My Darling,hip hop,180.59359843536154,False
TF-IDF dot product,2,The Smashing Pumpkins,An Ode To No One,rock,Beastie Boys,B-Boy Bouillabaisse: A.W.O.L. (2009 Digital Remaster),hip hop,168.12173827895887,False
TF-IDF dot product,1,The Fray,Over My Head (Cable Car),rock,Beastie Boys,B-Boy Bouillabaisse: A.W.O.L. (2009 Digital Remaster),hip hop,277.9266776593749,False
TF-IDF dot product,2,The Fray,Over My Head (Cable Car),rock,Lauryn Hill,Interlude 5,r&b/soul,217.11182780416365,False
TF-IDF dot product,1,Interpol,No I In Threesome,rock,Lauryn Hill,Interlude 5,r&b/soul,205.95394383667883,False
TF-IDF dot product,2,Interpol,No I In Threesome,rock,Ryan Leslie,Just Right,r&b/soul,187.58490474069114,False
TF-IDF dot product,1,Interpol,Pace Is The Trick,rock,UGK (Underground Kingz),She Luv It,hip hop,141.12281677311742,False
TF-IDF dot product,2,Interpol,Pace Is The Trick,rock,Collie Buddz,Mamacita,reggae,136.41648554920948,False
TF-IDF dot product,1,Pink Floyd,Embryo,rock,Marques Houston,Cancel (Album Version),r&b/soul,56.855585631865765,False
TF-IDF dot product,2,Pink Floyd,Embryo,rock,Organized Konfusion,Releasing Hypnotical Gases,hip hop,54.16555721752363,False
TF-IDF dot product,1,Buckcherry,Borderline,rock,Mos Def,The Easy Spell,hip hop,287.670595132757,False
TF-IDF dot product,2,Buckcherry,Borderline,rock,Kurupt,It Ain't About You,hip hop,263.64053424815455,False
TF-IDF dot product,1,Nine Inch Nails,March Of The Pigs,rock,Twiztid,She Ain't Afraid,hip hop,168.76403710595486,False
TF-IDF dot product,2,Nine Inch Nails,March Of The Pigs,rock,Lauryn Hill,Interlude 5,r&b/soul,140.4352630696693,False
TF-IDF dot product,1,Nine Inch Nails,Burn,rock,Lauryn Hill,Interlude 5,r&b/soul,217.88503077001863,False
TF-IDF dot product,2,Nine Inch Nails,Burn,rock,Eminem,8 Mile,hip hop,177.14766409123044,False
TF-IDF dot product,1,Nine Inch Nails,Something I Can Never Have,rock,Lauryn Hill,Interlude 5,r&b/soul,225.7761115544357,False
TF-IDF dot product,2,Nine Inch Nails,Something I Can Never Have,rock,Eminem,8 Mile,hip hop,185.04805956399974,False
TF-IDF dot product,1,Eagles,It's Your World Now,rock,Beastie Boys,B-Boy Bouillabaisse: A.W.O.L. (2009 Digital Remaster),hip hop,183.7721458284369,False
TF-IDF dot product,2,Eagles,It's Your World Now,rock,Lauryn Hill,Interlude 5,r&b/soul,178.28464862977103,False
TF-IDF dot product,1,Bob Dylan,Something There Is About You,rock,Beastie Boys,B-Boy Bouillabaisse: A.W.O.L. (2009 Digital Remaster),hip hop,189.50465507593367,False
TF-IDF dot product,2,Bob Dylan,Something There Is About You,rock,Lauryn Hill,Interlude 5,r&b/soul,169.7016894436935,False
TF-IDF dot product,1,Hawk Nelson,From Underneath,rock,Lauryn Hill,Interlude 5,r&b/soul,216.88765342745776,False
TF-IDF dot product,2,Hawk Nelson,From Underneath,rock,Beastie Boys,B-Boy Bouillabaisse: A.W.O.L. (2009 Digital Remaster),hip hop,171.26667589756943,False
TF-IDF dot product,1,Hawk Nelson,Turn It On,rock,Lauryn Hill,Interlude 5,r&b/soul,267.10631992102026,False
TF-IDF dot product,2,Hawk Nelson,Turn It On,rock,Alicia Keys,Tell You Something (Nana's Reprise),r&b/soul,230.11727621602972,False
TF-IDF dot product,1,Hawk Nelson,Something On My Mind,rock,Beastie Boys,B-Boy Bouillabaisse: A.W.O.L. (2009 Digital Remaster),hip hop,282.1223517496609,False
TF-IDF dot product,2,Hawk Nelson,Something On My Mind,rock,Lauryn Hill,Interlude 5,r&b/soul,248.36073773464764,False
TF-IDF cosine,1,Michael Jackson,All The Things You Are,blues,Colin James,These Arms Of Mine,blues,0.3538237972951243,True
TF-IDF cosine,2,Michael Jackson,All The Things You Are,blues,Big Bad Voodoo Daddy,Please Baby,jazz,0.3051595525279234,False
TF-IDF cosine,1,John Mayer,Vultures,blues,Matisyahu,Fire and Heights,reggae,0.34215067325403176,False
TF-IDF cosine,2,John Mayer,Vultures,blues,Barry White,Never Gonna Give You Up,r&b/soul,0.3294082791932042,False
TF-IDF cosine,1,John Mayer,Out Of My Mind,blues,Heatmiser,Half Right,rock,0.2977239544664077,False
TF-IDF cosine,2,John Mayer,Out Of My Mind,blues,Eminem,If I Had,hip hop,0.2921640239717053,False
TF-IDF cosine,1,R. Kelly,Hump Bounce,blues,Bowling For Soup,Here We Go,punk,0.3460019266546869,False
TF-IDF cosine,2,R. Kelly,Hump Bounce,blues,Wade Hayes,Don't Stop,country,0.339255625264981,False
TF-IDF cosine,1,R. Kelly,Intro - The Sermon,blues,Beastie Boys,Pass The Mic (Pt. 2_ Skills To Pay The Bills) (2009 Digital Remaster),hip hop,0.35258464957091423,False
TF-IDF cosine,2,R. Kelly,Intro - The Sermon,blues,Lauryn Hill,Interlude 5,r&b/soul,0.3430340905035264,False
TF-IDF cosine,1,Michael Jackson,Call On Me,blues,Ryan Leslie,Just Right,r&b/soul,0.38352729570239397,False
TF-IDF cosine,2,Michael Jackson,Call On Me,blues,Eternal,Oh Baby I,r&b/soul,0.36091538382648186,False
TF-IDF cosine,1,The Black Keys,Oceans and Streams,blues,Udo,What Can I Say,metal,0.28387782377696485,False
TF-IDF cosine,2,The Black Keys,Oceans and Streams,blues,Lemar,Time To Grow,r&b/soul,0.28297808242677797,False
TF-IDF cosine,1,The Black Keys,10 A.M. Automatic,blues,Fishbone,Bonin' In The Boneyard,r&b/soul,0.41092873200223495,False
TF-IDF cosine,2,The Black Keys,10 A.M. Automatic,blues,Johnny Winter,Rockin' Pneumonia,blues,0.3453251607258265,True
TF-IDF cosine,1,The Black Keys,Aeroplane Blues,blues,Ziggy Marley And The Melody Makers,13 Months Of Sunshine,reggae,0.3560849089508349,False
TF-IDF cosine,2,The Black Keys,Aeroplane Blues,blues,Jimmy Cliff,Sufferin' In The Land,reggae,0.3212203278799412,False
TF-IDF cosine,1,The Black Keys,All Hands Against His Own,blues,Gang Of Four,Outside The Trains Don't Run On Time,punk,0.4779317461993667,False
TF-IDF cosine,2,The Black Keys,All Hands Against His Own,blues,Jill Scott,Brotha,r&b/soul,0.4585728531941819,False
TF-IDF cosine,1,The Black Keys,Black Door,blues,The Donnas,Take Me To The Backseat (Album Version),rock,0.40154929704540393,False
TF-IDF cosine,2,The Black Keys,Black Door,blues,Masta Ace Incorporated,Jeep Ass Niguh,hip hop,0.3091774593488237,False
TF-IDF cosine,1,The Black Keys,Busted,blues,Keith Sweat,Caught Up,r&b/soul,0.324248368434438,False
TF-IDF cosine,2,The Black Keys,Busted,blues,Heideroosjes,If Trust Is Broken...,punk,0.3181565540334715,False
TF-IDF cosine,1,The Black Keys,Give Your Heart Away,blues,Dru Hill,Share My World,r&b/soul,0.3385618035136832,False
TF-IDF cosine,2,The Black Keys,Give Your Heart Away,blues,Kelly Clarkson,Anytime,pop,0.3340440066524924,False
TF-IDF cosine,1,The Black Keys,Grown So Ugly,blues,Elmore James,Whose Muddy Shoes,blues,0.36072139947619336,True
TF-IDF cosine,2,The Black Keys,Grown So Ugly,blues,Mississippi Fred McDowell,Louise,blues,0.3386997827673311,True
TF-IDF cosine,1,The Black Keys,Hard Row,blues,The Jacksons,Enjoy Yourself,r&b/soul,0.4127939008864306,False
TF-IDF cosine,2,The Black Keys,Hard Row,blues,Ella Fitzgerald,Let Yourself Go,jazz,0.3494767766393315,False
TF-IDF cosine,1,The Black Keys,I Got Mine,blues,Fairground Attraction,Winter Rose,folk,0.3867543745297671,False
TF-IDF cosine,2,The Black Keys,I Got Mine,blues,Big Bad Voodoo Daddy,Please Baby,jazz,0.37032913562248565,False
TF-IDF cosine,1,The Black Keys,If You See Me,blues,Katerine,Treat Me Like A Lady,pop,0.3502846446530241,False
TF-IDF cosine,2,The Black Keys,If You See Me,blues,Buddy Holly,Door To My Heart,country,0.3329918184270967,False
TF-IDF cosine,1,The Black Keys,Lies,blues,Warlock,Kiss Of Death,metal,0.3104165524557226,False
TF-IDF cosine,2,The Black Keys,Lies,blues,Ian McCulloch,Close Your Eyes,punk,0.30532646524654905,False
TF-IDF cosine,1,The Black Keys,Next Girl,blues,Frank Sinatra,The Girl That I Marry,jazz,0.33575818723326717,False
TF-IDF cosine,2,The Black Keys,Next Girl,blues,Paul Potts,Cavatina,classical,0.3312260688596559,False
TF-IDF cosine,1,The Black Keys,No Fun,blues,The Stooges,No Fun (Remasterd LP Version),punk,0.6646743300372232,False
TF-IDF cosine,2,The Black Keys,No Fun,blues,The Presets,Kicking And Screaming,electronic,0.36214574970551544,False
TF-IDF cosine,1,The Black Keys,Stack Shot Billy,blues,Suicidal Tendencies,I Shot The Devil,punk,0.36147734078795424,False
TF-IDF cosine,2,The Black Keys,Stack Shot Billy,blues,Neil Young,Down By The River [Live At Massey Hall 1971],folk,0.35419207149381526,False
TF-IDF cosine,1,The Black Keys,Ten Cent Pistol,blues,Tracy Byrd,Right About Now,country,0.32158587540592637,False
TF-IDF cosine,2,The Black Keys,Ten Cent Pistol,blues,Alabama,Lady Down On Love,country,0.3038406508648337,False
TF-IDF cosine,1,The Black Keys,The Flame,blues,ERIC SARDINAS,Flames of Love,blues,0.4074026792725457,True
TF-IDF cosine,2,The Black Keys,The Flame,blues,GG Allin,Kissing The Flames,country,0.3945857045872346,False
TF-IDF cosine,1,The Black Keys,These Days,blues,The Brand New Heavies,Last to Know,jazz,0.3273610145068826,False
TF-IDF cosine,2,The Black Keys,These Days,blues,Rich Mullins,The Howling,folk,0.3222286435427447,False
TF-IDF cosine,1,The Black Keys,When The Lights Go Out,blues,Regina Belle,Just Don't Want To Be Lonely,r&b/soul,0.33483532495307416,False
TF-IDF cosine,2,The Black Keys,When The Lights Go Out,blues,Chemlab,Force Quit,rock,0.2912415674337765,False
TF-IDF cosine,1,The Black Keys,Have Love Will Travel,blues,The Dells,I Miss You,r&b/soul,0.4311475064344073,False
TF-IDF cosine,2,The Black Keys,Have Love Will Travel,blues,Shania Twain,I'm Not In The Mood (To Say No)!,country,0.3818669976174173,False
TF-IDF cosine,1,Ray Charles,C.C. Rider,blues,Duran Duran,All Along The Water,pop,0.3406363422886934,False
TF-IDF cosine,2,Ray Charles,C.C. Rider,blues,Fats Domino,Careless Love,blues,0.3262360448926654,True
TF-IDF cosine,1,Ray Charles,I Got a Woman,blues,Gary Moore,Only Fool In Town (2002 Digital Remaster),blues,0.4316836006551532,True
TF-IDF cosine,2,Ray Charles,I Got a Woman,blues,The Fabulous Thunderbirds,Full-Time Lover,blues,0.3798647058354821,True
TF-IDF cosine,1,Ray Charles,The Sun's Gonna Shine Again,blues,Hayseed Dixie,Black Dog,country,0.3357026124527507,False
TF-IDF cosine,2,Ray Charles,The Sun's Gonna Shine Again,blues,Simian Mobile Disco,I BELIEVE,electronic,0.33230887210274873,False
TF-IDF cosine,1,Ray Charles,Losing Hand,blues,Keith Sweat,Caught Up,r&b/soul,0.32916984909027497,False
TF-IDF cosine,2,Ray Charles,Losing Hand,blues,The Emotions,I Don't Wanna Lose Your Love,r&b/soul,0.3111146676583439,False
TF-IDF cosine,1,Blake Shelton,Nobody But Me (Album Version),blues,Adina Howard,Nasty Grind,r&b/soul,0.39344785018069933,False
TF-IDF cosine,2,Blake Shelton,Nobody But Me (Album Version),blues,Tina Dico,Nobody's Man,pop,0.36187800862412023,False
TF-IDF cosine,1,Etta James,A Sunday Kind of Love,blues,Mariah Carey,Sprung,r&b/soul,0.39798701658819735,False
TF-IDF cosine,2,Etta James,A Sunday Kind of Love,blues,T.Rex,London Boys,rock,0.3828997838040731,False
TF-IDF cosine,1,Etta James,I Just Want To Make Love To You,blues,Willie Dixon,I Just Want To Make Love To You,blues,0.7093138579497326,True
TF-IDF cosine,2,Etta James,I Just Want To Make Love To You,blues,Tristan Prettyman,You Got Me,folk,0.38218123753604194,False
TF-IDF cosine,1,Etta James,My Dearest Darling,blues,UB40,Come Back Darling,reggae,0.40762608667286426,False
TF-IDF cosine,2,Etta James,My Dearest Darling,blues,Johnny Nash,Stir It Up,reggae,0.40533145505604423,False
TF-IDF cosine,1,Etta James,W.O.M.A.N.,blues,Bette Midler,I'm A Woman,blues,0.4224368904492077,True
TF-IDF cosine,2,Etta James,W.O.M.A.N.,blues,Nine Inch Nails,The Great Collapse,electronic,0.4136833020132849,False
TF-IDF cosine,1,Eric Clapton,Alberta,blues,Connie Smith,Ain't Had No Lovin',country,0.3984590490215958,False
TF-IDF cosine,2,Eric Clapton,Alberta,blues,Brian McKnight,Been So Long,r&b/soul,0.38161751897302926,False
TF-IDF cosine,1,Eric Clapton,Before You Accuse Me (Take A Look At Yourself),blues,Bo Diddley,Before You Accuse Me,blues,0.8294753528199511,True
TF-IDF cosine,2,Eric Clapton,Before You Accuse Me (Take A Look At Yourself),blues,Rancid,Up To No Good,reggae,0.339637773720075,False
TF-IDF cosine,1,Eric Clapton,Early In The Morning,blues,Fleetwood Mac,Allow Me One More Show,blues,0.3173628368895968,True
TF-IDF cosine,2,Eric Clapton,Early In The Morning,blues,Townes Van Zandt,If I Needed You,folk,0.30087662406600496,False
TF-IDF cosine,1,Eric Clapton,Floating Bridge,blues,The Allman Brothers Band,Stormy Monday,blues,0.31500095678640416,True
TF-IDF cosine,2,Eric Clapton,Floating Bridge,blues,Anatomy Of A Ghost,Since Yesterday,punk,0.27637727069922613,False
TF-IDF cosine,1,Eric Clapton,Kind Hearted Woman Blues (Album Version),blues,Robert Johnson,Kindhearted Woman Blues,blues,0.9205114386740807,True
TF-IDF cosine,2,Eric Clapton,Kind Hearted Woman Blues (Album Version),blues,Ten Years After,Woman Trouble,blues,0.4434468588678242,True
TF-IDF cosine,1,Michael Bublé,That's All (Album Version),classical,S Club,Straight From The Heart,pop,0.3612785856716812,False
TF-IDF cosine,2,Michael Bublé,That's All (Album Version),classical,Webb Pierce,Even Tho',country,0.33789735804776594,False
TF-IDF cosine,1,Josh Groban,America (Revised Live Version),classical,Simon & Garfunkel,America,folk,0.993074251246281,False
TF-IDF cosine,2,Josh Groban,America (Revised Live Version),classical,Leonard Cohen,Death Of A Ladies' Man,folk,0.3623117521888438,False
TF-IDF cosine,1,Josh Groban,Broken Vow (Album Version),classical,G4,Broken Vow,classical,0.9944948253315913,True
TF-IDF cosine,2,Josh Groban,Broken Vow (Album Version),classical,Westlife,More Than Words,pop,0.338546173388738,False
TF-IDF cosine,1,Josh Groban,Gira Con Me Questa Notte (Album Version),classical,Paul Potts,Piano (Memory),classical,0.7586782853418741,True
TF-IDF cosine,2,Josh Groban,Gira Con Me Questa Notte (Album Version),classical,Lara Fabian,Caruso,classical,0.7360809436011486,True
TF-IDF cosine,1,Josh Groban,Hymne A L'Amour (Album Version),classical,Amandine Bourgeois,L'Homme De La Situation,pop,0.7083673747139937,False
TF-IDF cosine,2,Josh Groban,Hymne A L'Amour (Album Version),classical,Lokua Kanza,A Tes Côtés,folk,0.7005620920030616,False
TF-IDF cosine,1,Josh Groban,It Came Upon A Midnight Clear (Album Version),classical,The Waterboys,The Crash Of Angel Wings,rock,0.41016872355538464,False
TF-IDF cosine,2,Josh Groban,It Came Upon A Midnight Clear (Album Version),classical,Brooks & Dunn,You're My Angel,country,0.4011534755404811,False
TF-IDF cosine,1,Josh Groban,Let Me Fall (From Cirque du Soleil) (Album Version),classical,SUPREME BEINGS OF LEISURE,Catch Me,electronic,0.36687840564135704,False
TF-IDF cosine,2,Josh Groban,Let Me Fall (From Cirque du Soleil) (Album Version),classical,Charley Pride,Let The Chips Fall,country,0.3474101998169983,False
TF-IDF cosine,1,Josh Groban,Mi Mancherai (Il Postino) (Revised Live Version),classical,Il Divo,Come Primavera,classical,0.7351143383532529,True
TF-IDF cosine,2,Josh Groban,Mi Mancherai (Il Postino) (Revised Live Version),classical,Vinicio Capossela,Il Pugile Sentimentale ( Live ),folk,0.7225305362850328,False
TF-IDF cosine,1,Josh Groban,My Confession (Album Version),classical,Martina McBride,Blessed,country,0.32818288528144307,False
TF-IDF cosine,2,Josh Groban,My Confession (Album Version),classical,Axel Rudi Pell,Beautiful Day,metal,0.32648205098086164,False
TF-IDF cosine,1,Josh Groban,Oceano (Revised Live Version),classical,Bluvertigo,Niente Per Scontato,electronic,0.8322304092818275,False
TF-IDF cosine,2,Josh Groban,Oceano (Revised Live Version),classical,Paul Potts,Mamma,classical,0.8311166699120337,True
TF-IDF cosine,1,Josh Groban,Remember When It Rained (Album Version),classical,Sentidos Opuestos,Oh Na Na Na,latin,0.4217809096262355,False
TF-IDF cosine,2,Josh Groban,Remember When It Rained (Album Version),classical,Kayah,Dla Niego,pop,0.42025374173299673,False
TF-IDF cosine,1,Josh Groban,Remember When It Rained (Revised Live Version),classical,Sentidos Opuestos,Oh Na Na Na,latin,0.4217809096262355,False
TF-IDF cosine,2,Josh Groban,Remember When It Rained (Revised Live Version),classical,Kayah,Dla Niego,pop,0.42025374173299673,False
TF-IDF cosine,1,Josh Groban,Smile,classical,Jonny Lang,My Love Remains,blues,0.4047722432508722,False
TF-IDF cosine,2,Josh Groban,Smile,classical,Gabrielle,Don't Need The Sun To Shine (To Make Me Smile),r&b/soul,0.3109259241429827,False
TF-IDF cosine,1,Josh Groban,Solo Por Ti (Album Version),classical,Puerto Rican Power,Solo Con Un Beso,latin,0.5942838768246879,False
TF-IDF cosine,2,Josh Groban,Solo Por Ti (Album Version),classical,Carlos Baute,En nuestro aniversario,latin,0.5925813477690749,False
TF-IDF cosine,1,Josh Groban,Un Giorno Per Noi (Album Version),classical,Bluvertigo,Niente Per Scontato,electronic,0.754107003853643,False
TF-IDF cosine,2,Josh Groban,Un Giorno Per Noi (Album Version),classical,RyanDan,Dentro Me,classical,0.7428934301459661,True
TF-IDF cosine,1,Josh Groban,Vincent (Starry_ Starry Night) (Album Version),classical,Steve Lukather,Never Ending Nights,rock,0.3079905675189761,False
TF-IDF cosine,2,Josh Groban,Vincent (Starry_ Starry Night) (Album Version),classical,Kenny Loggins,Set It Free,pop,0.30462660615669374,False
TF-IDF cosine,1,Josh Groban,When You Say You Love Me (Album Version),classical,New Order,Bizarre Love Triangle,electronic,0.3415252432583346,False
TF-IDF cosine,2,Josh Groban,When You Say You Love Me (Album Version),classical,Ferry Corsten,It's Time,electronic,0.33564985230548966,False
TF-IDF cosine,1,Josh Groban,You Raise Me Up (Album Version),classical,Russell Watson,You Raise Me Up,classical,0.9984130353078998,True
TF-IDF cosine,2,Josh Groban,You Raise Me Up (Album Version),classical,Katatonia,This Punishment,metal,0.38305360747223294,False
TF-IDF cosine,1,Josh Groban,Believe (Album Version),classical,Andrea Bocelli,I Believe,classical,0.35704130403920237,True
TF-IDF cosine,2,Josh Groban,Believe (Album Version),classical,Jamie Cullum,Where Is Your Heart At?,jazz,0.3311603921864337,False
TF-IDF cosine,1,Johnny Cash,Away In A Manger,classical,Kenny G,Away In A Manger,jazz,0.9729581386973988,False
TF-IDF cosine,2,Johnny Cash,Away In A Manger,classical,Current 93,Raio No Terrasu (Jesus Wept),electronic,0.4343769607501049,False
TF-IDF cosine,1,Josh Groban,Cinema Paradiso (Se) (Album Version),classical,Sergio Cammariere,Oggi,jazz,0.8063033392396602,False
TF-IDF cosine,2,Josh Groban,Cinema Paradiso (Se) (Album Version),classical,Il Divo,La Promesa,classical,0.7630867127253087,True
TF-IDF cosine,1,David Crowder*Band,All Around Me,classical,Lo Fidelity Allstars,Will I Get Out Of Jail,electronic,0.3451370795156781,False
TF-IDF cosine,2,David Crowder*Band,All Around Me,classical,Godsmack,Asleep,folk,0.33851282654245823,False
TF-IDF cosine,1,The Game,Black Opera,classical,Kurupt,Ho's A Housewife,hip hop,0.4948281281469182,False
TF-IDF cosine,2,The Game,Black Opera,classical,Immortal Technique,Crossing the Boundary,hip hop,0.47962279698105464,False
TF-IDF cosine,1,David Bowie,Baal's Hymn,classical,Johnny Cash,A Thing Called Love,country,0.33725074832425367,False
TF-IDF cosine,2,David Bowie,Baal's Hymn,classical,Gang Starr,The Illest Brother,hip hop,0.33125096022519607,False
TF-IDF cosine,1,Il Divo,Adagio,classical,Amici Forever,Adagio,classical,0.9485967275660532,True
TF-IDF cosine,2,Il Divo,Adagio,classical,Gianmaria Testa,Il meglio di te,jazz,0.8174680091975923,False
TF-IDF cosine,1,Il Divo,Adeste Fideles,classical,Paul Potts,O Holy Night,classical,0.5116039351176067,True
TF-IDF cosine,2,Il Divo,Adeste Fideles,classical,School Food Punishment,Flow,pop,0.406379478586352,False
TF-IDF cosine,1,Il Divo,All By Myself (Solo Otra Vez),classical,Gilberto Santa Rosa,Amor Mio No Te Vayas,latin,0.6756686421083888,False
TF-IDF cosine,2,Il Divo,All By Myself (Solo Otra Vez),classical,Genitallica,Otra Vez,latin,0.540504319140318,False
TF-IDF cosine,1,Il Divo,Amazing Grace,classical,Hayley Westenra,Amazing Grace,classical,0.9340011811011579,True
TF-IDF cosine,2,Il Divo,Amazing Grace,classical,Michael McDonald,Peace,r&b/soul,0.35547724710242484,False
TF-IDF cosine,1,Il Divo,Angelina,classical,Violadores del Verso,Cantando,hip hop,0.6268493454940526,False
TF-IDF cosine,2,Il Divo,Angelina,classical,El sueño de Morfeo,Sonrisa especial,latin,0.6068640446098288,False
TF-IDF cosine,1,Il Divo,Ave Maria,classical,Frankie HI-NRG MC,Fili,rock,0.7718412323565419,False
TF-IDF cosine,2,Il Divo,Ave Maria,classical,Vittorio Grigolo,Roma Sogna,classical,0.766914232022596,True
TF-IDF cosine,1,Il Divo,Caruso,classical,Lara Fabian,Caruso,classical,0.9514628332432754,True
TF-IDF cosine,2,Il Divo,Caruso,classical,Sergio Cammariere,La Canzone Dell' Impossibile,jazz,0.7985664860660134,False
TF-IDF cosine,1,Il Divo,Come Primavera,classical,Raf,Passeggeri Distratti,latin,0.7597131133676572,False
TF-IDF cosine,2,Il Divo,Come Primavera,classical,Paul Potts,Tristesse,classical,0.7574706508152329,True
TF-IDF cosine,1,Il Divo,Dentro Un Altro Si,classical,Josh Groban,Oceano (Revised Live Version),classical,0.7487291386000311,True
TF-IDF cosine,2,Il Divo,Dentro Un Altro Si,classical,Le Luci Della Centrale Elettrica,Per combattere l'acne,folk,0.7449116797707365,False
TF-IDF cosine,1,Il Divo,En Aranjuez Con Tu Amor,classical,Amici Forever,Aranjuez Ma Pensee,classical,0.8958770753407821,True
TF-IDF cosine,2,Il Divo,En Aranjuez Con Tu Amor,classical,Loquillo Y Los Trogloditas,Hermanos de sangre (Rulot 05),rock,0.6044984317695127,False
TF-IDF cosine,1,Il Divo,Enamorado,classical,Camila,Alejate De Mi,latin,0.7107875507710657,False
TF-IDF cosine,2,Il Divo,Enamorado,classical,Illya Kuryaki And The Valderramas,Virgen De Riña,hip hop,0.6226048291070386,False
TF-IDF cosine,1,Il Divo,Esisti Dentro Me,classical,Paul Potts,Ognuno Soffre,classical,0.8284388412919859,True
TF-IDF cosine,2,Il Divo,Esisti Dentro Me,classical,Vittorio Grigolo,Se Tu Non Sei Lei,classical,0.7796971778030174,True
TF-IDF cosine,1,Il Divo,Everytime I Look At You,classical,Snog,Playstation Blues,electronic,0.3934998838865976,False
TF-IDF cosine,2,Il Divo,Everytime I Look At You,classical,Delta Goodrem,My Big Mistake,pop,0.3421311232775029,False
TF-IDF cosine,1,Il Divo,Feelings,classical,Bluvertigo,Niente Per Scontato,electronic,0.7086610974628859,False
TF-IDF cosine,2,Il Divo,Feelings,classical,Andrea Bocelli,Semplicemente (Canto Per Te),classical,0.6892520915120307,True
TF-IDF cosine,1,Il Divo,Hallelujah (Aleluya),classical,Grupo Niche,Buenaventura Y Caney,latin,0.7099472325851968,False
TF-IDF cosine,2,Il Divo,Hallelujah (Aleluya),classical,Love Of Lesbian,El ectoplasta,pop,0.6402591632599266,False
TF-IDF cosine,1,Il Divo,Hasta Mi Final,classical,KALIMBA,Llorar duele mas,latin,0.651388284577954,False
TF-IDF cosine,2,Il Divo,Hasta Mi Final,classical,Joe Arroyo,Tal Para Cual,latin,0.6460608867967965,False
TF-IDF cosine,1,Taylor Swift,Crazier,country,Plan B,Love Goes Down,r&b/soul,0.33261700738359573,False
TF-IDF cosine,2,Taylor Swift,Crazier,country,Clint Black,You Made Me Feel,country,0.3210586671651726,True
TF-IDF cosine,1,Taylor Swift,Fifteen,country,Lauryn Hill,Interlude 5,r&b/soul,0.3470938715798651,False
TF-IDF cosine,2,Taylor Swift,Fifteen,country,Gang Starr,The Illest Brother,hip hop,0.3306551767816441,False
TF-IDF cosine,1,Taylor Swift,Change,country,The Cat Empire,Days Like These,reggae,0.3346692350482319,False
TF-IDF cosine,2,Taylor Swift,Change,country,Lauryn Hill,Interlude 5,r&b/soul,0.31848655432494977,False
TF-IDF cosine,1,Toby Keith,You Can't Read My Mind,country,Mutya Buena,Not Your Baby,pop,0.3449416952596124,False
TF-IDF cosine,2,Toby Keith,You Can't Read My Mind,country,Dance Hall Crashers,DHC,reggae,0.3280040591585025,False
TF-IDF cosine,1,Johnny Cash,Man In White,country,Snoop Dogg,Snoopafella (Edited),hip hop,0.3583026038801617,False
TF-IDF cosine,2,Johnny Cash,Man In White,country,Savatage,The Hourglass,metal,0.3491845335086864,False
TF-IDF cosine,1,Rascal Flatts,Holes,country,Violet Indiana,Safe Word,electronic,0.29836589361675714,False
TF-IDF cosine,2,Rascal Flatts,Holes,country,Nick Lowe,Indian Queens,country,0.2801293017790272,True
TF-IDF cosine,1,Sugarland,Baby Girl,country,Barry White,Never Gonna Give You Up,r&b/soul,0.3493052721536808,False
TF-IDF cosine,2,Sugarland,Baby Girl,country,Dusty Springfield,Send It To Me,r&b/soul,0.33644702760734546,False
TF-IDF cosine,1,Billy Currington,Growin' Up Down There,country,Alexandra Burke,Dumb,r&b/soul,0.30267706908576386,False
TF-IDF cosine,2,Billy Currington,Growin' Up Down There,country,Confederate Railroad,Summer In Dixie (Remastered Album Version),country,0.2995683872052705,True
TF-IDF cosine,1,Billy Currington,Hangin' Around,country,Blacklisted,Wish,metal,0.34300327061903746,False
TF-IDF cosine,2,Billy Currington,Hangin' Around,country,The Coral,I Forgot My Name,jazz,0.31480246372992504,False
TF-IDF cosine,1,Billy Currington,Here I Am,country,Remy Shand,Looking Back On Vanity,r&b/soul,0.3370294899017328,False
TF-IDF cosine,2,Billy Currington,Here I Am,country,Houston,Twizala,r&b/soul,0.2933864906158084,False
TF-IDF cosine,1,Billy Currington,She's Got A Way With Me,country,Clint Black,Half The Man,country,0.45421533006061193,True
TF-IDF cosine,2,Billy Currington,She's Got A Way With Me,country,Barry White,Never Gonna Give You Up,r&b/soul,0.38744362631894685,False
TF-IDF cosine,1,Billy Currington,That's How Country Boys Roll,country,Lyle Lovett,North Dakota,country,0.3092469605338193,True
TF-IDF cosine,2,Billy Currington,That's How Country Boys Roll,country,Alabama,Roll On (Eighteen Wheeler),country,0.3085390899218823,True
TF-IDF cosine,1,Billy Currington,Where The Girls Are,country,Cyndi Lauper,Girls Just Want To Have Fun,pop,0.33926047013349797,False
TF-IDF cosine,2,Billy Currington,Where The Girls Are,country,Greg Laswell,Girls Just Want To Have Fun (Demo),folk,0.33177905151394244,False
TF-IDF cosine,1,Johnny Cash,Daddy Sang Bass,country,Cross Canadian Ragweed,Lawrence,country,0.4112183181366746,True
TF-IDF cosine,2,Johnny Cash,Daddy Sang Bass,country,Merle Haggard,Daddy Frank,country,0.3757294420746339,True
TF-IDF cosine,1,Johnny Cash,I Don't Know Where I'm Bound,country,Louis Logic,Dos Factotum,jazz,0.3095648750208025,False
TF-IDF cosine,2,Johnny Cash,I Don't Know Where I'm Bound,country,Soulfly,One Nation (Album Version),metal,0.29681916430823546,False
TF-IDF cosine,1,Johnny Cash,I Was There When It Happened,country,Nothingface,Villains (Full-Length),metal,0.3509954489749916,False
TF-IDF cosine,2,Johnny Cash,I Was There When It Happened,country,Iron Maiden,Lord Of The Flies (Live In Dortmund),metal,0.2907733091809872,False
TF-IDF cosine,1,Johnny Cash,The Big Battle,country,Esham,Killin' Spree,hip hop,0.32976829782724043,False
TF-IDF cosine,2,Johnny Cash,The Big Battle,country,Gang Starr,The Illest Brother,hip hop,0.32385036717896515,False
TF-IDF cosine,1,Johnny Cash,A Thing Called Love,country,Billy Currington,She's Got A Way With Me,country,0.354376395522006,True
TF-IDF cosine,2,Johnny Cash,A Thing Called Love,country,David Bowie,Baal's Hymn,classical,0.33725074832425367,False
TF-IDF cosine,1,Johnny Cash,You Dreamer You,country,Joe Bonamassa,Asking Around For You,blues,0.4042444585166718,False
TF-IDF cosine,2,Johnny Cash,You Dreamer You,country,Gatsbys American Dream,Just Like Heaven,rock,0.347002906243515,False
TF-IDF cosine,1,Johnny Cash,I Walk The Line,country,Demi Lovato,Until You're Mine,pop,0.3156989401110696,False
TF-IDF cosine,2,Johnny Cash,I Walk The Line,country,Tony Bennett,Close Your Eyes,jazz,0.31375189303108075,False
TF-IDF cosine,1,Johnny Cash,Life's Railway To Heaven,country,Disgorge,Parallels Of Infinite Torture,metal,0.330557102830503,False
TF-IDF cosine,2,Johnny Cash,Life's Railway To Heaven,country,Flipsyde,Angel,hip hop,0.31887852130213556,False
TF-IDF cosine,1,Darius Rucker,If I Had Wings,country,Jazzamor,fly,electronic,0.34559192253602017,False
TF-IDF cosine,2,Darius Rucker,If I Had Wings,country,Percy Sledge,My Special Prayer,r&b/soul,0.31082275711930324,False
TF-IDF cosine,1,Luke Bryan,Pray About Everything,country,Curtis Mayfield,Don't Worry (ReMastered),r&b/soul,0.3493913366133375,False
TF-IDF cosine,2,Luke Bryan,Pray About Everything,country,Carolyn Dawn Johnson,One Day Closer to You,country,0.33687333796764446,True
TF-IDF cosine,1,Keith Urban,Your Everything,country,Paul Potts,La Prima Volta (First Time Ever I Saw Your Face),classical,0.3624453522949435,False
TF-IDF cosine,2,Keith Urban,Your Everything,country,Maximilian Hecker,Snow,classical,0.3047686809272128,False
TF-IDF cosine,1,Toby Keith,A Little Too Late,country,Little Walter,Too Late,blues,0.3983121036026519,False
TF-IDF cosine,2,Toby Keith,A Little Too Late,country,The Quireboys,Misled,rock,0.3336761038888032,False
TF-IDF cosine,1,Toby Keith,Who's Your Daddy?,country,Chuck Jackson,(You Can't Let The Boy Overpower) The Man In You,r&b/soul,0.3309323173213569,False
TF-IDF cosine,2,Toby Keith,Who's Your Daddy?,country,Keri Noble,Piece Of My Heart,jazz,0.3225624010827808,False
TF-IDF cosine,1,Toby Keith,A Woman's Touch,country,Gentleman,Empress,reggae,0.3442534233266889,False
TF-IDF cosine,2,Toby Keith,A Woman's Touch,country,Amy Winehouse,I Heard Love Is Blind,jazz,0.33272597193334924,False
TF-IDF cosine,1,Toby Keith,Big Ol' Truck,country,Joe Bonamassa,One of these Days,blues,0.30238934623168157,False
TF-IDF cosine,2,Toby Keith,Big Ol' Truck,country,Big Bill Broonzy,Big Bill Blues,blues,0.2967748160654729,False
TF-IDF cosine,1,Toby Keith,Blue Bedroom,country,Nina Simone,After You've Gone (live),jazz,0.336689175178766,False
TF-IDF cosine,2,Toby Keith,Blue Bedroom,country,Jodeci,My Phone,jazz,0.33596935515105525,False
TF-IDF cosine,1,Toby Keith,It's All Good,country,Ledisi,Alright,r&b/soul,0.35845297311222957,False
TF-IDF cosine,2,Toby Keith,It's All Good,country,Yellowcard,Believe,punk,0.33352088838109534,False
TF-IDF cosine,1,Toby Keith,Sweet,country,Mobb Deep,Live Foul,hip hop,0.3660414531419311,False
TF-IDF cosine,2,Toby Keith,Sweet,country,Bone Thugs-N-Harmony,9mm,hip hop,0.3649872429906901,False
TF-IDF cosine,1,Toby Keith,You Shouldn't Kiss Me Like This,country,Louise,One Kiss From Heaven,r&b/soul,0.3451489610124346,False
TF-IDF cosine,2,Toby Keith,You Shouldn't Kiss Me Like This,country,Paris Hilton,Not Leaving Without You (Album Version),pop,0.3437310619937784,False
TF-IDF cosine,1,Sara Evans,A Real Fine Place To Start,country,Shai,Waiting For The Day,r&b/soul,0.3216580999148368,False
TF-IDF cosine,2,Sara Evans,A Real Fine Place To Start,country,Duran Duran,Electric Barbarella (Radio Edit),electronic,0.32074741980256594,False
TF-IDF cosine,1,Kenny Rogers,Endless love,country,Hayley Westenra,My Heart Belongs To You,classical,0.3785731793774883,False
TF-IDF cosine,2,Kenny Rogers,Endless love,country,Dru Hill,Share My World,r&b/soul,0.37057712077378174,False
TF-IDF cosine,1,Blake Shelton,Love Gets In The Way (Album Version),country,Bo Diddley,Diddy Wah Diddy,blues,0.36873062575052656,False
TF-IDF cosine,2,Blake Shelton,Love Gets In The Way (Album Version),country,The Pharcyde,Passin' Me By,hip hop,0.3236772196822073,False
TF-IDF cosine,1,George Strait,I'd Like To Have That One Back,country,Jesse Johnson,I Want My Girl,r&b/soul,0.38453582785011436,False
TF-IDF cosine,2,George Strait,I'd Like To Have That One Back,country,Emanon,She Thinks,hip hop,0.36306026904273475,False
TF-IDF cosine,1,George Strait,Marina Del Rey,country,Mark Wills,She's In Love,country,0.29121966983536146,True
TF-IDF cosine,2,George Strait,Marina Del Rey,country,Gerry Rafferty,The Royal Mile,folk,0.28862618672149526,False
TF-IDF cosine,1,George Strait,Milk Cow Blues,country,Memphis Minnie,Good Morning,blues,0.4130896437194259,False
TF-IDF cosine,2,George Strait,Milk Cow Blues,country,Robben Ford,The Way You Treated Me (You're Gonna Be Sorry),blues,0.4001408400561545,False
TF-IDF cosine,1,Josh Turner,Another Try,country,Boyz II Men,Amazed,r&b/soul,0.354666615737465,False
TF-IDF cosine,2,Josh Turner,Another Try,country,Death In Vegas,Killing Smile,rock,0.3401891672329137,False
TF-IDF cosine,1,Josh Turner,As Fast As I Could,country,Tom Petty,Square One (Album Version),rock,0.34983075338994535,False
TF-IDF cosine,2,Josh Turner,As Fast As I Could,country,Kevon Edmonds,Never Love You,r&b/soul,0.3067185289236374,False
TF-IDF cosine,1,Daft Punk,One More Time / Aerodynamic,electronic,Desmond Dekker,Sweet Music,reggae,0.39088954992364167,False
TF-IDF cosine,2,Daft Punk,One More Time / Aerodynamic,electronic,SUPREME BEINGS OF LEISURE,So Much More,electronic,0.3868385044085079,True
TF-IDF cosine,1,Daft Punk,One More Time (Romanthony's Unplugged),electronic,K-Ci & JoJo,Baby Come Back,blues,0.3739931544578756,False
TF-IDF cosine,2,Daft Punk,One More Time (Romanthony's Unplugged),electronic,The Jacksons,The Hurt,pop,0.3685859555082991,False
TF-IDF cosine,1,Daft Punk,Touch It / Technologic,electronic,Enrique Iglesias,She Be The One,latin,0.3623595611154398,False
TF-IDF cosine,2,Daft Punk,Touch It / Technologic,electronic,MU330,Tune Me Out,reggae,0.32102186236446056,False
TF-IDF cosine,1,Ke$ha,Boots &  Boys,electronic,Cass McCombs,Jonesy Boy,folk,0.36696545409618764,False
TF-IDF cosine,2,Ke$ha,Boots &  Boys,electronic,Ledisi,Joy,r&b/soul,0.32960424008934125,False
TF-IDF cosine,1,Ke$ha,Animal,electronic,Modern English,A Viable Commercial,punk,0.37610505027208124,False
TF-IDF cosine,2,Ke$ha,Animal,electronic,Big Bad Voodoo Daddy,Sleep Tight,jazz,0.3731028592319,False
TF-IDF cosine,1,Katy Perry,Hot N Cold (Innerpartysystem Main),electronic,Kevin Devine,It's Only Your Life,folk,0.34875260674573405,False
TF-IDF cosine,2,Katy Perry,Hot N Cold (Innerpartysystem Main),electronic,Yeah Yeah Yeahs,Dudley,rock,0.32576366481315533,False
TF-IDF cosine,1,Owl City,Captains and Cruise Ships,electronic,Katie Melua,faraway voice,jazz,0.3687846857423372,False
TF-IDF cosine,2,Owl City,Captains and Cruise Ships,electronic,The Kovenant,Spaceman,metal,0.33363585016433667,False
TF-IDF cosine,1,Owl City,Designer Skyline,electronic,Emiliana Torrini,Sunny Road,folk,0.3017384485953608,False
TF-IDF cosine,2,Owl City,Designer Skyline,electronic,Incognito,Marrakech,jazz,0.27211132404112975,False
TF-IDF cosine,1,Owl City,Early Birdie,electronic,Lauryn Hill,Adam Lives In Theory,r&b/soul,0.28694103620926437,False
TF-IDF cosine,2,Owl City,Early Birdie,electronic,Atmosphere,Hair,hip hop,0.2858211604601069,False
TF-IDF cosine,1,Owl City,Meteor Shower,electronic,Jane Child,Don't Let It Get To You (Album Version),pop,0.3515805632071387,False
TF-IDF cosine,2,Owl City,Meteor Shower,electronic,Atomic Rooster,Banstead,rock,0.33362134655572145,False
TF-IDF cosine,1,Owl City,This Is The Future,electronic,The Pietasters,Crime,reggae,0.2859332024512943,False
TF-IDF cosine,2,Owl City,This Is The Future,electronic,Symphorce,Tears,metal,0.2697773358725598,False
TF-IDF cosine,1,30 Seconds To Mars,Kings and Queens (Innerpartysystem Remix Main),electronic,J.J. Cale,Starbound,blues,0.3318515510809983,False
TF-IDF cosine,2,30 Seconds To Mars,Kings and Queens (Innerpartysystem Remix Main),electronic,Tin Machine,Heaven's In Here (1999 Digital Remaster),blues,0.30656894932007134,False
TF-IDF cosine,1,LMFAO,Bounce,electronic,2Pac,Strictly 4 My N.I.G.G.A.Z.,hip hop,0.4446721195367148,False
TF-IDF cosine,2,LMFAO,Bounce,electronic,50 Cent,Rowdy Rowdy,hip hop,0.4275822731995315,False
TF-IDF cosine,1,Crystal Castles,Vanished,electronic,Exploited,Dead Cities,punk,0.32739206622353273,False
TF-IDF cosine,2,Crystal Castles,Vanished,electronic,Kevin Max,Greensleeves,classical,0.3232749676203481,False
TF-IDF cosine,1,Crystal Castles,Xxzxcuzx,electronic,Voodoo Glow Skulls,Left For Dead,reggae,0.2821290124467563,False
TF-IDF cosine,2,Crystal Castles,Xxzxcuzx,electronic,G4,You're The Voice,classical,0.2706703968320984,False
TF-IDF cosine,1,Madonna,Die Another Day [Live],electronic,Brian Eno,Just Another Day (Album Version),electronic,0.3062178315834466,True
TF-IDF cosine,2,Madonna,Die Another Day [Live],electronic,Joe Bonamassa,Woke up Dreaming,blues,0.2983900848796421,False
TF-IDF cosine,1,The Smashing Pumpkins,Perfect (Nellee Hooper Instrumental),electronic,Buck-O-Nine,Pass The Dutchie,reggae,0.4606872902089256,False
TF-IDF cosine,2,The Smashing Pumpkins,Perfect (Nellee Hooper Instrumental),electronic,Jessica Simpson,The Lover In Me,pop,0.33412507338743963,False
TF-IDF cosine,1,Kylie Minogue,Love At First Sight (The Scumfrog's Beauty And The Beast Vocal Edit),electronic,JayMay,You Are The Only One I Love,folk,0.3521592571438869,False
TF-IDF cosine,2,Kylie Minogue,Love At First Sight (The Scumfrog's Beauty And The Beast Vocal Edit),electronic,Tammy Wynette,I Believe,country,0.3359674143990639,False
TF-IDF cosine,1,LMFAO,I Am Not A Whore,electronic,Merle Haggard,Love Me Tender,country,0.34785581362280504,False
TF-IDF cosine,2,LMFAO,I Am Not A Whore,electronic,Tamia,Mr. Cool (Featuring Mario Winans) (Album Version),r&b/soul,0.3451378736309954,False
TF-IDF cosine,1,Cascada,Fever,electronic,Chanté Moore,Better Than Making Love,r&b/soul,0.3921186844704686,False
TF-IDF cosine,2,Cascada,Fever,electronic,Rick James,Call Me Up,r&b/soul,0.37947079382057947,False
TF-IDF cosine,1,Depeche Mode,Freestate,electronic,Ella Fitzgerald,Let Yourself Go,jazz,0.44948175367934545,False
TF-IDF cosine,2,Depeche Mode,Freestate,electronic,Beverley Craven,Phoenix From The Fire,folk,0.35782039434616286,False
TF-IDF cosine,1,Depeche Mode,Personal Jesus,electronic,Lollipop Lust Kill,Personal Jesus,metal,0.93941902608718,False
TF-IDF cosine,2,Depeche Mode,Personal Jesus,electronic,UnsraW,-9-,rock,0.3492553067000145,False
TF-IDF cosine,1,Gorillaz,Broken,electronic,the bird and the bee,I'm a Broken Heart,rock,0.38252009668013803,False
TF-IDF cosine,2,Gorillaz,Broken,electronic,The Miracles,Broken Hearted,r&b/soul,0.3646538893197652,False
TF-IDF cosine,1,Gorillaz,Kids With Guns (Quiet Village Remix),electronic,Lower Definition,To Satellite,metal,0.3056133981680549,False
TF-IDF cosine,2,Gorillaz,Kids With Guns (Quiet Village Remix),electronic,KeKe Wyatt,Push Me Away,r&b/soul,0.29900078227634724,False
TF-IDF cosine,1,Gorillaz,Rhinestone Eyes,electronic,Dreams Come True,Dandelion Hill,jazz,0.3424992934672941,False
TF-IDF cosine,2,Gorillaz,Rhinestone Eyes,electronic,Goldfinger,99 Red Balloons,punk,0.3257388345814948,False
TF-IDF cosine,1,The Prodigy,Invaders Must Die,electronic,The Beautiful Mistake,Stavesail,punk,0.3626264430535606,False
TF-IDF cosine,2,The Prodigy,Invaders Must Die,electronic,Grace Jones,Nipple To The Bottle,r&b/soul,0.3590613390561848,False
TF-IDF cosine,1,The Prodigy,Wake Up Call (Album Version),electronic,Little Big Town,From This Dream,country,0.44656514660042845,False
TF-IDF cosine,2,The Prodigy,Wake Up Call (Album Version),electronic,Fatboy Slim,Right Here Right Now,electronic,0.4409438124277464,True
TF-IDF cosine,1,The Prodigy,We Gonna Rock,electronic,Apollo 440,Stop The Rock,electronic,0.45110282764449916,True
TF-IDF cosine,2,The Prodigy,We Gonna Rock,electronic,The B-52s,Rock Lobster (Live),electronic,0.442294757135648,True
TF-IDF cosine,1,Nine Inch Nails,The Great Collapse,electronic,Etta James,W.O.M.A.N.,blues,0.41368330201328496,False
TF-IDF cosine,2,Nine Inch Nails,The Great Collapse,electronic,B.B. King,Ain't That Just Like A Woman,blues,0.3960260237739651,False
TF-IDF cosine,1,Duran Duran,Electric Barbarella (Radio Edit),electronic,Lisa Stansfield,Time To Make You Mine,pop,0.33421830898413857,False
TF-IDF cosine,2,Duran Duran,Electric Barbarella (Radio Edit),electronic,Little Walter,You're So Fine,blues,0.32663210219273087,False
TF-IDF cosine,1,Björk,Pluto,electronic,Amel Larrieux,i like the sunrise,jazz,0.3055030840455583,False
TF-IDF cosine,2,Björk,Pluto,electronic,U.S. Bombs,All The Bodies,punk,0.29766946328310606,False
TF-IDF cosine,1,Empire Of The Sun,Delta Bay,electronic,George Jones,Who Shot Sam,country,0.31281904134940375,False
TF-IDF cosine,2,Empire Of The Sun,Delta Bay,electronic,Roy Buchanan,The Messiah Will Come Again,blues,0.29250533277793395,False
TF-IDF cosine,1,Empire Of The Sun,We Are The People (Shazam Remix),electronic,Rachael Yamagata,Even So,folk,0.35737347409449244,False
TF-IDF cosine,2,Empire Of The Sun,We Are The People (Shazam Remix),electronic,Yellowcard,Believe,punk,0.33854633531399747,False
TF-IDF cosine,1,The Maine,You Left Me,electronic,Mary J. Blige,Can't Get You Off My Mind,r&b/soul,0.4945001572828496,False
TF-IDF cosine,2,The Maine,You Left Me,electronic,Lush,Outside World,electronic,0.4848285721380405,True
TF-IDF cosine,1,Hot Chip,The Warning,electronic,Digable Planets,"Pacifics (Sdtrk ""N.Y. Is Red Hot"")",hip hop,0.35449374455319593,False
TF-IDF cosine,2,Hot Chip,The Warning,electronic,Petey Pablo,Show Me The Money,hip hop,0.34014457967202044,False
TF-IDF cosine,1,Enter Shikari,Keep It On Ice,electronic,A Tribe Called Quest,His Name Is Mutty Ranks,hip hop,0.2972559558599821,False
TF-IDF cosine,2,Enter Shikari,Keep It On Ice,electronic,Saez,My Funny Valentine,rock,0.2970242569667875,False
TF-IDF cosine,1,Enter Shikari,The Jester,electronic,Fergie,Get Your Hands Up,hip hop,0.2913595124010679,False
TF-IDF cosine,2,Enter Shikari,The Jester,electronic,Wolfmother,10_000 Feet,rock,0.289578365426462,False
TF-IDF cosine,1,Enya,Lazy Days,electronic,Kate Ryan,One Happy Day,electronic,0.2896591662966506,True
TF-IDF cosine,2,Enya,Lazy Days,electronic,Cream,Take It Back,blues,0.27901970632723544,False
TF-IDF cosine,1,Enya,Someone Said Goodbye,electronic,Maxi Priest,Never Did Say Goodbye,reggae,0.3969499775425067,False
TF-IDF cosine,2,Enya,Someone Said Goodbye,electronic,Naked Raygun,Treason,rock,0.3840785179067216,False
TF-IDF cosine,1,Enya,The Magic Of The Night,electronic,Freedom Call,Flying high,metal,0.4302022161191591,False
TF-IDF cosine,2,Enya,The Magic Of The Night,electronic,Tiffany Evans,Angels on Earth,blues,0.4107779528565765,False
TF-IDF cosine,1,Bruce Springsteen,Gave It A Name,folk,Willie Nelson,I Feel Sorry For Him,country,0.32855865842757537,False
TF-IDF cosine,2,Bruce Springsteen,Gave It A Name,folk,Adam Green,Bungee,folk,0.3209929386780297,True
TF-IDF cosine,1,Johnny Cash,The Vanishing Race,folk,Elizabeth Cotten,Willie,blues,0.33640327582233054,False
TF-IDF cosine,2,Johnny Cash,The Vanishing Race,folk,Roy Acuff,Wabash Cannonball,country,0.33402561418848303,False
TF-IDF cosine,1,John Mayer,All We Ever Do Is Say Goodbye,folk,Esthero,This Lull-a-bye (Album Version),jazz,0.4543797741172964,False
TF-IDF cosine,2,John Mayer,All We Ever Do Is Say Goodbye,folk,Carla Thomas,Don't Say No More,r&b/soul,0.4428886507658018,False
TF-IDF cosine,1,John Mayer,Clarity,folk,Cat Stevens,Rubylove,folk,0.5273252542506163,True
TF-IDF cosine,2,John Mayer,Clarity,folk,J.J. Cale,Ooh La La,blues,0.45350963770818403,False
TF-IDF cosine,1,John Mayer,Why Georgia,folk,Chicago,Life It What It Is (Remastered LP Version),pop,0.3101529298905632,False
TF-IDF cosine,2,John Mayer,Why Georgia,folk,Atmosphere,Hair,hip hop,0.3092680248169846,False
TF-IDF cosine,1,Jack Johnson,Mudfootball (For Moe Lerner),folk,Lauryn Hill,Interlude 5,r&b/soul,0.3368904172257144,False
TF-IDF cosine,2,Jack Johnson,Mudfootball (For Moe Lerner),folk,Alison Krauss / Union Station,Find My Way Back To My Heart,country,0.30083445009634635,False
TF-IDF cosine,1,Sufjan Stevens,Sister Winter,folk,Laura Fygi,I Wish You Love,jazz,0.35234949232297286,False
TF-IDF cosine,2,Sufjan Stevens,Sister Winter,folk,Incognito,Stone Cold Heart,r&b/soul,0.3287648244891755,False
TF-IDF cosine,1,Rufus Wainwright,In A Graveyard,folk,The Misfits,Static Age,punk,0.31613263462761815,False
TF-IDF cosine,2,Rufus Wainwright,In A Graveyard,folk,T Bone Burnett,I'm Going On A Long Journey Never To Return,blues,0.30580221756849907,False
TF-IDF cosine,1,Rufus Wainwright,Baby,folk,Old Crow Medicine Show,Fall On My Knees,folk,0.40278043696486215,True
TF-IDF cosine,2,Rufus Wainwright,Baby,folk,The Jeff Healey Band,My Little Girl,blues,0.3953298781696503,False
TF-IDF cosine,1,Edward Sharpe & The Magnetic Zeros,Janglin,folk,Dolly Parton,Daddy's Moonshine Still,country,0.34244734439390473,False
TF-IDF cosine,2,Edward Sharpe & The Magnetic Zeros,Janglin,folk,The Unseen,Dead Weight Falls (Album Version),punk,0.3239903800367966,False
TF-IDF cosine,1,Bob Dylan,Ballad In Plain D,folk,Kitty Wells,Mommy For A Day,country,0.3443253650467543,False
TF-IDF cosine,2,Bob Dylan,Ballad In Plain D,folk,The Pharcyde,Passin' Me By,hip hop,0.3429570087615945,False
TF-IDF cosine,1,Bob Dylan,One Of Us Must Know (Sooner Or Later),folk,The Mighty Mighty Bosstones,The Skeleton Song,reggae,0.36687025271666296,False
TF-IDF cosine,2,Bob Dylan,One Of Us Must Know (Sooner Or Later),folk,Lauryn Hill,Interlude 5,r&b/soul,0.35095037550855834,False
TF-IDF cosine,1,James Taylor,It's Growing,folk,Anthony David,Stop Playin',r&b/soul,0.337264864482875,False
TF-IDF cosine,2,James Taylor,It's Growing,folk,Nina Simone,Blues Prelude,jazz,0.3372592671691837,False
TF-IDF cosine,1,James Taylor,Oh_ Susannah (LP Version),folk,Jolie Holland,Love Henry,country,0.3965126463003146,False
TF-IDF cosine,2,James Taylor,Oh_ Susannah (LP Version),folk,Ayo,Down On My Knees,r&b/soul,0.38260432040445475,False
TF-IDF cosine,1,James Taylor,Something In The Way She Moves,folk,Skip James,Cherry Ball Blues,blues,0.3780098941250011,False
TF-IDF cosine,2,James Taylor,Something In The Way She Moves,folk,Little Walter,You're So Fine,blues,0.351721794442239,False
TF-IDF cosine,1,David Gray,Draw The Line,folk,Black Box,Strike It Up,electronic,0.33855783817561613,False
TF-IDF cosine,2,David Gray,Draw The Line,folk,The Streets,The Irony Of It All (Album Version),electronic,0.3019286911961588,False
TF-IDF cosine,1,David Gray,Sail Away,folk,George Thorogood And The Destroyers,Give Me Back My Wig,blues,0.3470198645883835,False
TF-IDF cosine,2,David Gray,Sail Away,folk,Boyz II Men,Never Go Away,r&b/soul,0.32411122742946746,False
TF-IDF cosine,1,David Gray,Stella The Artist,folk,Fairground Attraction,Winter Rose,folk,0.3813226439364804,True
TF-IDF cosine,2,David Gray,Stella The Artist,folk,Leadbelly,Keep Your Hands Off Her,blues,0.3352663093334754,False
TF-IDF cosine,1,Rise Against,Swing Life Away (Acoustic),folk,Gary Allan,Bourbon Borderline,country,0.3369133426887832,False
TF-IDF cosine,2,Rise Against,Swing Life Away (Acoustic),folk,Kings Of Convenience,Summer On The West Hill,folk,0.33450871406098964,True
TF-IDF cosine,1,Bob Dylan,Billy 4,folk,Nelly,St. Louie,hip hop,0.30874551175074394,False
TF-IDF cosine,2,Bob Dylan,Billy 4,folk,Gang Starr,The Illest Brother,hip hop,0.30480277321878674,False
TF-IDF cosine,1,Bob Dylan,Stuck Inside Of Mobile With The Memphis Blues Again,folk,Judge Dread,The Winkle Man,reggae,0.3755229974769261,False
TF-IDF cosine,2,Bob Dylan,Stuck Inside Of Mobile With The Memphis Blues Again,folk,Bessie Smith,Beale Street Mama,blues,0.37337167038923647,False
TF-IDF cosine,1,Bob Dylan,Pretty Peggy-O,folk,John Mayall,My Pretty Girl,blues,0.32134866948902635,False
TF-IDF cosine,2,Bob Dylan,Pretty Peggy-O,folk,Capdown,Truly Dead,reggae,0.3177042539826503,False
TF-IDF cosine,1,Bob Dylan,She Belongs To Me,folk,Lee Roy Parnell,When A Woman Loves A Man,country,0.36999798545563456,False
TF-IDF cosine,2,Bob Dylan,She Belongs To Me,folk,Freshman 15,She's Everything,punk,0.36635724888955457,False
TF-IDF cosine,1,Bob Dylan,When The Deal Goes Down,folk,Kristine W,Strings,r&b/soul,0.310412868537807,False
TF-IDF cosine,2,Bob Dylan,When The Deal Goes Down,folk,Only Crime,Framed Then Failed,punk,0.28854852779062706,False
TF-IDF cosine,1,Bob Dylan,With God On Our Side,folk,Ensiferum,Into Battle,metal,0.3692832041380837,False
TF-IDF cosine,2,Bob Dylan,With God On Our Side,folk,Dead Kennedys,Kinky Sex Makes the World Go 'Round,punk,0.3359464680594849,False
TF-IDF cosine,1,The Smashing Pumpkins,Terrapin,folk,Harry Connick_ Jr.,We Are In Love,jazz,0.3405502381904979,False
TF-IDF cosine,2,The Smashing Pumpkins,Terrapin,folk,Billie Holiday,Embraceable you,jazz,0.3067841850941608,False
TF-IDF cosine,1,James Taylor,On The 4th of July,folk,Cinderella Effect,Standing,electronic,0.29030510820452005,False
TF-IDF cosine,2,James Taylor,On The 4th of July,folk,Ian McCulloch,Proud To Fall,punk,0.28559622506650756,False
TF-IDF cosine,1,James Taylor,Company Man,folk,Faith No More,Chinese Arithmetic,rock,0.3465590161060667,False
TF-IDF cosine,2,James Taylor,Company Man,folk,Moe Bandy,The Strawberry Roan,country,0.3386293044945593,False
TF-IDF cosine,1,Jimmy Buffett,Ace,folk,Bellamy Brothers,Old Hippie,country,0.38362618686552286,False
TF-IDF cosine,2,Jimmy Buffett,Ace,folk,Savatage,The Hourglass,metal,0.36385316341363655,False
TF-IDF cosine,1,Ryan Adams,How Do You Keep Love Alive,folk,Say Anything,Goodbye Young Tutor_ You've Now Outgrown Me,folk,0.3082189258146438,True
TF-IDF cosine,2,Ryan Adams,How Do You Keep Love Alive,folk,Disciple,Southern Hospitality,metal,0.3044232382263968,False
TF-IDF cosine,1,Ryan Adams,When The Stars Go Blue,folk,Billie Holiday,Laughing At Life,jazz,0.3325782830543036,False
TF-IDF cosine,2,Ryan Adams,When The Stars Go Blue,folk,Frank Sinatra,In The Blue Of The Evening,jazz,0.3226440444100373,False
TF-IDF cosine,1,Ray LaMontagne,Forever My Friend,folk,Eliane Elias,Call Me,jazz,0.4050558843058399,False
TF-IDF cosine,2,Ray LaMontagne,Forever My Friend,folk,S Club,Straight From The Heart,pop,0.34992232562794173,False
TF-IDF cosine,1,Ray LaMontagne,How Come [Acoustic Mix],folk,Black Box,Everybody Everybody,electronic,0.33662323547432316,False
TF-IDF cosine,2,Ray LaMontagne,How Come [Acoustic Mix],folk,Space,Begin Again,electronic,0.3049962657850116,False
TF-IDF cosine,1,Leonard Cohen,Chelsea Hotel #2,folk,Moby,One Time We Lived,electronic,0.31641057223448293,False
TF-IDF cosine,2,Leonard Cohen,Chelsea Hotel #2,folk,Marvin Gaye,Come Get To This,r&b/soul,0.3120572998879712,False
TF-IDF cosine,1,We Are Scientists,Lethal Enforcer (Live From Union Chapel_ London),folk,Jon Secada,Take Me,pop,0.3272110149673018,False
TF-IDF cosine,2,We Are Scientists,Lethal Enforcer (Live From Union Chapel_ London),folk,Natalie Cole,Don't Get Around Much Anymore,jazz,0.30173705649693694,False
TF-IDF cosine,1,KT Tunstall,Change,folk,Pillar,Hindsight,metal,0.3094466741465185,False
TF-IDF cosine,2,KT Tunstall,Change,folk,Sparks,Angst In My Pants,electronic,0.30883564623422377,False
TF-IDF cosine,1,KT Tunstall,Under The Weather,folk,Conway Twitty,Where I Stand,country,0.3266202434482614,False
TF-IDF cosine,2,KT Tunstall,Under The Weather,folk,Pepper,Love 101,reggae,0.29868098393013426,False
TF-IDF cosine,1,The Verve,So Sister,folk,Johnny Winter,Miss Ann,blues,0.4439689821043742,False
TF-IDF cosine,2,The Verve,So Sister,folk,Isaac Hayes,By The Time I Get To Phoenix,r&b/soul,0.3419655628143562,False
TF-IDF cosine,1,Liz Phair,Lost Tonight,folk,Avant,Out of Character,blues,0.3695284168581633,False
TF-IDF cosine,2,Liz Phair,Lost Tonight,folk,The Gaslight Anthem,Even Cowgirls Get The Blues,rock,0.35628195843923793,False
TF-IDF cosine,1,The Pogues,Sunnyside Of The Street,folk,Benny Goodman,On The Sunny Side Of The Street,jazz,0.3179940386838023,False
TF-IDF cosine,2,The Pogues,Sunnyside Of The Street,folk,Us3,Dead End Street,jazz,0.3176418605261687,False
TF-IDF cosine,1,Kanye West,Can't Tell Me Nothing,hip hop,Pat Travers,I La La La Love You,blues,0.4153785875852433,False
TF-IDF cosine,2,Kanye West,Can't Tell Me Nothing,hip hop,Lauryn Hill,Interlude 5,r&b/soul,0.37419441803276954,False
TF-IDF cosine,1,Kanye West,Graduation Day,hip hop,Immortal Technique,Crossing the Boundary,hip hop,0.3652190137260148,True
TF-IDF cosine,2,Kanye West,Graduation Day,hip hop,Remy Ma,I'm,hip hop,0.358441326470105,True
TF-IDF cosine,1,Kanye West,Wake Up Mr. West,hip hop,DMX,Keep Your Shit The Hardest,hip hop,0.32393165124225104,True
TF-IDF cosine,2,Kanye West,Wake Up Mr. West,hip hop,Billy Ray Cyrus,Like Nothing Else,country,0.31754134722982386,False
TF-IDF cosine,1,Black Eyed Peas,A8,hip hop,Michael Jackson,Man In The Mirror,pop,0.3911129450535213,False
TF-IDF cosine,2,Black Eyed Peas,A8,hip hop,Kayah,Dla Niego,pop,0.38726511339645964,False
TF-IDF cosine,1,Black Eyed Peas,Boom Boom Guetta,hip hop,Chris Murray,Steady Beat Convention,reggae,0.3753633625505296,False
TF-IDF cosine,2,Black Eyed Peas,Boom Boom Guetta,hip hop,Beastie Boys,Pass The Mic (Pt. 2_ Skills To Pay The Bills) (2009 Digital Remaster),hip hop,0.3662625479446994,True
TF-IDF cosine,1,Black Eyed Peas,Communication,hip hop,King Tee,Guitar Playin',hip hop,0.37522745041420486,True
TF-IDF cosine,2,Black Eyed Peas,Communication,hip hop,The Pharcyde,I'm That Type Of Ni**a,hip hop,0.3745809447090176,True
TF-IDF cosine,1,Black Eyed Peas,One Tribe,hip hop,Gang Starr,The Illest Brother,hip hop,0.3700090890984882,True
TF-IDF cosine,2,Black Eyed Peas,One Tribe,hip hop,Sara Gazarek,Yours (Live),jazz,0.3665958321901955,False
TF-IDF cosine,1,Black Eyed Peas,Sexy,hip hop,Marques Houston,Naked,r&b/soul,0.4001337402696864,False
TF-IDF cosine,2,Black Eyed Peas,Sexy,hip hop,R. Kelly,In The Kitchen,r&b/soul,0.36508414239265813,False
TF-IDF cosine,1,Black Eyed Peas,Tell Your Momma Come,hip hop,Beastie Boys,Pass The Mic (Pt. 2_ Skills To Pay The Bills) (2009 Digital Remaster),hip hop,0.39134923361739987,True
TF-IDF cosine,2,Black Eyed Peas,Tell Your Momma Come,hip hop,Missy Elliott,Back In The Day (Explicit LP Version),hip hop,0.3473968110819046,True
TF-IDF cosine,1,Black Eyed Peas,The Apl Song,hip hop,Above The Law,Flow On (Move Me No Mountain),hip hop,0.31999111180731954,True
TF-IDF cosine,2,Black Eyed Peas,The Apl Song,hip hop,Twista,Overdose (Album Version),hip hop,0.316526151811777,True
TF-IDF cosine,1,Kanye West,Diamonds From Sierra Leone,hip hop,Above The Law,Flow On (Move Me No Mountain),hip hop,0.4043929230287429,True
TF-IDF cosine,2,Kanye West,Diamonds From Sierra Leone,hip hop,Binary Star,Honest Expression,hip hop,0.4029015278690785,True
TF-IDF cosine,1,Eminem,If I Had,hip hop,Skip James,I'm So Glad,blues,0.4133255028329054,False
TF-IDF cosine,2,Eminem,If I Had,hip hop,Binary Star,Honest Expression,hip hop,0.3614953064923398,True
TF-IDF cosine,1,Eminem,Ken Kaniff,hip hop,Redman,Soopaman Luva 3,hip hop,0.41833516763958345,True
TF-IDF cosine,2,Eminem,Ken Kaniff,hip hop,Del The Funky Homosapien,Faulty,hip hop,0.38563290877558914,True
TF-IDF cosine,1,Eminem,My Darling,hip hop,Gang Starr,The Illest Brother,hip hop,0.38476862037550374,True
TF-IDF cosine,2,Eminem,My Darling,hip hop,Lauryn Hill,Interlude 5,r&b/soul,0.373616149511207,False
TF-IDF cosine,1,Eminem,8 Mile,hip hop,Common,Book Of Life,hip hop,0.41148368126406526,True
TF-IDF cosine,2,Eminem,8 Mile,hip hop,Above The Law,Flow On (Move Me No Mountain),hip hop,0.4050451840858351,True
TF-IDF cosine,1,Usher,Love Was Here,hip hop,Willie Nelson,All Of Me,country,0.43435644012143243,False
TF-IDF cosine,2,Usher,Love Was Here,hip hop,K-Ci & JoJo,Baby Come Back,blues,0.4001418036204124,False
TF-IDF cosine,1,Akon,Be With You,hip hop,Millencolin,Random I Am (Album Version),punk,0.3939021939329245,False
TF-IDF cosine,2,Akon,Be With You,hip hop,Clawfinger,Revenge,metal,0.38449942836524625,False
TF-IDF cosine,1,Akon,Locked Up,hip hop,KathrynWilliams,Room In My Head,folk,0.4059631184100473,False
TF-IDF cosine,2,Akon,Locked Up,hip hop,J.J. Cale,Shanghaid,blues,0.38603140131194547,False
TF-IDF cosine,1,Jay-Z,So Ghetto,hip hop,2Pac,Strictly 4 My N.I.G.G.A.Z.,hip hop,0.44982558330248845,True
TF-IDF cosine,2,Jay-Z,So Ghetto,hip hop,EPMD,Right Now,hip hop,0.44776536300694814,True
TF-IDF cosine,1,Jay-Z,Heart Of The City (Ain't No Love),hip hop,2Pac,Strictly 4 My N.I.G.G.A.Z.,hip hop,0.4376158769718299,True
TF-IDF cosine,2,Jay-Z,Heart Of The City (Ain't No Love),hip hop,Westside Connection,Superstar (Double Murder = Double Platinum),r&b/soul,0.43109196918657366,False
TF-IDF cosine,1,Eminem,Rabbit Run,hip hop,Twiztid,She Ain't Afraid,hip hop,0.44071994312826457,True
TF-IDF cosine,2,Eminem,Rabbit Run,hip hop,Twista,Overdose (Album Version),hip hop,0.4150760737399663,True
TF-IDF cosine,1,Nelly,Splurge,hip hop,Juvenile,Around The Way [Explicit Album Version],hip hop,0.4393887957220054,True
TF-IDF cosine,2,Nelly,Splurge,hip hop,DMX,Keep Your Shit The Hardest,hip hop,0.40560889434023917,True
TF-IDF cosine,1,Nelly,St. Louie,hip hop,Soulja Slim,From What I Was Told,hip hop,0.3672398899284653,True
TF-IDF cosine,2,Nelly,St. Louie,hip hop,Lloyd Banks,Just Another Day,hip hop,0.36381581993370116,True
TF-IDF cosine,1,Nelly,Wrap Sumden,hip hop,KMD,Contact Blitt,hip hop,0.41417907188059855,True
TF-IDF cosine,2,Nelly,Wrap Sumden,hip hop,Mobb Deep,Trife Life,hip hop,0.4066257782318278,True
TF-IDF cosine,1,Jay-Z,Soon You'll Understand,hip hop,The Pharcyde,Pack The Pipe,hip hop,0.3851111437354709,True
TF-IDF cosine,2,Jay-Z,Soon You'll Understand,hip hop,Lauryn Hill,Interlude 5,r&b/soul,0.38093323217520064,False
TF-IDF cosine,1,Jay-Z,Encore,hip hop,Twista,Overdose (Album Version),hip hop,0.4106762747919478,True
TF-IDF cosine,2,Jay-Z,Encore,hip hop,A Tribe Called Quest,Peace_ Prosperity & Paper,hip hop,0.40758776342548,True
TF-IDF cosine,1,Nelly,Say Now,hip hop,Tiziano Ferro,Universal Prayer,pop,0.41711419065296407,False
TF-IDF cosine,2,Nelly,Say Now,hip hop,Sentidos Opuestos,Oh Na Na Na,latin,0.4139108990687237,False
TF-IDF cosine,1,Dr. Dre,Been There Done That,hip hop,Gang Starr,The Illest Brother,hip hop,0.3499569032375068,True
TF-IDF cosine,2,Dr. Dre,Been There Done That,hip hop,WWE John Cena and Tha Trademarc,Just Another Day,hip hop,0.33998092912735045,True
TF-IDF cosine,1,Sean Kingston,Magical,hip hop,Babyface,I Love You Babe,r&b/soul,0.4020713423377803,False
TF-IDF cosine,2,Sean Kingston,Magical,hip hop,Shai,Waiting For The Day,r&b/soul,0.3791005863240238,False
TF-IDF cosine,1,Sean Kingston,Over,hip hop,Wall Of Voodoo,Do It Again,pop,0.33283997134628557,False
TF-IDF cosine,2,Sean Kingston,Over,hip hop,Omarion,I'm Gon' Change,r&b/soul,0.3274258137500572,False
TF-IDF cosine,1,Sean Kingston,Wrap U Around Me,hip hop,Prince,Jack U Off (LP Version),r&b/soul,0.36007441766758524,False
TF-IDF cosine,2,Sean Kingston,Wrap U Around Me,hip hop,Janet Jackson,Never Letchu Go,r&b/soul,0.3598255576533504,False
TF-IDF cosine,1,M.I.A.,Paper Planes,hip hop,KMD,Plumskinzz (Loose Hoe_ God & Cupid),hip hop,0.302817071572276,True
TF-IDF cosine,2,M.I.A.,Paper Planes,hip hop,Plasmatics,Monkey Suit,punk,0.3008756032450494,False
TF-IDF cosine,1,Thousand Foot Krutch,Set It Off,hip hop,Jeru The Damaja,Physical Stamina,hip hop,0.3766092669640641,True
TF-IDF cosine,2,Thousand Foot Krutch,Set It Off,hip hop,Beastie Boys,B-Boy Bouillabaisse: A.W.O.L. (2009 Digital Remaster),hip hop,0.35992776965022233,True
TF-IDF cosine,1,Ludacris,Ho,hip hop,Big Bad Voodoo Daddy,Mambo Swing,jazz,0.5067183426592576,False
TF-IDF cosine,2,Ludacris,Ho,hip hop,Gene Autry,Up On The House Top,country,0.4654088964974745,False
TF-IDF cosine,1,Wu-Tang Clan,The What,hip hop,50 Cent,Rowdy Rowdy,hip hop,0.46742216470323783,True
TF-IDF cosine,2,Wu-Tang Clan,The What,hip hop,Onyx,The Worst,hip hop,0.4518111039300029,True
TF-IDF cosine,1,50 Cent,Rowdy Rowdy,hip hop,Soulja Slim,From What I Was Told,hip hop,0.5149050984487225,True
TF-IDF cosine,2,50 Cent,Rowdy Rowdy,hip hop,Eazy-E,Real Muthaphuckkin' G's,hip hop,0.5129386683653439,True
TF-IDF cosine,1,Snoop Dogg,Bang Out,hip hop,Ying Yang Twins,1st Booty On Duty,hip hop,0.44702145978825775,True
TF-IDF cosine,2,Snoop Dogg,Bang Out,hip hop,Kurupt,Ho's A Housewife,hip hop,0.42222206450916744,True
TF-IDF cosine,1,Snoop Dogg,Snoopafella (Edited),hip hop,Beastie Boys,B-Boy Bouillabaisse: A.W.O.L. (2009 Digital Remaster),hip hop,0.44100442499833115,True
TF-IDF cosine,2,Snoop Dogg,Snoopafella (Edited),hip hop,Redman,Soopaman Luva 3,hip hop,0.43755482411448143,True
TF-IDF cosine,1,Atmosphere,Hair,hip hop,Chicago,Caroline (Album Version),pop,0.3854716359191622,False
TF-IDF cosine,2,Atmosphere,Hair,hip hop,John Legend,I Can Change,r&b/soul,0.3839130484619704,False
TF-IDF cosine,1,Atmosphere,Happymess,hip hop,Lauryn Hill,Interlude 5,r&b/soul,0.34728833197465997,False
TF-IDF cosine,2,Atmosphere,Happymess,hip hop,Amber Pacific,The Right to Write Me Off,punk,0.3379200227400892,False
TF-IDF cosine,1,Michael Bublé,Put Your Head On My Shoulder (Album Version),jazz,Jesse Johnson,Love Struck,r&b/soul,0.3054268742131597,False
TF-IDF cosine,2,Michael Bublé,Put Your Head On My Shoulder (Album Version),jazz,Eddy Grant,Can't Get Enough Of You,reggae,0.2984291328644451,False
TF-IDF cosine,1,Michael Bublé,Stuck In The Middle With You (Non-Album Track),jazz,Westbound Train,When I Die,reggae,0.3875461070522859,False
TF-IDF cosine,2,Michael Bublé,Stuck In The Middle With You (Non-Album Track),jazz,Marvin Sease,Stuck In The Middle,blues,0.350071978304412,False
TF-IDF cosine,1,Michael Bublé,You'll Never Find Another Love Like Mine (Album Version),jazz,Everything But The Girl,Love Is Strange,folk,0.4462807293622054,False
TF-IDF cosine,2,Michael Bublé,You'll Never Find Another Love Like Mine (Album Version),jazz,Dusty Springfield,Some Of Your Lovin',pop,0.3973323321335874,False
TF-IDF cosine,1,Ray Charles,Kiss me baby,jazz,Colin James,Sit Right Here,blues,0.3548686350946076,False
TF-IDF cosine,2,Ray Charles,Kiss me baby,jazz,Bo Diddley,I'm Looking For A Woman,blues,0.34234848939961365,False
TF-IDF cosine,1,Ray Charles,Let's Go,jazz,Steely Dan,Don't Let Me In,jazz,0.38553598459381144,True
TF-IDF cosine,2,Ray Charles,Let's Go,jazz,Stevie Wonder,If You Really Love Me,r&b/soul,0.37246481009344756,False
TF-IDF cosine,1,Ray Charles,Moon Over Miami,jazz,Ella Fitzgerald,How High The Moon,jazz,0.3600075257478963,True
TF-IDF cosine,2,Ray Charles,Moon Over Miami,jazz,Ella Fitzgerald,Russian Lullaby,jazz,0.33026915458004097,True
TF-IDF cosine,1,Nat King Cole,Hit That Jive Jack,jazz,Sam Cooke,Shake,r&b/soul,0.3151984886959682,False
TF-IDF cosine,2,Nat King Cole,Hit That Jive Jack,jazz,Nivea,Indian Dance,r&b/soul,0.3059154032334078,False
TF-IDF cosine,1,Nat King Cole,The Christmas Song,jazz,Billy Gilman,The Christmas Song,country,0.9548660651850562,False
TF-IDF cosine,2,Nat King Cole,The Christmas Song,jazz,Seth Lakeman,The Colliers,folk,0.2931903874368352,False
TF-IDF cosine,1,Nat King Cole,Too Young,jazz,The Partridge Family,It's You,pop,0.37034774025990536,False
TF-IDF cosine,2,Nat King Cole,Too Young,jazz,Donny Hathaway,To Be Young_ Gifted And Black (LP Version),r&b/soul,0.3548767697506141,False
TF-IDF cosine,1,Nat King Cole,Unforgettable,jazz,Lloyd Price,Just Because,blues,0.31911617548630256,False
TF-IDF cosine,2,Nat King Cole,Unforgettable,jazz,Whitney Houston,You Give Good Love,r&b/soul,0.30710448019760417,False
TF-IDF cosine,1,Nat King Cole,Autumn Leaves,jazz,Stevie Wonder,Stay Gold,r&b/soul,0.2837234156357952,False
TF-IDF cosine,2,Nat King Cole,Autumn Leaves,jazz,Kotipelto,Evening's Fall,metal,0.2727691710732909,False
TF-IDF cosine,1,Nat King Cole,Love Is A Many Splendored Thing,jazz,Pnau,Lover,electronic,0.29652649480468934,False
TF-IDF cosine,2,Nat King Cole,Love Is A Many Splendored Thing,jazz,John Denver,For You,country,0.2820733998434845,False
TF-IDF cosine,1,Nat King Cole,Smoke Gets in Your Eyes,jazz,Bryan Ferry,Smoke Gets In Your Eyes,folk,0.9473557804305532,False
TF-IDF cosine,2,Nat King Cole,Smoke Gets in Your Eyes,jazz,Alison Krauss / Union Station,Find My Way Back To My Heart,country,0.3073973886320072,False
TF-IDF cosine,1,Nat King Cole,If You Can't Smile And Say Yes,jazz,Róisín Murphy,Cry Baby,electronic,0.3496488683673867,False
TF-IDF cosine,2,Nat King Cole,If You Can't Smile And Say Yes,jazz,Albert Hammond Jr,G Up,rock,0.3186742712576989,False
TF-IDF cosine,1,Nat King Cole,She's Funny That Way,jazz,Charlie Wilson,What You Do To Me,r&b/soul,0.3754044664296682,False
TF-IDF cosine,2,Nat King Cole,She's Funny That Way,jazz,Natalie Cole,Your Eyes,r&b/soul,0.35136353677287796,False
TF-IDF cosine,1,Nat King Cole,The Ruby And The Pearl (2003 Digital Remaster),jazz,Paul Anka,Love Me Warm And Tender,punk,0.35571320494710923,False
TF-IDF cosine,2,Nat King Cole,The Ruby And The Pearl (2003 Digital Remaster),jazz,The Gathering,Nighttime Birds,metal,0.3375082386319563,False
TF-IDF cosine,1,Nat King Cole,The Very Thought Of You,jazz,Willie Nelson,A Moment Isn't Very Long,country,0.3293417979532976,False
TF-IDF cosine,2,Nat King Cole,The Very Thought Of You,jazz,Dusty Springfield,Meditation,jazz,0.31675302517399156,True
TF-IDF cosine,1,Bing Crosby,Rudolph The Red-Nosed Reindeer,jazz,Gene Autry,Rudolph The Red Nosed Reindeer,classical,0.581871718519869,False
TF-IDF cosine,2,Bing Crosby,Rudolph The Red-Nosed Reindeer,jazz,Tom Waits,Reeperbahn,blues,0.3627531179171237,False
TF-IDF cosine,1,Norah Jones,December,jazz,Celtic Woman,May It Be,electronic,0.3077182050728292,False
TF-IDF cosine,2,Norah Jones,December,jazz,Laura Fygi,I Wish You Love,jazz,0.29971150661246126,True
TF-IDF cosine,1,Norah Jones,Don't Know Why (Live),jazz,B.B. King,Buzz Me,blues,0.3018960293106887,False
TF-IDF cosine,2,Norah Jones,Don't Know Why (Live),jazz,SFDK,Phantom,hip hop,0.28926625152096286,False
TF-IDF cosine,1,Norah Jones,Humble Me,jazz,Big Bill Broonzy,Saturday Evening Blues,blues,0.3096789950541427,False
TF-IDF cosine,2,Norah Jones,Humble Me,jazz,ERIC SARDINAS,Old Smyrna Road,blues,0.30884315330381895,False
TF-IDF cosine,1,Norah Jones,I've Got To See You Again,jazz,The Rapture,Killing,punk,0.3358726852621735,False
TF-IDF cosine,2,Norah Jones,I've Got To See You Again,jazz,Ayo,Better Days,r&b/soul,0.33528454112990197,False
TF-IDF cosine,1,Norah Jones,Sinkin' Soon (iTunes Live Session),jazz,The Plasmatics,You're A Zombie,punk,0.31931252812090233,False
TF-IDF cosine,2,Norah Jones,Sinkin' Soon (iTunes Live Session),jazz,Less Than Jake,She's Gonna Break Soon (Radio Edit) (w/o Horns),reggae,0.3078614110877942,False
TF-IDF cosine,1,Norah Jones,The Long Way Home,jazz,En Vogue,Love Don't Love You (LP Version),r&b/soul,0.33758928987878967,False
TF-IDF cosine,2,Norah Jones,The Long Way Home,jazz,Marvin Gaye,You Sure Love To Ball,r&b/soul,0.3144192004964551,False
TF-IDF cosine,1,Norah Jones,Those Sweet Words,jazz,The Derek Trucks Band,Sweet Inspiration,blues,0.3184143501222082,False
TF-IDF cosine,2,Norah Jones,Those Sweet Words,jazz,Kings Of Convenience,Singing Softly To Me,folk,0.3076033083888296,False
TF-IDF cosine,1,Norah Jones,Wish I Could (Live),jazz,The Pharcyde,Passin' Me By,hip hop,0.3541483412183478,False
TF-IDF cosine,2,Norah Jones,Wish I Could (Live),jazz,Amy MacDonald,Mr Rock & Roll,pop,0.34786413212667283,False
TF-IDF cosine,1,Norah Jones,My Dear Country,jazz,Billie Holiday,Guilty,jazz,0.3696852347935626,True
TF-IDF cosine,2,Norah Jones,My Dear Country,jazz,Buck-O-Nine,Silence,reggae,0.3364244846424355,False
TF-IDF cosine,1,Dean Martin,I Love The Way You Say Goodnight,jazz,Ella Fitzgerald,It's a Pity to Say Goodnight,jazz,0.3422549526618198,True
TF-IDF cosine,2,Dean Martin,I Love The Way You Say Goodnight,jazz,Steely Dan,Cousin Dupree,jazz,0.32001699058923905,True
TF-IDF cosine,1,Dean Martin,White Christmas,jazz,Keren Ann,Sur Le Fil,pop,0.5266704615144867,False
TF-IDF cosine,2,Dean Martin,White Christmas,jazz,Nolwenn Leroy,Le Rêve Des Filles,pop,0.4800116851029244,False
TF-IDF cosine,1,Dean Martin,Memories Are Made Of This,jazz,Ms. Dynamite,Back Then,hip hop,0.3356943483093002,False
TF-IDF cosine,2,Dean Martin,Memories Are Made Of This,jazz,Motion City Soundtrack,Fell in Love Without You (Cd),punk,0.30615134610983813,False
TF-IDF cosine,1,Norah Jones,Little Room,jazz,Lucinda Williams,Disgusted,blues,0.31023028060075575,False
TF-IDF cosine,2,Norah Jones,Little Room,jazz,Gatsbys American Dream,The Hunter,punk,0.29426016100888874,False
TF-IDF cosine,1,The Puppini Sisters,Bei Mir Bist Du Schön,jazz,Kent,Elefanter,rock,0.35310558699115824,False
TF-IDF cosine,2,The Puppini Sisters,Bei Mir Bist Du Schön,jazz,Sondaschule,Lieber einen paffen,reggae,0.32060135787154764,False
TF-IDF cosine,1,The Puppini Sisters,Don't Sit Under The Apple Tree,jazz,Jackson 5,(You Were Made) Especially For Me,r&b/soul,0.4209489384911443,False
TF-IDF cosine,2,The Puppini Sisters,Don't Sit Under The Apple Tree,jazz,Irma Thomas,Anyone Who Knows What Love Is (Will Understand),r&b/soul,0.38876848906596245,False
TF-IDF cosine,1,The Puppini Sisters,Falling In Love Again,jazz,Danni Carlos,Falling In Love Again,pop,0.9081565629861235,False
TF-IDF cosine,2,The Puppini Sisters,Falling In Love Again,jazz,Lisa Stansfield,Never Gonna Fall,r&b/soul,0.3637861808791981,False
TF-IDF cosine,1,The Puppini Sisters,Heebie Jeebies,jazz,Eddie Rabbitt,I Wanna Dance With You,country,0.39507451894654105,False
TF-IDF cosine,2,The Puppini Sisters,Heebie Jeebies,jazz,Stacey Kent,Shall We Dance,jazz,0.38811355749478677,True
TF-IDF cosine,1,The Puppini Sisters,I Will Survive,jazz,Emanon,She Thinks,hip hop,0.3537150984198105,False
TF-IDF cosine,2,The Puppini Sisters,I Will Survive,jazz,Rhonda Vincent,Forever Ain't That Long Anymore,country,0.337578016271736,False
TF-IDF cosine,1,The Puppini Sisters,In The Mood,jazz,Joy Electric,The Cobbler,electronic,0.3160239013282646,False
TF-IDF cosine,2,The Puppini Sisters,In The Mood,jazz,Bill Withers,Who Is He? (And What Is He To You?),r&b/soul,0.31241102864909015,False
TF-IDF cosine,1,Dean Martin,Kiss,jazz,Paul Potts,La Prima Volta (First Time Ever I Saw Your Face),classical,0.3714665292725677,False
TF-IDF cosine,2,Dean Martin,Kiss,jazz,R. Kelly,Kickin' It With Your Girlfriend,r&b/soul,0.36156990650590304,False
TF-IDF cosine,1,Dean Martin,Let Me Go Lover,jazz,Cinderella Effect,Clone Your Lover,classical,0.40491815667172065,False
TF-IDF cosine,2,Dean Martin,Let Me Go Lover,jazz,Mercury Rev,The Climbing Rose,rock,0.3675011454424129,False
TF-IDF cosine,1,Dean Martin,On An Evening In Roma (Sott'er Celo De Roma),jazz,Alessandro Safina,Canto La Vita,classical,0.42530006731416586,False
TF-IDF cosine,2,Dean Martin,On An Evening In Roma (Sott'er Celo De Roma),jazz,Après La Classe,Libero liberi libera,reggae,0.39814471688683845,False
TF-IDF cosine,1,Enrique Iglesias,No Puedo Mas Sin Ti (I'm Your Man),latin,Ana Gabriel,Y Aqui Estoy,latin,0.7017821726387734,True
TF-IDF cosine,2,Enrique Iglesias,No Puedo Mas Sin Ti (I'm Your Man),latin,Selena,Amame,pop,0.6947394440573372,False
TF-IDF cosine,1,Shakira,En Tus Pupilas,latin,Alejandro Fernandez,Quisiera,latin,0.5806817989316969,True
TF-IDF cosine,2,Shakira,En Tus Pupilas,latin,Yanni,Desire,classical,0.5722922006571776,False
TF-IDF cosine,1,Shakira,Que Me Quedes Tu,latin,Violadores del Verso,No Paseis Por Alto A Los Genios,hip hop,0.6754144487201396,False
TF-IDF cosine,2,Shakira,Que Me Quedes Tu,latin,Los Jaivas,Pregon Para Iluminarse,folk,0.6599215533437214,False
TF-IDF cosine,1,Shakira,Sombra De Ti,latin,Luz Casal,No Te Vayas,blues,0.6924265393682871,False
TF-IDF cosine,2,Shakira,Sombra De Ti,latin,Los Van Van,Quien No Ha Dicho Una Mentira,latin,0.6846491784216401,True
TF-IDF cosine,1,Shakira,Te Dejo Madrid,latin,Gilberto Santa Rosa,Amor Mio No Te Vayas,latin,0.6752684264573231,True
TF-IDF cosine,2,Shakira,Te Dejo Madrid,latin,Elvis Crespo,Suavemente,latin,0.6735461987718505,True
TF-IDF cosine,1,Shakira,Tú,latin,Carlos Vives,19 De Noviembre,latin,0.6999615367476243,True
TF-IDF cosine,2,Shakira,Tú,latin,Reik,Sin Conocerte,pop,0.6865415217265854,False
TF-IDF cosine,1,Enrique Iglesias,La Chica De Ayer,latin,Alejandro Fernandez,Eres,latin,0.6322514615168907,True
TF-IDF cosine,2,Enrique Iglesias,La Chica De Ayer,latin,Vittorio Grigolo,Magia De Amor,classical,0.6231420141522385,False
TF-IDF cosine,1,Enrique Iglesias,Adicto,latin,Fito Paez,Giros,pop,0.6724019377162346,False
TF-IDF cosine,2,Enrique Iglesias,Adicto,latin,David Bisbal,Como La Primera Vez,latin,0.6516504705102006,True
TF-IDF cosine,1,Enrique Iglesias,Al Despertar,latin,Fanny Lu,Es Por Ti,latin,0.6578551361465541,True
TF-IDF cosine,2,Enrique Iglesias,Al Despertar,latin,Bebe,La Coqueta,latin,0.6544101259840045,True
TF-IDF cosine,1,Enrique Iglesias,Alguien Como Tú,latin,Juan Luis Guerra,Como Yo,latin,0.607412704875065,True
TF-IDF cosine,2,Enrique Iglesias,Alguien Como Tú,latin,Mago de Oz,Desde mi cielo,metal,0.5995042988745183,False
TF-IDF cosine,1,Enrique Iglesias,Inalcanzable,latin,Ekhymosis,Una Flor En El Desierto,latin,0.5829532100580483,True
TF-IDF cosine,2,Enrique Iglesias,Inalcanzable,latin,José José,Cosas Imposibles,latin,0.5821276762865141,True
TF-IDF cosine,1,Enrique Iglesias,Lloro Por Ti,latin,Terranova,De Oro,electronic,0.6869241022781766,False
TF-IDF cosine,2,Enrique Iglesias,Lloro Por Ti,latin,Ricardo Arjona,Amor de Tele,latin,0.6867212848594236,True
TF-IDF cosine,1,Enrique Iglesias,Mamacita,latin,Love Of Lesbian,El ectoplasta,pop,0.6370280155657482,False
TF-IDF cosine,2,Enrique Iglesias,Mamacita,latin,Buena Vista Social Club,Buena Vista Social Club,latin,0.6342197512876276,True
TF-IDF cosine,1,Enrique Iglesias,Miss You,latin,The Dells,I Miss You,r&b/soul,0.36391323525694336,False
TF-IDF cosine,2,Enrique Iglesias,Miss You,latin,Johnny Winter,Miss Ann,blues,0.35033720547282005,False
TF-IDF cosine,1,Enrique Iglesias,Para De Jugar,latin,Pablo Milanés,Te Quiero Porque Te Quiero,latin,0.6026928529157017,True
TF-IDF cosine,2,Enrique Iglesias,Para De Jugar,latin,Luis Miguel,La Media Vuelta,latin,0.5998291718701697,True
TF-IDF cosine,1,Enrique Iglesias,She Be The One,latin,Billy Squier,She's A Runner (24-Bit Digitally Remastered 02),rock,0.3649983035001175,False
TF-IDF cosine,2,Enrique Iglesias,She Be The One,latin,Daft Punk,Touch It / Technologic,electronic,0.3623595611154397,False
TF-IDF cosine,1,Enrique Iglesias,Trapecista,latin,Cabas,Guacamaya,latin,0.6612664327844339,True
TF-IDF cosine,2,Enrique Iglesias,Trapecista,latin,Jennifer Lopez,Amarte Es Todo,latin,0.6182321103674419,True
TF-IDF cosine,1,Enrique Iglesias,Tu Vacio,latin,Cabas,Llega La Noche,latin,0.6827817358016456,True
TF-IDF cosine,2,Enrique Iglesias,Tu Vacio,latin,Gilberto Santa Rosa,Desde Que No Estas,latin,0.6823420432306128,True
TF-IDF cosine,1,Enrique Iglesias,Volveré,latin,Aventura,Obsesion (English Remix_ Album Version),latin,0.6569922372070511,True
TF-IDF cosine,2,Enrique Iglesias,Volveré,latin,Karamelo Santo,Tu Pa Mi,reggae,0.6441376638517082,False
TF-IDF cosine,1,Shakira,Estoy Aquí,latin,Ana Carolina,Rosas,pop,0.7377059163417734,False
TF-IDF cosine,2,Shakira,Estoy Aquí,latin,João Gilberto,Sampa,latin,0.7266937143011744,True
TF-IDF cosine,1,Santana,Life Is Anew,latin,Tony Bennett,Because Of You,jazz,0.3491656802503126,False
TF-IDF cosine,2,Santana,Life Is Anew,latin,Janet Jackson,Because Of Love,r&b/soul,0.31569575969516206,False
TF-IDF cosine,1,Shakira,Donde Estas Corazon,latin,La Oreja de Van Gogh,El 28,pop,0.6621457430135216,False
TF-IDF cosine,2,Shakira,Donde Estas Corazon,latin,Joan Manuel Serrat,Mediterraneo,folk,0.6359535614166062,False
TF-IDF cosine,1,Shakira,Octavo Día,latin,Malu,Agua De Mayo,latin,0.6801457129128257,True
TF-IDF cosine,2,Shakira,Octavo Día,latin,Diego Torres,Como Un Haz De Luna,latin,0.6571378849581352,True
TF-IDF cosine,1,Shakira,Te Necesito,latin,Fanny Lu,Es Por Ti,latin,0.7033654595182292,True
TF-IDF cosine,2,Shakira,Te Necesito,latin,La Oreja de Van Gogh,El 28,pop,0.6758529700819925,False
TF-IDF cosine,1,Santana,Evil Ways,latin,Swans,Can't Find My Way Home,punk,0.3280646875267457,False
TF-IDF cosine,2,Santana,Evil Ways,latin,Stevie Wonder,If You Really Love Me,r&b/soul,0.32013349837804256,False
TF-IDF cosine,1,Pink Martini,Anna (el negro zumbon),latin,Mecano,La Estación,latin,0.37377380447353953,True
TF-IDF cosine,2,Pink Martini,Anna (el negro zumbon),latin,El sueño de Morfeo,Ven,pop,0.37054935649610027,False
TF-IDF cosine,1,Chavela Vargas,Piensa en mi,latin,Diego Torres,Después De Ti,latin,0.5853672521757631,True
TF-IDF cosine,2,Chavela Vargas,Piensa en mi,latin,Malu,No Voy A Cambiar,latin,0.5316012248324076,True
TF-IDF cosine,1,Santana,Esperando,latin,Estopa,Gulere Gulere,latin,0.5044347592419145,True
TF-IDF cosine,2,Santana,Esperando,latin,Tito Rojas,He Chocado Con La Vida,latin,0.464014456583115,True
TF-IDF cosine,1,Beyoncé,Beautiful Liar (Bello Embustero),latin,Violadores del Verso,Cantando,hip hop,0.6141373226798931,False
TF-IDF cosine,2,Beyoncé,Beautiful Liar (Bello Embustero),latin,Grupo Niche,Buenaventura Y Caney,latin,0.5950309300704897,True
TF-IDF cosine,1,Juanes,Rosario Tijeras,latin,Café Quijano,En Algún Rincón,latin,0.6156095776277264,True
TF-IDF cosine,2,Juanes,Rosario Tijeras,latin,Abuela Coca,Se Duerme,reggae,0.6153066080890783,False
TF-IDF cosine,1,Ricardo Arjona,Animal Nocturno,latin,Natalia Oreiro,Rio De La Plata,latin,0.7044632839768111,True
TF-IDF cosine,2,Ricardo Arjona,Animal Nocturno,latin,Silvio Rodríguez,Santiago de Chile,latin,0.697562385480217,True
TF-IDF cosine,1,Camila,Alejate De Mi,latin,Il Divo,Enamorado,classical,0.7107875507710657,False
TF-IDF cosine,2,Camila,Alejate De Mi,latin,Aventura,Enséñame A Olvidar,latin,0.6470741923482868,True
TF-IDF cosine,1,Camila,Entre Tus Alas,latin,Enrique Iglesias,Lloro Por Ti,latin,0.6656133421366833,True
TF-IDF cosine,2,Camila,Entre Tus Alas,latin,Malu,Llanto Lloro,latin,0.6494213925497083,True
TF-IDF cosine,1,Camila,Me Basto,latin,Julieta Venegas,Despedida,latin,0.6012606478596212,True
TF-IDF cosine,2,Camila,Me Basto,latin,Nena Daconte,Pierdo El Tiempo,pop,0.5819665112003407,False
TF-IDF cosine,1,Camila,Va Para Ti,latin,Moenia,Manto Estelar,electronic,0.5802999489086782,False
TF-IDF cosine,2,Camila,Va Para Ti,latin,Pablo Milanés,Te Quiero Porque Te Quiero,latin,0.5788657412155469,True
TF-IDF cosine,1,Reik,Fui,latin,Rey Ruiz,Enamorado,latin,0.6450950388157899,True
TF-IDF cosine,2,Reik,Fui,latin,Shakira,Que Me Quedes Tu,latin,0.6210171953931091,True
TF-IDF cosine,1,Reik,Ilusionado,latin,Tego Calderon,Llévatelo Todo (Album Version),hip hop,0.5660923637469066,False
TF-IDF cosine,2,Reik,Ilusionado,latin,Plastilina Mosh,Enzo,latin,0.564044907338392,True
TF-IDF cosine,1,Reik,Piel De Ciudad,latin,Juanes,Tu Y Yo,latin,0.608666596735188,True
TF-IDF cosine,2,Reik,Piel De Ciudad,latin,Love Of Lesbian,El ectoplasta,pop,0.5838625717078453,False
TF-IDF cosine,1,Reik,Quedate,latin,Malu,No Voy A Cambiar,latin,0.6334815063891601,True
TF-IDF cosine,2,Reik,Quedate,latin,KALIMBA,Se Te Olvido,latin,0.6229438610763682,True
TF-IDF cosine,1,Animal Collective,Brother Sport,latin,Praga Khan,Far Beyond The Sun,electronic,0.3335434323969931,False
TF-IDF cosine,2,Animal Collective,Brother Sport,latin,Depeche Mode,Freestate,electronic,0.31869172821185393,False
TF-IDF cosine,1,Metallica,The Prince,metal,Stoa,I Wish You Could Smile,classical,0.3271254765486023,False
TF-IDF cosine,2,Metallica,The Prince,metal,Stoa,Autumn,classical,0.31240439812272036,False
TF-IDF cosine,1,Avenged Sevenfold,Second Heartbeat,metal,Wolverine,Towards Loss,metal,0.37320690406730805,True
TF-IDF cosine,2,Avenged Sevenfold,Second Heartbeat,metal,Mest,Can't Take This (Album Version),punk,0.3397763094237897,False
TF-IDF cosine,1,Avenged Sevenfold,To End The Rapture,metal,Natalie Cole,Ev'ry Time We Say Goodbye,jazz,0.3189580366336885,False
TF-IDF cosine,2,Avenged Sevenfold,To End The Rapture,metal,Josh Groban,It Came Upon A Midnight Clear (Album Version),classical,0.28581163166305357,False
TF-IDF cosine,1,blessthefall,Witness,metal,Toni Braxton,Breathe Again,r&b/soul,0.328735930585923,False
TF-IDF cosine,2,blessthefall,Witness,metal,Milk Inc.,Breathe Without You,electronic,0.32226887145713873,False
TF-IDF cosine,1,HIM,Heartache Every Moment,metal,Keith Anderson,Lost In This Moment,country,0.3820945757753572,False
TF-IDF cosine,2,HIM,Heartache Every Moment,metal,Josh Groban,When You Say You Love Me (Album Version),classical,0.3172713853942506,False
TF-IDF cosine,1,HIM,Sigillum Diaboli,metal,The Cardigans,Explode,pop,0.34308750464381044,False
TF-IDF cosine,2,HIM,Sigillum Diaboli,metal,Harry Connick_ Jr.,We Are In Love,jazz,0.32995856658807343,False
TF-IDF cosine,1,As I Lay Dying,Refined By Your Embrace,metal,Juice Newton,Lay Back In The Arms Of Someone,country,0.3271515133529804,False
TF-IDF cosine,2,As I Lay Dying,Refined By Your Embrace,metal,Patrizio Buanne,A Man Without Love,pop,0.307948043197538,False
TF-IDF cosine,1,As I Lay Dying,The Innocence Spilled,metal,Hollywood Undead,Pain,hip hop,0.3544637647277559,False
TF-IDF cosine,2,As I Lay Dying,The Innocence Spilled,metal,My Dying Bride,Grace Unhearing,metal,0.3391252081267466,True
TF-IDF cosine,1,August Burns Red,An American Dream,metal,Knapsack,Simple Favor,punk,0.3212195041419097,False
TF-IDF cosine,2,August Burns Red,An American Dream,metal,Good Riddance,Torches and Tragedies,punk,0.28421932406104866,False
TF-IDF cosine,1,Underoath,The Changing Of Times,metal,Enya,Someone Said Goodbye,electronic,0.2952113799268375,False
TF-IDF cosine,2,Underoath,The Changing Of Times,metal,Kelly Price,Don't Say Goodbye,r&b/soul,0.2936033595812697,False
TF-IDF cosine,1,Haste The Day,Autumn,metal,Jupiter Jones,Auf das Leben,folk,0.6588487267524259,False
TF-IDF cosine,2,Haste The Day,Autumn,metal,Ohrbooten,Dschungelpartei,reggae,0.6287589858984454,False
TF-IDF cosine,1,Haste The Day,Chorus Of Angels,metal,Josh Groban,It Came Upon A Midnight Clear (Album Version),classical,0.3100323398642787,False
TF-IDF cosine,2,Haste The Day,Chorus Of Angels,metal,Lemar,Lullaby,r&b/soul,0.30544901608623437,False
TF-IDF cosine,1,Demon Hunter,Follow The Wolves,metal,Cross Canadian Ragweed,17,country,0.37680243779419564,False
TF-IDF cosine,2,Demon Hunter,Follow The Wolves,metal,Amon Amarth,Abandoned,metal,0.3290833905961347,True
TF-IDF cosine,1,Demon Hunter,I Am You,metal,Skinlab,No Sympathy (for The Devil),metal,0.3574488793453273,True
TF-IDF cosine,2,Demon Hunter,I Am You,metal,Flobots,Rise,hip hop,0.3495283964705547,False
TF-IDF cosine,1,Demon Hunter,The Science Of Lies,metal,Beverley Craven,Phoenix From The Fire,folk,0.3108174752756853,False
TF-IDF cosine,2,Demon Hunter,The Science Of Lies,metal,Depeche Mode,Freestate,electronic,0.3087469825104929,False
TF-IDF cosine,1,Ozzy Osbourne,Slow Down,metal,Wolverine,Towards Loss,metal,0.3233351987910358,True
TF-IDF cosine,2,Ozzy Osbourne,Slow Down,metal,Massive Attack,Saturday Come Slow,electronic,0.2963676464540908,False
TF-IDF cosine,1,Ozzy Osbourne,Steal Away (The Night),metal,Julie Roberts,That Ain't A Crime,country,0.3078758364927149,False
TF-IDF cosine,2,Ozzy Osbourne,Steal Away (The Night),metal,Toni Braxton,Snowflakes Of Love,jazz,0.29900722172846433,False
TF-IDF cosine,1,Megadeth,Black Curtains (2004 Digital Remaster),metal,Joan Baez,Black Is The Color,folk,0.36205170063141245,False
TF-IDF cosine,2,Megadeth,Black Curtains (2004 Digital Remaster),metal,Public Image Ltd,Bags,punk,0.3267888346396581,False
TF-IDF cosine,1,Megadeth,Die Dead Enough,metal,Poisonblack,Never Enough,metal,0.3567792661604271,True
TF-IDF cosine,2,Megadeth,Die Dead Enough,metal,Shamen,Lightspan,electronic,0.3205644288783518,False
TF-IDF cosine,1,Drowning Pool,Bodies,metal,Marques Houston,Naked,r&b/soul,0.3160502844539314,False
TF-IDF cosine,2,Drowning Pool,Bodies,metal,Mountain Goats,Have To Explode,rock,0.3108169471237449,False
TF-IDF cosine,1,Cannibal Corpse,Rotting Head,metal,Bauhaus,The Sanity Assassin,punk,0.325502472247339,False
TF-IDF cosine,2,Cannibal Corpse,Rotting Head,metal,Rory Gallagher,Bourbon,blues,0.3030114022972633,False
TF-IDF cosine,1,Slipknot,Gehenna,metal,Jill Scott,Brotha,r&b/soul,0.5087892481630195,False
TF-IDF cosine,2,Slipknot,Gehenna,metal,Blink-182,GO,punk,0.5066150452128548,False
TF-IDF cosine,1,Slipknot,[sic] [Explicit],metal,Twiztid,She Ain't Afraid,hip hop,0.3384281966809594,False
TF-IDF cosine,2,Slipknot,[sic] [Explicit],metal,Eminem,Rabbit Run,hip hop,0.33084055460952555,False
TF-IDF cosine,1,Nine Inch Nails,Gunshots by Computer,metal,Rupaul,Tranny Chaser,pop,0.3377523120387452,False
TF-IDF cosine,2,Nine Inch Nails,Gunshots by Computer,metal,Houston,Twizala,r&b/soul,0.3297317648289529,False
TF-IDF cosine,1,Killswitch Engage,Hope Is... (Album Version),metal,Animal Collective,No More Runnin,electronic,0.3182827193101443,False
TF-IDF cosine,2,Killswitch Engage,Hope Is... (Album Version),metal,Keith Anderson,Lost In This Moment,country,0.3095792714152988,False
TF-IDF cosine,1,Opeth,The Moor,metal,Motion City Soundtrack,Cambridge (Album Version),punk,0.340771045232525,False
TF-IDF cosine,2,Opeth,The Moor,metal,Cinderella Effect,Standing,electronic,0.29993714280626016,False
TF-IDF cosine,1,Atreyu,This Flesh A Tomb (Instrumental Version),metal,Michael Jackson,Baby Be Mine,pop,0.32267810931970026,False
TF-IDF cosine,2,Atreyu,This Flesh A Tomb (Instrumental Version),metal,Enrique Iglesias,Little Girl,pop,0.31934260908347756,False
TF-IDF cosine,1,For Today,A Higher Standard,metal,Ja Rule,One of Us,hip hop,0.31705914276681524,False
TF-IDF cosine,2,For Today,A Higher Standard,metal,Innocence Mission,Migration,folk,0.30931556517799763,False
TF-IDF cosine,1,For Today,Redemption,metal,Biohazard,Domination,metal,0.2950622228917658,True
TF-IDF cosine,2,For Today,Redemption,metal,Marvin Gaye,God Is My Friend,r&b/soul,0.2947492749564852,False
TF-IDF cosine,1,Lamb Of God,We Die Alone (Bonus Track),metal,Sunk Loto,5 Years Of Silence,metal,0.36098212622749065,True
TF-IDF cosine,2,Lamb Of God,We Die Alone (Bonus Track),metal,P.o.d,Rise Against,metal,0.3600149701154307,True
TF-IDF cosine,1,STRATOVARIUS,Elements,metal,Ark,Heal The Waters,metal,0.3104811678605334,True
TF-IDF cosine,2,STRATOVARIUS,Elements,metal,Black Uhuru,Utterance,reggae,0.30020666742099117,False
TF-IDF cosine,1,STRATOVARIUS,Know The Difference,metal,Natalie Cole,Don't Get Around Much Anymore,jazz,0.34489333646637077,False
TF-IDF cosine,2,STRATOVARIUS,Know The Difference,metal,Jill Scott,He Loves Me (Lyzel In E Flat),r&b/soul,0.3315329064185237,False
TF-IDF cosine,1,System of a Down,Peephole,metal,Saliva,Bleed For Me,rock,0.373313102241612,False
TF-IDF cosine,2,System of a Down,Peephole,metal,Marvin Sease,Stuck In The Middle,blues,0.3528544642896407,False
TF-IDF cosine,1,Children Of Bodom,Hellhounds on My Trail,metal,Classified,All About U,hip hop,0.33881018009880154,False
TF-IDF cosine,2,Children Of Bodom,Hellhounds on My Trail,metal,Alexandra Burke,Gotta Go,r&b/soul,0.3309475984128218,False
TF-IDF cosine,1,Children Of Bodom,No Commands,metal,Puressence,It Doesn't Matter Anymore,pop,0.37718416023353823,False
TF-IDF cosine,2,Children Of Bodom,No Commands,metal,Jon Secada,Take Me,pop,0.3387268207065606,False
TF-IDF cosine,1,Tori Amos,Mother (2006 Remastered Alternate Mix),metal,Coheed and Cambria,The Light & The Glass,rock,0.2937202897611261,False
TF-IDF cosine,2,Tori Amos,Mother (2006 Remastered Alternate Mix),metal,Liza Minnelli,All That Jazz,jazz,0.29370480962818396,False
TF-IDF cosine,1,Iron Maiden,Lord Of The Flies (Live In Dortmund),metal,Old Man's Child,Soul Possessed,metal,0.3691415970569101,True
TF-IDF cosine,2,Iron Maiden,Lord Of The Flies (Live In Dortmund),metal,Celtic Woman,May It Be,electronic,0.35231044989486815,False
TF-IDF cosine,1,Iron Maiden,Phantom Of The Opera (Live) (1998 Digital Remaster),metal,Bettye Swann,Don't Look Back,r&b/soul,0.33014215062054886,False
TF-IDF cosine,2,Iron Maiden,Phantom Of The Opera (Live) (1998 Digital Remaster),metal,Onyx,Slam Harder,hip hop,0.32657654297518274,False
TF-IDF cosine,1,Ill Niño,Re-Birth,metal,Sean Lennon,Into The Sun,jazz,0.4170842574571826,False
TF-IDF cosine,2,Ill Niño,Re-Birth,metal,No Use For A Name,Undefeated,punk,0.3669224453377999,False
TF-IDF cosine,1,Kamelot,This Pain,metal,Mansun,Witness To A Murder (Part 2),classical,0.3081426727662671,False
TF-IDF cosine,2,Kamelot,This Pain,metal,Floetry,Blessed 2 Have,r&b/soul,0.27563617547052616,False
TF-IDF cosine,1,Michael Jackson,You Are Not Alone,pop,Girls Aloud,Stay Another Day,pop,0.35853801173222244,True
TF-IDF cosine,2,Michael Jackson,You Are Not Alone,pop,Nivea,So Far,r&b/soul,0.3490263547398051,False
TF-IDF cosine,1,Michael Jackson,Baby Be Mine,pop,OTT,Be My Girl,electronic,0.42722739760020473,False
TF-IDF cosine,2,Michael Jackson,Baby Be Mine,pop,Kelly Clarkson,Anytime,pop,0.3899333887186531,True
TF-IDF cosine,1,Michael Jackson,Man In The Mirror,pop,Tiziano Ferro,Universal Prayer,pop,0.3976972179083154,True
TF-IDF cosine,2,Michael Jackson,Man In The Mirror,pop,Black Eyed Peas,A8,hip hop,0.3911129450535213,False
TF-IDF cosine,1,Michael Jackson,Why You Wanna Trip On Me,pop,Hooverphonic,Everytime We Live Together We Die A Bit More,electronic,0.36902160247479004,False
TF-IDF cosine,2,Michael Jackson,Why You Wanna Trip On Me,pop,Keith Sweat,Give Me What I Want (LP Version),r&b/soul,0.34993549415721353,False
TF-IDF cosine,1,Ke$ha,TiK ToK,pop,Banaroo,Ringa Ding Ding,electronic,0.3709317948022521,False
TF-IDF cosine,2,Ke$ha,TiK ToK,pop,Vanilla Ice,It's A Party,hip hop,0.3551921773243002,False
TF-IDF cosine,1,Maroon 5,Nothing Lasts Forever,pop,Babyface,I Love You Babe,r&b/soul,0.47358245040502,False
TF-IDF cosine,2,Maroon 5,Nothing Lasts Forever,pop,The Jacksons,The Hurt,pop,0.37053606731081506,True
TF-IDF cosine,1,Enrique Iglesias,Roamer,pop,JET,Let Me Out,rock,0.32373048877672145,False
TF-IDF cosine,2,Enrique Iglesias,Roamer,pop,Martina Topley Bird,I Still Feel,electronic,0.31858968791183995,False
TF-IDF cosine,1,Jason Mraz,Live High (Album Version),pop,Boyz II Men,Easy,r&b/soul,0.3691830397530088,False
TF-IDF cosine,2,Jason Mraz,Live High (Album Version),pop,Felt,Penelope Tree,pop,0.35821554384206594,True
TF-IDF cosine,1,Mariah Carey,Did I Do That?,pop,Simply Red,So Not Over You,pop,0.3290830501229229,True
TF-IDF cosine,2,Mariah Carey,Did I Do That?,pop,Clipse,Freedom,hip hop,0.32029201683304986,False
TF-IDF cosine,1,Mariah Carey,I'll Be There,pop,RyanDan,I'll Be There,classical,0.8889923564633931,False
TF-IDF cosine,2,Mariah Carey,I'll Be There,pop,The Brand New Heavies,Worlds Keep Spinning,jazz,0.3656806141696028,False
TF-IDF cosine,1,Natasha Bedingfield,I Think They're Thinking - Interlude,pop,Reel Big Fish,Your Guts (I Hate 'em) (Live),reggae,0.37406099057822473,False
TF-IDF cosine,2,Natasha Bedingfield,I Think They're Thinking - Interlude,pop,Cibelle,Hate,electronic,0.3390351945020721,False
TF-IDF cosine,1,Natasha Bedingfield,Silent Movie,pop,Beverley Craven,Phoenix From The Fire,folk,0.2922322338217689,False
TF-IDF cosine,2,Natasha Bedingfield,Silent Movie,pop,The Jacksons,Enjoy Yourself,r&b/soul,0.2880005822400351,False
TF-IDF cosine,1,Natasha Bedingfield,Stumble,pop,Matt Nathanson,More Than This,folk,0.3631800643306515,False
TF-IDF cosine,2,Natasha Bedingfield,Stumble,pop,Heather Headley,What's Not Being Said,r&b/soul,0.3591260966433739,False
TF-IDF cosine,1,Enrique Iglesias,Heroe,pop,The Hurt Process,Tuesday,punk,0.37854612384148173,False
TF-IDF cosine,2,Enrique Iglesias,Heroe,pop,Blackstreet,Billie Jean,r&b/soul,0.3766000581773986,False
TF-IDF cosine,1,Enrique Iglesias,Little Girl,pop,The Hurt Process,Tuesday,punk,0.36932644599745096,False
TF-IDF cosine,2,Enrique Iglesias,Little Girl,pop,Louise,One Kiss From Heaven,r&b/soul,0.3556681330770264,False
TF-IDF cosine,1,Enrique Iglesias,Ruleta Rusa,pop,Aventura,Obsesion (English Remix_ Album Version),latin,0.6650959595759786,False
TF-IDF cosine,2,Enrique Iglesias,Ruleta Rusa,pop,Aventura,Mi Corazoncito,latin,0.6365589165410266,False
TF-IDF cosine,1,Enrique Iglesias,Contigo,pop,Joan Manuel Serrat,Mediterraneo,folk,0.6527019231775576,False
TF-IDF cosine,2,Enrique Iglesias,Contigo,pop,Diego Torres,Sueños,latin,0.632278920519414,False
TF-IDF cosine,1,Shakira,Años Luz,pop,Bebe,La Coqueta,latin,0.7457744569371051,False
TF-IDF cosine,2,Shakira,Años Luz,pop,Juan Carlos Baglietto,Mirta_ De Regreso,latin,0.6710002956780482,False
TF-IDF cosine,1,Sara Bareilles,Love Song,pop,Joe Henry,I Will Write My Book,rock,0.33749231634188476,False
TF-IDF cosine,2,Sara Bareilles,Love Song,pop,Hazel O'Connor,Calls The Tune,punk,0.3363760962226644,False
TF-IDF cosine,1,Christina Aguilera,Candyman,pop,KMD,Plumskinzz (Loose Hoe_ God & Cupid),hip hop,0.39548020292058494,False
TF-IDF cosine,2,Christina Aguilera,Candyman,pop,Zapp & Roger,Computer Love,r&b/soul,0.3807180389413625,False
TF-IDF cosine,1,Selena Gomez & The Scene,Tell Me Something I Don't Know,pop,Shannon McNally,Miracle Mile,country,0.3201431332597855,False
TF-IDF cosine,2,Selena Gomez & The Scene,Tell Me Something I Don't Know,pop,Brownstone,Kiss And Tell,r&b/soul,0.31600109921931113,False
TF-IDF cosine,1,Kelly Clarkson,Cry,pop,Sia,Lentil (Live),punk,0.33452673724952575,False
TF-IDF cosine,2,Kelly Clarkson,Cry,pop,Fantasia,Bump What Your Friends Say,r&b/soul,0.31653333914070175,False
TF-IDF cosine,1,Céline Dion,Zora sourit,pop,Miss Kittin,3ème Sexe,electronic,0.6138424718730456,False
TF-IDF cosine,2,Céline Dion,Zora sourit,pop,Jacques Dutronc,Laquelle Des Deux Est La Plus Snob,pop,0.5971468192898574,True
TF-IDF cosine,1,Newsboys,Dance,pop,Martin Jondo,Hold You,reggae,0.3334476376868437,False
TF-IDF cosine,2,Newsboys,Dance,pop,Supreme Majesty,Heroes Of Our Land,metal,0.2998292325969883,False
TF-IDF cosine,1,Céline Dion,Partout Je Vois,pop,Amandine Bourgeois,L'Homme De La Situation,pop,0.7129291566994382,True
TF-IDF cosine,2,Céline Dion,Partout Je Vois,pop,Pascal Obispo,Assassine,classical,0.6845246687260885,False
TF-IDF cosine,1,Kelly Clarkson,Anytime,pop,Robin Thicke,Dreamworld,r&b/soul,0.40385380094441614,False
TF-IDF cosine,2,Kelly Clarkson,Anytime,pop,Charlie Wilson,What You Do To Me,r&b/soul,0.4023844196204698,False
TF-IDF cosine,1,Edward Sharpe & The Magnetic Zeros,Simplest Love,pop,Doyle Bramhall II & Smokestack,Green Light Girl,blues,0.35381131547449846,False
TF-IDF cosine,2,Edward Sharpe & The Magnetic Zeros,Simplest Love,pop,Leonard Cohen,Leaving Green Sleeves,folk,0.31990141461623595,False
TF-IDF cosine,1,Colbie Caillat,Midnight Bottle,pop,George Jones,Drive Me To Drink,country,0.35292630962589705,False
TF-IDF cosine,2,Colbie Caillat,Midnight Bottle,pop,The Flying Burrito Brothers,Tonight The Bottle Let Me Down,country,0.34483147596711483,False
TF-IDF cosine,1,Britney Spears,Let Me Be,pop,Aaron Neville,Ain't No Way,r&b/soul,0.335738658704673,False
TF-IDF cosine,2,Britney Spears,Let Me Be,pop,Jonny Lang,Bump In The Road,blues,0.3317603402985762,False
TF-IDF cosine,1,Annie Lennox,Big Sky,pop,Venus Hum,Alice,electronic,0.3247838778775234,False
TF-IDF cosine,2,Annie Lennox,Big Sky,pop,Paul Potts,La Prima Volta (First Time Ever I Saw Your Face),classical,0.2959627991907101,False
TF-IDF cosine,1,Whitney Houston,Thinking About You,pop,Rory Gallagher,Out On The Western Plain,blues,0.4055108134791973,False
TF-IDF cosine,2,Whitney Houston,Thinking About You,pop,T.Rex,London Boys,rock,0.4021316719144081,False
TF-IDF cosine,1,Phil Collins,A Groovy Kind Of Love (Live),pop,RODNEY CROWELL,What Kind Of Love,country,0.35406241878138583,False
TF-IDF cosine,2,Phil Collins,A Groovy Kind Of Love (Live),pop,Barry Manilow,Some Kind Of Friend,jazz,0.3506261760370662,False
TF-IDF cosine,1,Beyoncé,That's Why You're Beautiful,pop,Willard Grant Conspiracy,The Pugilist,folk,0.3984331453593453,False
TF-IDF cosine,2,Beyoncé,That's Why You're Beautiful,pop,Paul Potts,Cavatina,classical,0.3740033789604486,False
TF-IDF cosine,1,Whitney Houston,Step By Step,pop,Johnny Winter,Stone County,blues,0.36880206537762167,False
TF-IDF cosine,2,Whitney Houston,Step By Step,pop,Lykke Li,Little Bit [CSS Remix],electronic,0.36543269266799977,False
TF-IDF cosine,1,Britney Spears,Piece Of Me (Main Version),pop,Recoil,Missing Piece,electronic,0.3765769007415122,False
TF-IDF cosine,2,Britney Spears,Piece Of Me (Main Version),pop,The Falcon,The Angry Cry Of The Angry Pie,punk,0.32868624956884934,False
TF-IDF cosine,1,Britney Spears,Can't Make You Love Me,pop,Mel & Kim,System,pop,0.35732201136127734,True
TF-IDF cosine,2,Britney Spears,Can't Make You Love Me,pop,The Dells,It's All Up To You,r&b/soul,0.3559283099181859,False
TF-IDF cosine,1,Britney Spears,Girl In The Mirror,pop,Modern Lovers,Someone i care about,punk,0.33601592397038516,False
TF-IDF cosine,2,Britney Spears,Girl In The Mirror,pop,Chris Brown,Damage,r&b/soul,0.32581859153874415,False
TF-IDF cosine,1,Britney Spears,Radar,pop,Beastie Boys,So What'Cha Want (Butt Naked Version) (Explicit) (2009 Digital Remaster),hip hop,0.36946582476603085,False
TF-IDF cosine,2,Britney Spears,Radar,pop,The Emotions,I Don't Wanna Lose Your Love,r&b/soul,0.3386865436813599,False
TF-IDF cosine,1,Britney Spears,When Your Eyes Say It,pop,Visage,Whispers,electronic,0.39520678292607375,False
TF-IDF cosine,2,Britney Spears,When Your Eyes Say It,pop,Sharon Jones & The Dap-Kings,Tell Me,r&b/soul,0.3800457311696524,False
TF-IDF cosine,1,Depeche Mode,Precious (Live In Milan),pop,Maxwell,NoOne,r&b/soul,0.3794524781199516,False
TF-IDF cosine,2,Depeche Mode,Precious (Live In Milan),pop,Seventh Day Slumber,Broken Buildings,rock,0.3111987924446036,False
TF-IDF cosine,1,Crystal Castles,Insectica,punk,Hanne Hukkelberg,Displaced,jazz,0.3147151729410483,False
TF-IDF cosine,2,Crystal Castles,Insectica,punk,Diecast,Disrepair,metal,0.31156118974264796,False
TF-IDF cosine,1,Motion City Soundtrack,Cambridge (Album Version),punk,Opeth,The Moor,metal,0.34077104523252494,False
TF-IDF cosine,2,Motion City Soundtrack,Cambridge (Album Version),punk,Beth Orton,Daybreaker (Roots Manuva Remix),folk,0.3185654363948355,False
TF-IDF cosine,1,Motion City Soundtrack,Disappear,punk,Lori McKenna,Swallows Me Whole,folk,0.31275374220154567,False
TF-IDF cosine,2,Motion City Soundtrack,Disappear,punk,Missing Persons,Destination Unknown,pop,0.3092199527691108,False
TF-IDF cosine,1,Motion City Soundtrack,Fell in Love Without You (Cd),punk,Dean Martin,Memories Are Made Of This,jazz,0.30615134610983813,False
TF-IDF cosine,2,Motion City Soundtrack,Fell in Love Without You (Cd),punk,Edith Piaf,Dont Cry,punk,0.3058341100004412,True
TF-IDF cosine,1,Motion City Soundtrack,Point Of Extinction (Cd),punk,Shamen,Lightspan,electronic,0.358287226588662,False
TF-IDF cosine,2,Motion City Soundtrack,Point Of Extinction (Cd),punk,Ziggy Marley And The Melody Makers,We Propose,reggae,0.35182131719577714,False
TF-IDF cosine,1,Motion City Soundtrack,Stand Too Close,punk,Stevie Wonder,Overjoyed,r&b/soul,0.31243392137170756,False
TF-IDF cosine,2,Motion City Soundtrack,Stand Too Close,punk,Binary Star,Indy 500,hip hop,0.2984437872626035,False
TF-IDF cosine,1,Motion City Soundtrack,Worker Bee,punk,Tori Amos,Winter,folk,0.2954615503347619,False
TF-IDF cosine,2,Motion City Soundtrack,Worker Bee,punk,Kim Richey,Good Day Here,country,0.28300631973891976,False
TF-IDF cosine,1,Interpol,Mind Over Time,punk,Nasum,I'm Not Silent,metal,0.3117335655822125,False
TF-IDF cosine,2,Interpol,Mind Over Time,punk,General Surgery,Viva ! blunt force trauma,metal,0.28685318767590595,False
TF-IDF cosine,1,The Clash,I Fought The Law,punk,Fleetwood Mac,I Held My Baby Last Night,blues,0.42807988518825085,False
TF-IDF cosine,2,The Clash,I Fought The Law,punk,Tyrese,All Ghetto Girl,r&b/soul,0.33604510619556377,False
TF-IDF cosine,1,The Clash,The Magnificent Seven,punk,Tom Waits,Christmas Card From A Hooker In Minneapolis,blues,0.3313412634326375,False
TF-IDF cosine,2,The Clash,The Magnificent Seven,punk,Bettye Swann,Willie And Laura Mae Jones,r&b/soul,0.3194883500625002,False
TF-IDF cosine,1,Yellowcard,Believe,punk,Ledisi,Alright,r&b/soul,0.5150208016105109,False
TF-IDF cosine,2,Yellowcard,Believe,punk,Rachelle Ferrell,Welcome To My Love,r&b/soul,0.4627356125285781,False
TF-IDF cosine,1,Yellowcard,Empty Apartment,punk,Bouncing Souls_ The,Don't You (Forget About Me),punk,0.3545985761260982,True
TF-IDF cosine,2,Yellowcard,Empty Apartment,punk,Reckless Kelly,Broken Heart,country,0.33659570286530505,False
TF-IDF cosine,1,Rise Against,But Tonight We Dance,punk,Ultravox,Private Lives,electronic,0.35693334137256005,False
TF-IDF cosine,2,Rise Against,But Tonight We Dance,punk,Silje Nergaard,Dance me love,jazz,0.31973023875472784,False
TF-IDF cosine,1,Rise Against,Faint Resemblance,punk,Heather Headley,Wait A Minute,r&b/soul,0.3245629463107595,False
TF-IDF cosine,2,Rise Against,Faint Resemblance,punk,Dismantled,Fields,electronic,0.32188947235134097,False
TF-IDF cosine,1,Rise Against,Survive,punk,The Von Bondies,Earthquake,rock,0.3014735202682856,False
TF-IDF cosine,2,Rise Against,Survive,punk,Dolly Parton,Highlight Of My Life,country,0.2939451391747562,False
TF-IDF cosine,1,Rise Against,The Dirt Whispered,punk,Thrice,Digital Sea,electronic,0.31132942604125524,False
TF-IDF cosine,2,Rise Against,The Dirt Whispered,punk,Hey Monday,Josey,punk,0.30617697054484794,True
TF-IDF cosine,1,The Offspring,Get It Right (Album Version),punk,Nine Inch Nails,Something I Can Never Have,rock,0.3497786287695695,False
TF-IDF cosine,2,The Offspring,Get It Right (Album Version),punk,Descendents,When I Get Old,punk,0.34277351200980005,True
TF-IDF cosine,1,The Offspring,Want You Bad,punk,Westlife,Bad Girls,pop,0.3578432364717625,False
TF-IDF cosine,2,The Offspring,Want You Bad,punk,Frenzal Rhomb,Ballchef,punk,0.3576891833139155,True
TF-IDF cosine,1,The Offspring,Staring At The Sun,punk,Bis,Punk Rock Points,electronic,0.41352573876362664,False
TF-IDF cosine,2,The Offspring,Staring At The Sun,punk,The Slackers,Close My Eyes,reggae,0.39817097146103175,False
TF-IDF cosine,1,Bad Religion,Operation Rescue,punk,Third World,World Of Uncertainty,reggae,0.36079114457017136,False
TF-IDF cosine,2,Bad Religion,Operation Rescue,punk,Sneaky Sound System,16,pop,0.30531802098952177,False
TF-IDF cosine,1,Silverstein,When Broken Is Easily Fixed (Album Version),punk,Glassjaw,Pretty Lush (Album Version),metal,0.30586159139232355,False
TF-IDF cosine,2,Silverstein,When Broken Is Easily Fixed (Album Version),punk,Nevermore,C.b.f.,metal,0.3004219003722515,False
TF-IDF cosine,1,The Cure,Want,punk,Otis Redding,The Dog ( LP Version),r&b/soul,0.39639138652074374,False
TF-IDF cosine,2,The Cure,Want,punk,The Specials,Do The Dog,reggae,0.38550365684538807,False
TF-IDF cosine,1,Hey Monday,Josey,punk,Dance Hall Crashers,DHC,reggae,0.3282437907308527,False
TF-IDF cosine,2,Hey Monday,Josey,punk,Rise Against,The Dirt Whispered,punk,0.306176970544848,True
TF-IDF cosine,1,The Clash,1-2 Crush On You,punk,Us3,Knowledge Of Self,jazz,0.402219141430444,False
TF-IDF cosine,2,The Clash,1-2 Crush On You,punk,Electric Light Orchestra,Auntie (Ma-Ma-Ma Belle),rock,0.390123382811117,False
TF-IDF cosine,1,The Clash,Brand New Cadillac,punk,Nina Simone,He Ain't Comin' Home No More,classical,0.4308994847144226,False
TF-IDF cosine,2,The Clash,Brand New Cadillac,punk,Junior Senior,C'Mon,electronic,0.30269318991216787,False
TF-IDF cosine,1,The Clash,Cool Confusion,punk,999,Me And My Desire,punk,0.3657723871307386,True
TF-IDF cosine,2,The Clash,Cool Confusion,punk,Jackie Greene,Hollywood,blues,0.35568401011668815,False
TF-IDF cosine,1,The Clash,First Night Back In London,punk,Crash Romeo,Minutes to Miles,punk,0.31569868658207717,True
TF-IDF cosine,2,The Clash,First Night Back In London,punk,Rehab,Chest Pain,hip hop,0.2844539500870851,False
TF-IDF cosine,1,The Clash,Inoculated City,punk,Good Riddance,21 Guns (Good Riddance),punk,0.3170151471041442,True
TF-IDF cosine,2,The Clash,Inoculated City,punk,Bob Dylan,With God On Our Side,folk,0.30418587020183013,False
TF-IDF cosine,1,The Clash,Lost In The Supermarket,punk,VAST,Here's To All The People I Have Lost,rock,0.3200945975621524,False
TF-IDF cosine,2,The Clash,Lost In The Supermarket,punk,Blossom Dearie,Just In Time,jazz,0.29482403277793984,False
TF-IDF cosine,1,The Clash,Overpowered By Funk,punk,Cameo,Funk Funk,r&b/soul,0.5134272613056896,False
TF-IDF cosine,2,The Clash,Overpowered By Funk,punk,The Bar-Kays,Shake Your Rump To The Funk,r&b/soul,0.42869582474767776,False
TF-IDF cosine,1,Bad Religion,Automatic Man (Album Version),punk,Big Bad Voodoo Daddy,Reefer Man,jazz,0.33773217195733324,False
TF-IDF cosine,2,Bad Religion,Automatic Man (Album Version),punk,Suicidal Tendencies,Possessed To Skate,metal,0.3353142092849672,False
TF-IDF cosine,1,Bad Religion,Chimaera (Album Version),punk,Monica,Hurts The Most,r&b/soul,0.311700203329532,False
TF-IDF cosine,2,Bad Religion,Chimaera (Album Version),punk,Sopor Aeternus & The Ensemble Of Shadows,Some Men Are Like Chocolate,classical,0.28786690328445813,False
TF-IDF cosine,1,Bad Religion,Damned to Be Free (Album Version),punk,Tonedeff,Ridiculous,hip hop,0.3041682844132212,False
TF-IDF cosine,2,Bad Religion,Damned to Be Free (Album Version),punk,Skinless,Wicked World,metal,0.28620479145287203,False
TF-IDF cosine,1,Bad Religion,Get Off,punk,Dru Hill,Share My World,r&b/soul,0.3084088947871862,False
TF-IDF cosine,2,Bad Religion,Get Off,punk,OutKast,Mainstream,hip hop,0.3076822382655918,False
TF-IDF cosine,1,Funeral For A Friend,Juneau,punk,The Lucksmiths,Guess How Much I Love You,hip hop,0.28569660872454616,False
TF-IDF cosine,2,Funeral For A Friend,Juneau,punk,Incognito,Stone Cold Heart,r&b/soul,0.27841239353710723,False
TF-IDF cosine,1,Wire,Another The letter,punk,Suicidal Tendencies,Where's The Truth,metal,0.3578033046748097,False
TF-IDF cosine,2,Wire,Another The letter,punk,Elton John,Heart In The Right Place,pop,0.2893396701621511,False
TF-IDF cosine,1,Wire,Strange,punk,ANJA GARBAREK,Something Written,jazz,0.3423330322335168,False
TF-IDF cosine,2,Wire,Strange,punk,Mountain Goats,Have To Explode,rock,0.29526741242232735,False
TF-IDF cosine,1,The Wonder Years,Dude_ What Is a Land Pirate?,punk,Lucie Silvas,Already Gone,pop,0.3271537994611443,False
TF-IDF cosine,2,The Wonder Years,Dude_ What Is a Land Pirate?,punk,Modern Life Is War,Destination: Death or Better Days,metal,0.3193111748525565,False
TF-IDF cosine,1,Dashboard Confessional,Again I Go Unnoticed,punk,The Ponys,Another Wound,rock,0.3248885917964122,False
TF-IDF cosine,2,Dashboard Confessional,Again I Go Unnoticed,punk,Jodeci,I'm Still Waiting,r&b/soul,0.30567251536617485,False
TF-IDF cosine,1,Dashboard Confessional,Carry This Picture,punk,Peter Hammill,Accidents,folk,0.2873527456473281,False
TF-IDF cosine,2,Dashboard Confessional,Carry This Picture,punk,Lyfe Jennings,Stingy,r&b/soul,0.2689805797028809,False
TF-IDF cosine,1,Usher,U R The One,r&b/soul,Prince,Jack U Off (LP Version),r&b/soul,0.47100164285699764,True
TF-IDF cosine,2,Usher,U R The One,r&b/soul,Jewel,Leave The Lights On (Album Version),pop,0.40210055303300396,False
TF-IDF cosine,1,Chris Brown,Ain't No Way (You Won't Love Me),r&b/soul,Toni Braxton,Love Affair,r&b/soul,0.3749410955901268,True
TF-IDF cosine,2,Chris Brown,Ain't No Way (You Won't Love Me),r&b/soul,Sean Kingston,Magical,hip hop,0.37216311629152277,False
TF-IDF cosine,1,Usher,Nice & Slow,r&b/soul,Shai,Waiting For The Day,r&b/soul,0.3968949654512516,True
TF-IDF cosine,2,Usher,Nice & Slow,r&b/soul,Digital Underground,Sex Packets (LP Version),hip hop,0.3967760504789644,False
TF-IDF cosine,1,Usher,Roni,r&b/soul,Leadbelly,Keep Your Hands Off Her,blues,0.3977052352216641,False
TF-IDF cosine,2,Usher,Roni,r&b/soul,The Jeff Healey Band,My Little Girl,blues,0.3418361019063918,False
TF-IDF cosine,1,Chris Brown,Damage,r&b/soul,The Pharcyde,Passin' Me By,hip hop,0.33525221865277244,False
TF-IDF cosine,2,Chris Brown,Damage,r&b/soul,Keith Sweat,Caught Up,r&b/soul,0.3350697440007385,True
TF-IDF cosine,1,Chris Brown,Gotta Be Ur Man,r&b/soul,Bow Wow,Sunshine,hip hop,0.3700798839173145,False
TF-IDF cosine,2,Chris Brown,Gotta Be Ur Man,r&b/soul,Jeff Buckley,Be Your Husband,blues,0.3470743531137193,False
TF-IDF cosine,1,Akon,Birthmark,r&b/soul,Kenny Lattimore,Forgiveness,r&b/soul,0.35162719943980186,True
TF-IDF cosine,2,Akon,Birthmark,r&b/soul,Kenny Wayne Shepherd,Get It Together (Album Version),blues,0.3505844977847037,False
TF-IDF cosine,1,R. Kelly,Don't You Say No,r&b/soul,The Adicts,Disco,punk,0.39235454994622193,False
TF-IDF cosine,2,R. Kelly,Don't You Say No,r&b/soul,Mutya Buena,Not Your Baby,pop,0.389923660541281,False
TF-IDF cosine,1,R. Kelly,Kickin' It With Your Girlfriend,r&b/soul,Lauryn Hill,Interlude 5,r&b/soul,0.37956575112795027,True
TF-IDF cosine,2,R. Kelly,Kickin' It With Your Girlfriend,r&b/soul,Dean Martin,Kiss,jazz,0.36156990650590304,False
TF-IDF cosine,1,R. Kelly,Rise Up,r&b/soul,Flobots,Rise,hip hop,0.4090485726466214,False
TF-IDF cosine,2,R. Kelly,Rise Up,r&b/soul,Dierks Bentley,You Hold Me Together,country,0.36587520006317237,False
TF-IDF cosine,1,Mariah Carey,Joy Ride,r&b/soul,Ledisi,Joy,r&b/soul,0.3288244131536544,True
TF-IDF cosine,2,Mariah Carey,Joy Ride,r&b/soul,Kristine W,Strings,r&b/soul,0.318196944745482,True
TF-IDF cosine,1,Mariah Carey,Sprung,r&b/soul,Fats Domino,I'm Ready,rock,0.601758523742586,False
TF-IDF cosine,2,Mariah Carey,Sprung,r&b/soul,Blink-182,GO,punk,0.5440927610524087,False
TF-IDF cosine,1,Luther Vandross,Never Too Much,r&b/soul,The Selecter,Too Much Pressure,reggae,0.3598451351295014,False
TF-IDF cosine,2,Luther Vandross,Never Too Much,r&b/soul,Eternal,Oh Baby I,r&b/soul,0.3567342123804202,True
TF-IDF cosine,1,R. Kelly,Chocolate Factory,r&b/soul,Prince,Jack U Off (LP Version),r&b/soul,0.4511467832348627,True
TF-IDF cosine,2,R. Kelly,Chocolate Factory,r&b/soul,Long Beach Dub Allstars,It Ain't Easy,reggae,0.4018349891278673,False
TF-IDF cosine,1,R. Kelly,I Mean (I Don't Mean It),r&b/soul,Robert Palmer,I Didn't Mean To Turn You On,rock,0.41028684912976177,False
TF-IDF cosine,2,R. Kelly,I Mean (I Don't Mean It),r&b/soul,Jon B.,Do It All Again,r&b/soul,0.38017233235622944,True
TF-IDF cosine,1,R. Kelly,In The Kitchen,r&b/soul,Black Eyed Peas,Sexy,hip hop,0.36508414239265813,False
TF-IDF cosine,2,R. Kelly,In The Kitchen,r&b/soul,Ohio Players,It's All Over,jazz,0.3392506144532914,False
TF-IDF cosine,1,Alicia Keys,Distance And Time,r&b/soul,Eternal,Oh Baby I,r&b/soul,0.3359006378188236,True
TF-IDF cosine,2,Alicia Keys,Distance And Time,r&b/soul,Burt Bacharach,The Look Of Love,jazz,0.33467816886538465,False
TF-IDF cosine,1,Alicia Keys,Lover Man,r&b/soul,Bo Diddley,You Can't Judge A Book By It's Cover,blues,0.35660441019103556,False
TF-IDF cosine,2,Alicia Keys,Lover Man,r&b/soul,Kurt Elling,Moonlight Serenade,jazz,0.34127428450347663,False
TF-IDF cosine,1,Alicia Keys,Nobody Not Really (Interlude),r&b/soul,Eels,Jeannie's Diary,rock,0.38063254000235003,False
TF-IDF cosine,2,Alicia Keys,Nobody Not Really (Interlude),r&b/soul,Roxy Music,A Really Good Time (1999 Digital Remaster),punk,0.3523018819448431,False
TF-IDF cosine,1,Alicia Keys,Piano & I,r&b/soul,Korn,Lowrider,metal,0.3789991092870976,False
TF-IDF cosine,2,Alicia Keys,Piano & I,r&b/soul,KMD,Plumskinzz (Loose Hoe_ God & Cupid),hip hop,0.3688312476602202,False
TF-IDF cosine,1,Alicia Keys,Tell You Something (Nana's Reprise),r&b/soul,Anastacia,Club Megamix,rock,0.37710131543606995,False
TF-IDF cosine,2,Alicia Keys,Tell You Something (Nana's Reprise),r&b/soul,Chromeo,Destination: Overdrive,electronic,0.36766484939776306,False
TF-IDF cosine,1,Alicia Keys,Try Sleeping With A Broken Heart,r&b/soul,Erin McKeown,Fast As I Can,folk,0.4293132451190699,False
TF-IDF cosine,2,Alicia Keys,Try Sleeping With A Broken Heart,r&b/soul,Kenny Lattimore,Forgiveness,r&b/soul,0.33566782559352193,True
TF-IDF cosine,1,Alicia Keys,Why Do I Feel So Sad,r&b/soul,Good Old War,Tell Me (Acoustic),folk,0.35275443040353915,False
TF-IDF cosine,2,Alicia Keys,Why Do I Feel So Sad,r&b/soul,Cibelle,Hate,electronic,0.34463961536801513,False
TF-IDF cosine,1,Alicia Keys,Lovin U,r&b/soul,Boyz II Men,Easy,r&b/soul,0.4341346534593311,True
TF-IDF cosine,2,Alicia Keys,Lovin U,r&b/soul,RJD2,Work It Out,electronic,0.4064197861879608,False
TF-IDF cosine,1,Jeremih,My Ride,r&b/soul,Kurupt,Who Ride Wit Us,hip hop,0.4671549938674786,False
TF-IDF cosine,2,Jeremih,My Ride,r&b/soul,Ruben Studdard,To Da Crib,r&b/soul,0.3936849326971028,True
TF-IDF cosine,1,Jeremih,Starting All Over,r&b/soul,Shania Twain,I'm Not In The Mood (To Say No)!,country,0.3659891186315041,False
TF-IDF cosine,2,Jeremih,Starting All Over,r&b/soul,KMD,Plumskinzz (Loose Hoe_ God & Cupid),hip hop,0.35745689437927314,False
TF-IDF cosine,1,Duffy,Oh Boy,r&b/soul,Lisa Loeb,Jake,folk,0.3432116916431353,False
TF-IDF cosine,2,Duffy,Oh Boy,r&b/soul,Iggy Pop,Home,rock,0.3403620546821755,False
TF-IDF cosine,1,Jay Sean,Maybe,r&b/soul,Rebelution,Safe and Sound,reggae,0.3101815648363682,False
TF-IDF cosine,2,Jay Sean,Maybe,r&b/soul,K-OS,FlyPaper,hip hop,0.2997822604024765,False
TF-IDF cosine,1,Jay Sean,Stuck In the Middle,r&b/soul,Saint Etienne,Stop & Think It Over,pop,0.3695105278815795,False
TF-IDF cosine,2,Jay Sean,Stuck In the Middle,r&b/soul,David Ball,Loser Friendly,country,0.36671324187884763,False
TF-IDF cosine,1,Fantasia,Bump What Your Friends Say,r&b/soul,Samantha Mumba,Never Meant To Be,r&b/soul,0.3436257293412152,True
TF-IDF cosine,2,Fantasia,Bump What Your Friends Say,r&b/soul,Bette Midler,Friends/Oh My My (LIve),folk,0.3370640538938301,False
TF-IDF cosine,1,Ray Charles,Smack Dab In The Middle,r&b/soul,Pat Travers,Is This Love,reggae,0.3159483169485601,False
TF-IDF cosine,2,Ray Charles,Smack Dab In The Middle,r&b/soul,Ike & Tina Turner,Rock Me Baby,r&b/soul,0.3083068117381085,True
TF-IDF cosine,1,Ray Charles,Don't You Know,r&b/soul,Gregory Isaac,Soon Forward,reggae,0.43964818750929496,False
TF-IDF cosine,2,Ray Charles,Don't You Know,r&b/soul,The Temptations,Ain't Too Proud To Beg,r&b/soul,0.3288506456725136,True
TF-IDF cosine,1,Chrisette Michele,All I Ever Think About,r&b/soul,Usher,Nice & Slow,r&b/soul,0.37980143836002306,True
TF-IDF cosine,2,Chrisette Michele,All I Ever Think About,r&b/soul,N-Dubz,Sex,hip hop,0.3435082518912879,False
TF-IDF cosine,1,Jackson 5,(You Were Made) Especially For Me,r&b/soul,Irma Thomas,Anyone Who Knows What Love Is (Will Understand),r&b/soul,0.4281212897783685,True
TF-IDF cosine,2,Jackson 5,(You Were Made) Especially For Me,r&b/soul,The Puppini Sisters,Don't Sit Under The Apple Tree,jazz,0.4209489384911443,False
TF-IDF cosine,1,Jackson 5,I Was Made To Love Her,r&b/soul,Busted,Build Me Up Buttercup,pop,0.36866660392069595,False
TF-IDF cosine,2,Jackson 5,I Was Made To Love Her,r&b/soul,Hayseed Dixie,Black Dog,country,0.3679977460935262,False
TF-IDF cosine,1,Jackson 5,Bridge Over Troubled Water,r&b/soul,Mississippi Fred McDowell,When I Lay My Burden Down,blues,0.4659248481216732,False
TF-IDF cosine,2,Jackson 5,Bridge Over Troubled Water,r&b/soul,Johnny Winter,Lay Down Your Sorrows,blues,0.3448308400581349,False
TF-IDF cosine,1,Jackson 5,Goin' Back To Indiana,r&b/soul,Avant,Heaven,r&b/soul,0.37862259214696437,True
TF-IDF cosine,2,Jackson 5,Goin' Back To Indiana,r&b/soul,Us3,I Got It Goin' On,jazz,0.35270228919396907,False
TF-IDF cosine,1,Jackson 5,Lookin' Through The Windows,r&b/soul,Houston,Twizala,r&b/soul,0.35769127166380515,True
TF-IDF cosine,2,Jackson 5,Lookin' Through The Windows,r&b/soul,Waldeck,Morning Light,reggae,0.3373578996234495,False
TF-IDF cosine,1,Jackson 5,You've Changed,r&b/soul,Luther Vandross,Here And Now,r&b/soul,0.3616247379099295,True
TF-IDF cosine,2,Jackson 5,You've Changed,r&b/soul,Moby,Yeah,electronic,0.35131943002749594,False
TF-IDF cosine,1,Jazmine Sullivan,Switch!,r&b/soul,Nickel Creek,Best Of Luck,country,0.3572213122160021,False
TF-IDF cosine,2,Jazmine Sullivan,Switch!,r&b/soul,Wisdom In Chains,I Don't Care,metal,0.3540194042267176,False
TF-IDF cosine,1,The Police,One World (Not Three),reggae,Shamen,Lightspan,electronic,0.3421723349905221,False
TF-IDF cosine,2,The Police,One World (Not Three),reggae,Tracie Spencer,Imagine,r&b/soul,0.28931380557331776,False
TF-IDF cosine,1,Matisyahu,Close My Eyes,reggae,Beastie Boys,B-Boy Bouillabaisse: A.W.O.L. (2009 Digital Remaster),hip hop,0.43052917223030324,False
TF-IDF cosine,2,Matisyahu,Close My Eyes,reggae,The Cat Empire,Days Like These,reggae,0.3969411931313875,True
TF-IDF cosine,1,Matisyahu,Exaltation,reggae,Enigma,Prism Of Life,electronic,0.36635024154259943,False
TF-IDF cosine,2,Matisyahu,Exaltation,reggae,Paul Potts,O Holy Night,classical,0.3636259220977476,False
TF-IDF cosine,1,Matisyahu,Fire and Heights,reggae,Dominici,So Help Me God,electronic,0.38216454627973423,False
TF-IDF cosine,2,Matisyahu,Fire and Heights,reggae,Common,Book Of Life,hip hop,0.3752433931187267,False
TF-IDF cosine,1,Matisyahu,Jerusalem,reggae,Black Eyed Peas,One Tribe,hip hop,0.35622368969099705,False
TF-IDF cosine,2,Matisyahu,Jerusalem,reggae,Matthew Ryan,Autopilot,folk,0.34539969455922404,False
TF-IDF cosine,1,Matisyahu,Warrior,reggae,Lauryn Hill,Adam Lives In Theory,r&b/soul,0.29253573425594626,False
TF-IDF cosine,2,Matisyahu,Warrior,reggae,Beastie Boys,B-Boy Bouillabaisse: A.W.O.L. (2009 Digital Remaster),hip hop,0.28694251370839763,False
TF-IDF cosine,1,Sublime,Don't Push,reggae,Beastie Boys,B-Boy Bouillabaisse: A.W.O.L. (2009 Digital Remaster),hip hop,0.40318140228702015,False
TF-IDF cosine,2,Sublime,Don't Push,reggae,Biz Markie,Make the Music With Your Mouth_ Biz,hip hop,0.38028007270007214,False
TF-IDF cosine,1,Sublime,Pawn Shop,reggae,Ginuwine,Do You Remember,r&b/soul,0.3654132576017053,False
TF-IDF cosine,2,Sublime,Pawn Shop,reggae,Jimmy Barnes,Stone Cold,r&b/soul,0.32160342226711636,False
TF-IDF cosine,1,Michael Franti & Spearhead,See you in the Light,reggae,Technicolour,At The Spot,r&b/soul,0.4038859544144903,False
TF-IDF cosine,2,Michael Franti & Spearhead,See you in the Light,reggae,Lisa Stansfield,You Know How to Love Me,r&b/soul,0.376084480001303,False
TF-IDF cosine,1,Michael Franti & Spearhead,Sweet Little Lies,reggae,Suicidal Tendencies,Where's The Truth,metal,0.3308761640244326,False
TF-IDF cosine,2,Michael Franti & Spearhead,Sweet Little Lies,reggae,Berlin,Masquerade,pop,0.31630048059522914,False
TF-IDF cosine,1,McFly,The Way You Make Me Feel,reggae,Charlie Wilson,What You Do To Me,r&b/soul,0.3378210690399688,False
TF-IDF cosine,2,McFly,The Way You Make Me Feel,reggae,Young Jeezy,By The Way,hip hop,0.33026485756559454,False
TF-IDF cosine,1,Daddy Yankee,Grito Mundial,reggae,Thievery Corporation,Exilio,latin,0.5879265904436154,False
TF-IDF cosine,2,Daddy Yankee,Grito Mundial,reggae,El sueño de Morfeo,Ven,pop,0.5787407149741132,False
TF-IDF cosine,1,tobyMac,Get This Party Started: Ghost Remix,reggae,Black Box,Everybody Everybody,electronic,0.3698695283579806,False
TF-IDF cosine,2,tobyMac,Get This Party Started: Ghost Remix,reggae,The Planet Smashers,Life Of The Party,reggae,0.3218849420283478,True
TF-IDF cosine,1,Bob Marley & The Wailers,Africa Unite,reggae,Jah Cure,Sticky,reggae,0.375179029681395,True
TF-IDF cosine,2,Bob Marley & The Wailers,Africa Unite,reggae,Pedro The Lion,Progress,rock,0.3360891677520376,False
TF-IDF cosine,1,Bob Marley & The Wailers,Could You Be Loved,reggae,Missing Persons,Destination Unknown,pop,0.3330219351516506,False
TF-IDF cosine,2,Bob Marley & The Wailers,Could You Be Loved,reggae,João Gilberto,You Do Something To Me,latin,0.3323635602176291,False
TF-IDF cosine,1,Bob Marley,No Water,reggae,Duran Duran,All Along The Water,pop,0.31019944369671565,False
TF-IDF cosine,2,Bob Marley,No Water,reggae,Gabriella Cilmi,Don't Wanna Go To Bed Now,jazz,0.3099104181220975,False
TF-IDF cosine,1,Bob Marley & The Wailers,One Love / People Get Ready,reggae,Yellowcard,Believe,punk,0.39418477992671347,False
TF-IDF cosine,2,Bob Marley & The Wailers,One Love / People Get Ready,reggae,Anouk,Alright,rock,0.3522070584096982,False
TF-IDF cosine,1,Bob Marley,Try Me,reggae,Twenty 4 Seven,Take Me Away,electronic,0.3282600950330591,False
TF-IDF cosine,2,Bob Marley,Try Me,reggae,Trisha Yearwood,Try Me Again,country,0.3162854872069006,False
TF-IDF cosine,1,Bob Marley & The Wailers,Baby We've Got A Date (Rock It Baby),reggae,Ashanti,Rock Wit U (Awww Baby),r&b/soul,0.42113011343706463,False
TF-IDF cosine,2,Bob Marley & The Wailers,Baby We've Got A Date (Rock It Baby),reggae,The Prodigy,We Gonna Rock,electronic,0.4111453276389807,False
TF-IDF cosine,1,Bob Marley & The Wailers,Johnny Was,reggae,Janie Fricke,She's Single Again,country,0.3818882739160467,False
TF-IDF cosine,2,Bob Marley & The Wailers,Johnny Was,reggae,Etta James,W.O.M.A.N.,blues,0.3542420019472972,False
TF-IDF cosine,1,Bob Marley,Riding High,reggae,Kid Sister,Get Fresh,hip hop,0.34579501039819543,False
TF-IDF cosine,2,Bob Marley,Riding High,reggae,The Roots,Quills,hip hop,0.295513507889448,False
TF-IDF cosine,1,Bob Marley,Soul Shakedown,reggae,Banaroo,Ringa Ding Ding,electronic,0.41081693238642647,False
TF-IDF cosine,2,Bob Marley,Soul Shakedown,reggae,Doris Day,(Why Did I Tell You I Was Going To) Shanghai,jazz,0.39082045099394025,False
TF-IDF cosine,1,Bob Marley & The Wailers,Trenchtown Rock,reggae,Steel Pulse,Sound Check,reggae,0.4038489305633368,True
TF-IDF cosine,2,Bob Marley & The Wailers,Trenchtown Rock,reggae,Sammy Hagar,Turn Up The Music,rock,0.4035438065265971,False
TF-IDF cosine,1,Massive Attack,Eternal Feedback (Sly),reggae,Dead Kennedys,Your Emotions,punk,0.33220962388631964,False
TF-IDF cosine,2,Massive Attack,Eternal Feedback (Sly),reggae,Billy Dean,Down To Your Last One More,country,0.2881603621703784,False
TF-IDF cosine,1,Bob Marley & The Wailers,Black Progress,reggae,Steel Pulse,Handsworth Revolution,reggae,0.4029364782488059,True
TF-IDF cosine,2,Bob Marley & The Wailers,Black Progress,reggae,Public Enemy,Fight The Power,hip hop,0.3764126612563824,False
TF-IDF cosine,1,Bob Marley & The Wailers,Reggae On Broadway,reggae,Keith Sweat,Give Me What I Want (LP Version),r&b/soul,0.39221600716803096,False
TF-IDF cosine,2,Bob Marley & The Wailers,Reggae On Broadway,reggae,Corona,Baby I Need Your Love,electronic,0.37567331660444575,False
TF-IDF cosine,1,Bob Marley,Rebels Hop,reggae,Buck-O-Nine,Silence,reggae,0.29737428186643305,True
TF-IDF cosine,2,Bob Marley,Rebels Hop,reggae,Vonda Shepard,Sweet Inspiration,pop,0.2962609435280053,False
TF-IDF cosine,1,Bob Marley,Stop The Train,reggae,Pete Droge,Northern Bound Train,folk,0.3529736780045486,False
TF-IDF cosine,2,Bob Marley,Stop The Train,reggae,J.J. Cale,Ridin Home,blues,0.33140632010307824,False
TF-IDF cosine,1,Bob Marley & The Wailers,This Train,reggae,J.J. Cale,Ridin Home,blues,0.42136681416990723,False
TF-IDF cosine,2,Bob Marley & The Wailers,This Train,reggae,Gerry Rafferty,City To City,folk,0.3972889854386289,False
TF-IDF cosine,1,N-Dubz,Defeat You,reggae,Young Jeezy,Still On It,hip hop,0.39015241382041,False
TF-IDF cosine,2,N-Dubz,Defeat You,reggae,Tanya Stephens,Saturday Morning,reggae,0.38985148641810796,True
TF-IDF cosine,1,N-Dubz,Don't Get Nine,reggae,Esmée Denters,Getting Over You,r&b/soul,0.37441843970668137,False
TF-IDF cosine,2,N-Dubz,Don't Get Nine,reggae,Gang Starr,The Illest Brother,hip hop,0.35936387596721575,False
TF-IDF cosine,1,N-Dubz,Feva Las Vegas,reggae,Oxide And Neutrino,N Digga Dee,hip hop,0.3721697703426553,False
TF-IDF cosine,2,N-Dubz,Feva Las Vegas,reggae,Young Jeezy,Still On It,hip hop,0.36256329866783427,False
TF-IDF cosine,1,N-Dubz,Secrets,reggae,Lauryn Hill,Interlude 5,r&b/soul,0.35119436154451195,False
TF-IDF cosine,2,N-Dubz,Secrets,reggae,Faithless,The Man In You,electronic,0.35113785145002807,False
TF-IDF cosine,1,N-Dubz,Work Work,reggae,Vanilla Ice,Ice Is Workin' It,hip hop,0.37708325050362307,False
TF-IDF cosine,2,N-Dubz,Work Work,reggae,The Pharcyde,Passin' Me By,hip hop,0.35187167904061856,False
TF-IDF cosine,1,Dropkick Murphys,Good Rats (Live),reggae,Bellamy Brothers,Old Hippie,country,0.33864243276531375,False
TF-IDF cosine,2,Dropkick Murphys,Good Rats (Live),reggae,Tony Joe White,Roosevelt And Ira Lee,blues,0.33453118257541814,False
TF-IDF cosine,1,Tito El Bambino,Sol_ Playa Y Arena,reggae,Panteón Rococó,La Carencia,reggae,0.6944424179063705,True
TF-IDF cosine,2,Tito El Bambino,Sol_ Playa Y Arena,reggae,Ricardo Arjona,Ayudame Freud,latin,0.6926906419026801,False
TF-IDF cosine,1,UB40,I Don't Want To See You Cry,reggae,Lionel Richie,Just For You,r&b/soul,0.37698865399693876,False
TF-IDF cosine,2,UB40,I Don't Want To See You Cry,reggae,Miami Sound Machine,Words Get In The Way,pop,0.36943077757185455,False
TF-IDF cosine,1,UB40,Come Back Darling,reggae,Percy Sledge,My Special Prayer,r&b/soul,0.41675382079356826,False
TF-IDF cosine,2,UB40,Come Back Darling,reggae,Etta James,My Dearest Darling,blues,0.4076260866728642,False
TF-IDF cosine,1,UB40,Here I Am (Come And Take Me),reggae,R. Kelly,Hump Bounce,blues,0.3313970699904889,False
TF-IDF cosine,2,UB40,Here I Am (Come And Take Me),reggae,Dr Feelgood,You Shouldn't Call The Doctor (If You Can't Afford The Bills),rock,0.3263468247254336,False
TF-IDF cosine,1,UB40,Light My Fire,reggae,Bic Runga,Say After Me,pop,0.39843622535198653,False
TF-IDF cosine,2,UB40,Light My Fire,reggae,Peter Tosh,Buk-In-Hamm Palace (2002 Digital Remaster),reggae,0.349443518783483,True
TF-IDF cosine,1,Coldplay,Til Kingdom Come,rock,Suicidal Tendencies,Which Way To Free?,rock,0.34845278729962326,True
TF-IDF cosine,2,Coldplay,Til Kingdom Come,rock,Al Jarreau,Look What You've Done For Me,r&b/soul,0.3350577531255036,False
TF-IDF cosine,1,Bruce Springsteen,Brothers Under The Bridges ('83),rock,Snoop Dogg,Snoopafella (Edited),hip hop,0.35117143462214406,False
TF-IDF cosine,2,Bruce Springsteen,Brothers Under The Bridges ('83),rock,Dave Alvin,Ashgrove,rock,0.3253746046175679,True
TF-IDF cosine,1,Bruce Springsteen,The Big Payback,rock,The Brian Setzer Orchestra,Nosey Joe,jazz,0.3510737631613514,False
TF-IDF cosine,2,Bruce Springsteen,The Big Payback,rock,The Replacements,God Damn Job,punk,0.3074314118978006,False
TF-IDF cosine,1,Bruce Springsteen,The Ties That Bind,rock,Willie Dixon,That's My Baby,blues,0.3502561814223952,False
TF-IDF cosine,2,Bruce Springsteen,The Ties That Bind,rock,David Bisbal,Cry For Me,latin,0.32143360307228497,False
TF-IDF cosine,1,The Killers,Sam's Town,rock,Beastie Boys,B-Boy Bouillabaisse: A.W.O.L. (2009 Digital Remaster),hip hop,0.36709339286069853,False
TF-IDF cosine,2,The Killers,Sam's Town,rock,Joss Stone,You Had Me (Live),r&b/soul,0.33016742719862824,False
TF-IDF cosine,1,Muse,Pink Ego Box,rock,Vangelis,Albedo 0.39,electronic,0.29447738350061825,False
TF-IDF cosine,2,Muse,Pink Ego Box,rock,Jon B.,Inside,r&b/soul,0.2668552175775101,False
TF-IDF cosine,1,OneRepublic,Secrets,rock,Harry Connick_ Jr.,I'm Gonna Be The First One,jazz,0.31373785516137764,False
TF-IDF cosine,2,OneRepublic,Secrets,rock,Soft Cell,Secret Life,electronic,0.304295401013469,False
TF-IDF cosine,1,Bon Jovi,Come Back,rock,Ginuwine,Only When ur Lonely,r&b/soul,0.3703291869629825,False
TF-IDF cosine,2,Bon Jovi,Come Back,rock,Slim Harpo,One More Day,blues,0.3687422606021651,False
TF-IDF cosine,1,The Rolling Stones,Time Is On My Side,rock,Kelly Clarkson,Anytime,pop,0.3710027060439447,False
TF-IDF cosine,2,The Rolling Stones,Time Is On My Side,rock,K-Ci & JoJo,Baby Come Back,blues,0.34690990926691856,False
TF-IDF cosine,1,The Rolling Stones,Fight (1994 Digital Remaster),rock,Public Enemy,Fight The Power,hip hop,0.34429651111524195,False
TF-IDF cosine,2,The Rolling Stones,Fight (1994 Digital Remaster),rock,Adequate Seven,Protest Beat,reggae,0.309820977217864,False
TF-IDF cosine,1,Bon Jovi,This Ain't A Love Song,rock,Common,I Want You,hip hop,0.34690591175314717,False
TF-IDF cosine,2,Bon Jovi,This Ain't A Love Song,rock,K-Ci & JoJo,Fee Fie Foe Fum,blues,0.327380563149161,False
TF-IDF cosine,1,Bon Jovi,Superman Tonight,rock,Edge Of Dawn,Beauty Lies Within,electronic,0.35695410967711794,False
TF-IDF cosine,2,Bon Jovi,Superman Tonight,rock,Bebo Norman,Other Side of Day,rock,0.3208432283231859,True
TF-IDF cosine,1,Guns N' Roses,Bad Obsession,rock,Empty Trash,Last Man In The Bar,rock,0.35262121318168776,True
TF-IDF cosine,2,Guns N' Roses,Bad Obsession,rock,Joss Stone,Killing Time,r&b/soul,0.3413954463335779,False
TF-IDF cosine,1,Elvis Presley,Anything That's Part Of You,rock,Ladyhawke,Love Don't Live Here,electronic,0.3067375770714574,False
TF-IDF cosine,2,Elvis Presley,Anything That's Part Of You,rock,City And Colour,Love Don't Live Here Anymore,folk,0.2958728403748722,False
TF-IDF cosine,1,Flyleaf,So I Thought,rock,Bayside,Don't Call Me Peanut,folk,0.30510264553929917,False
TF-IDF cosine,2,Flyleaf,So I Thought,rock,Tristan Prettyman,Song For The Rich,folk,0.30492043236405975,False
TF-IDF cosine,1,The Smashing Pumpkins,You're All I've Got Tonight,rock,Lloyd Cole,I Didn't Know That You Cared,electronic,0.4107273316309011,False
TF-IDF cosine,2,The Smashing Pumpkins,You're All I've Got Tonight,rock,Modern Lovers,Someone i care about,punk,0.38412065716284727,False
TF-IDF cosine,1,Snow Patrol,Signal Fire,rock,Willie Nelson,There You Are,country,0.34158649999554946,False
TF-IDF cosine,2,Snow Patrol,Signal Fire,rock,Cracker,Forever,rock,0.3293320296641812,True
TF-IDF cosine,1,Snow Patrol,The Lightning Strike,rock,The Flatliners,This Respirator,reggae,0.3762801589889657,False
TF-IDF cosine,2,Snow Patrol,The Lightning Strike,rock,The Flatliners,Mastering The World's Smallest Violin,punk,0.3245185941547025,False
TF-IDF cosine,1,Nirvana,Dumb,rock,Neil Sedaka,That's When The Music Takes Me,pop,0.34902580601532546,False
TF-IDF cosine,2,Nirvana,Dumb,rock,Toni Braxton,Snowflakes Of Love,jazz,0.33112767084481226,False
TF-IDF cosine,1,Nirvana,Something In The Way,rock,Rory Gallagher,Out On The Western Plain,blues,0.42894922491518034,False
TF-IDF cosine,2,Nirvana,Something In The Way,rock,Reel Big Fish,I'm Cool,reggae,0.42753047382327297,False
TF-IDF cosine,1,Switchfoot,Oh! Gravity.,rock,Bachman-Turner Overdrive,Can We All Come Together,rock,0.2993210323684099,True
TF-IDF cosine,2,Switchfoot,Oh! Gravity.,rock,Ray Davies,Next Door Neighbour,hip hop,0.2976949243976111,False
TF-IDF cosine,1,The White Stripes,Hotel Yorba,rock,Biz Markie,Albee Square Mall,hip hop,0.32582054583107267,False
TF-IDF cosine,2,The White Stripes,Hotel Yorba,rock,Lauryn Hill,Interlude 5,r&b/soul,0.3244821528173969,False
TF-IDF cosine,1,The White Stripes,Prickly Thorn_ But Sweetly Worn (Live),rock,Cirque du Soleil,Aureus,classical,0.3102906675389302,False
TF-IDF cosine,2,The White Stripes,Prickly Thorn_ But Sweetly Worn (Live),rock,Brooks & Dunn,You're My Angel,country,0.2649470575356275,False
TF-IDF cosine,1,The White Stripes,St. Andrew (This Battle Is In The Air),rock,All-4-One,When I Needed an Angel,blues,0.3500052399973629,False
TF-IDF cosine,2,The White Stripes,St. Andrew (This Battle Is In The Air),rock,Andrew Lloyd Webber,Wandering Child,classical,0.3249942827587003,False
TF-IDF cosine,1,The Decemberists,I Was Meant For the Stage,rock,Alphaville,20th Century,pop,0.3269064747067622,False
TF-IDF cosine,2,The Decemberists,I Was Meant For the Stage,rock,The Beautiful Mistake,Stavesail,punk,0.3127526474531876,False
TF-IDF cosine,1,Cake,Alpha Beta Parking Lot,rock,Disco,Enemmän,pop,0.2899222336297087,False
TF-IDF cosine,2,Cake,Alpha Beta Parking Lot,rock,The Black Keys,When The Lights Go Out,blues,0.28710156381688884,False
TF-IDF cosine,1,The Smashing Pumpkins,An Ode To No One,rock,Iggy Pop,Sixteen,punk,0.3407964155459448,False
TF-IDF cosine,2,The Smashing Pumpkins,An Ode To No One,rock,Bon Jovi,Come Back,rock,0.3374242766942529,True
TF-IDF cosine,1,The Fray,Over My Head (Cable Car),rock,N-Dubz,Sex,hip hop,0.32514909593966324,False
TF-IDF cosine,2,The Fray,Over My Head (Cable Car),rock,Thursday,Beyond The Visible Spectrum,punk,0.31993276805138265,False
TF-IDF cosine,1,Interpol,No I In Threesome,rock,Billie Piper,Day And Night,pop,0.33586684608589795,False
TF-IDF cosine,2,Interpol,No I In Threesome,rock,Bob Marley & The Wailers,Baby We've Got A Date (Rock It Baby),reggae,0.3355565757920393,False
TF-IDF cosine,1,Interpol,Pace Is The Trick,rock,Junkie XL,Today,electronic,0.3295784382183358,False
TF-IDF cosine,2,Interpol,Pace Is The Trick,rock,Collie Buddz,Mamacita,reggae,0.3198544655362284,False
TF-IDF cosine,1,Pink Floyd,Embryo,rock,Puppetmastaz,Re-Evolute,hip hop,0.2667678376851667,False
TF-IDF cosine,2,Pink Floyd,Embryo,rock,General Surgery,Viva ! blunt force trauma,metal,0.25591406820240503,False
TF-IDF cosine,1,Buckcherry,Borderline,rock,Rory Gallagher,Out On The Western Plain,blues,0.46515414541999806,False
TF-IDF cosine,2,Buckcherry,Borderline,rock,T.Rex,London Boys,rock,0.4546274756807271,True
TF-IDF cosine,1,Nine Inch Nails,March Of The Pigs,rock,Bad Boys Blue,Do What You Do,pop,0.32753588338044914,False
TF-IDF cosine,2,Nine Inch Nails,March Of The Pigs,rock,Korn,Let's Do This Now,metal,0.325615462177827,False
TF-IDF cosine,1,Nine Inch Nails,Burn,rock,Shadows Fall,A Fire In Babylon,metal,0.3466081684129035,False
TF-IDF cosine,2,Nine Inch Nails,Burn,rock,Ladyhawke,Crazy World,electronic,0.33680073039527303,False
TF-IDF cosine,1,Nine Inch Nails,Something I Can Never Have,rock,The Offspring,Get It Right (Album Version),punk,0.3497786287695695,False
TF-IDF cosine,2,Nine Inch Nails,Something I Can Never Have,rock,Alexandra Burke,Overcome,r&b/soul,0.3444831792545253,False
TF-IDF cosine,1,Eagles,It's Your World Now,rock,Sia,Lentil (Live),punk,0.33851567562030105,False
TF-IDF cosine,2,Eagles,It's Your World Now,rock,Nightwish,Beauty And The Beast,metal,0.3156802658110082,False
TF-IDF cosine,1,Bob Dylan,Something There Is About You,rock,Kero One,My Story,jazz,0.29575181554392166,False
TF-IDF cosine,2,Bob Dylan,Something There Is About You,rock,Blues Traveler,Hook,blues,0.28330288522469327,False
TF-IDF cosine,1,Hawk Nelson,From Underneath,rock,Gil Scott-Heron,Me And The Devil,blues,0.3218841017478989,False
TF-IDF cosine,2,Hawk Nelson,From Underneath,rock,Buck-O-Nine,New Generation,reggae,0.31632612315311903,False
TF-IDF cosine,1,Hawk Nelson,Turn It On,rock,Travis,Turn,pop,0.32639157106792405,False
TF-IDF cosine,2,Hawk Nelson,Turn It On,rock,Alicia Keys,Tell You Something (Nana's Reprise),r&b/soul,0.3108313792447694,False
TF-IDF cosine,1,Hawk Nelson,Something On My Mind,rock,Ferry Corsten,On My Mind,electronic,0.35668843048060195,False
TF-IDF cosine,2,Hawk Nelson,Something On My Mind,rock,Bad Cash Quartet,Valentine,rock,0.3519111176959091,True
